recording,window,slot,channel,animal,genotype
32__0,2674,Ch A,LMot,32,WT
32__0,2674,Ch B,RVis,32,WT
32__0,2674,Ch C,RBar,32,WT
32__0,2674,Ch D,LVis,32,WT
32__0,2674,Ch E,RHip,32,WT
32__0,2674,Ch F,RMot,32,WT
32__0,2674,Ch G,LHip,32,WT
32__0,2674,Ch H,LBar,32,WT
32__0,3110,Ch A,RVis,32,WT
32__0,3110,Ch B,LMot,32,WT
32__0,3110,Ch C,LBar,32,WT
32__0,3110,Ch D,LVis,32,WT
32__0,3110,Ch E,RMot,32,WT
32__0,3110,Ch F,RBar,32,WT
32__0,3110,Ch G,RHip,32,WT
32__0,3110,Ch H,LHip,32,WT
32__0,3199,Ch A,RBar,32,WT
32__0,3199,Ch B,LMot,32,WT
32__0,3199,Ch C,LBar,32,WT
32__0,3199,Ch D,RHip,32,WT
32__0,3199,Ch E,RMot,32,WT
32__0,3199,Ch F,RVis,32,WT
32__0,3199,Ch G,LVis,32,WT
32__0,3199,Ch H,LHip,32,WT
32__0,5152,Ch A,RHip,32,WT
32__0,5152,Ch B,LBar,32,WT
32__0,5152,Ch C,LMot,32,WT
32__0,5152,Ch D,RVis,32,WT
32__0,5152,Ch E,LVis,32,WT
32__0,5152,Ch F,RBar,32,WT
32__0,5152,Ch G,RMot,32,WT
32__0,5152,Ch H,LHip,32,WT
32__0,5452,Ch A,LHip,32,WT
32__0,5452,Ch B,RBar,32,WT
32__0,5452,Ch C,RHip,32,WT
32__0,5452,Ch D,LMot,32,WT
32__0,5452,Ch E,LVis,32,WT
32__0,5452,Ch F,RVis,32,WT
32__0,5452,Ch G,LBar,32,WT
32__0,5452,Ch H,RMot,32,WT
32__0,5701,Ch A,RMot,32,WT
32__0,5701,Ch B,LVis,32,WT
32__0,5701,Ch C,LHip,32,WT
32__0,5701,Ch D,LMot,32,WT
32__0,5701,Ch E,RHip,32,WT
32__0,5701,Ch F,RBar,32,WT
32__0,5701,Ch G,RVis,32,WT
32__0,5701,Ch H,LBar,32,WT
32__0,5982,Ch A,RBar,32,WT
32__0,5982,Ch B,RVis,32,WT
32__0,5982,Ch C,LVis,32,WT
32__0,5982,Ch D,RHip,32,WT
32__0,5982,Ch E,LHip,32,WT
32__0,5982,Ch F,LBar,32,WT
32__0,5982,Ch G,RMot,32,WT
32__0,5982,Ch H,LMot,32,WT
32__0,7760,Ch A,RHip,32,WT
32__0,7760,Ch B,LMot,32,WT
32__0,7760,Ch C,LVis,32,WT
32__0,7760,Ch D,RBar,32,WT
32__0,7760,Ch E,RVis,32,WT
32__0,7760,Ch F,RMot,32,WT
32__0,7760,Ch G,LBar,32,WT
32__0,7760,Ch H,LHip,32,WT
32__0,13698,Ch A,LHip,32,WT
32__0,13698,Ch B,RVis,32,WT
32__0,13698,Ch C,LBar,32,WT
32__0,13698,Ch D,LMot,32,WT
32__0,13698,Ch E,RBar,32,WT
32__0,13698,Ch F,LVis,32,WT
32__0,13698,Ch G,RHip,32,WT
32__0,13698,Ch H,RMot,32,WT
32__1,1327,Ch A,RMot,32,WT
32__1,1327,Ch B,RVis,32,WT
32__1,1327,Ch C,LVis,32,WT
32__1,1327,Ch D,LHip,32,WT
32__1,1327,Ch E,LMot,32,WT
32__1,1327,Ch F,RHip,32,WT
32__1,1327,Ch G,LBar,32,WT
32__1,1327,Ch H,RBar,32,WT
32__1,3065,Ch A,LHip,32,WT
32__1,3065,Ch B,LVis,32,WT
32__1,3065,Ch C,LMot,32,WT
32__1,3065,Ch D,RVis,32,WT
32__1,3065,Ch E,LBar,32,WT
32__1,3065,Ch F,RHip,32,WT
32__1,3065,Ch G,RBar,32,WT
32__1,3065,Ch H,RMot,32,WT
32__1,3513,Ch A,RMot,32,WT
32__1,3513,Ch B,LMot,32,WT
32__1,3513,Ch C,LBar,32,WT
32__1,3513,Ch D,LVis,32,WT
32__1,3513,Ch E,LHip,32,WT
32__1,3513,Ch F,RBar,32,WT
32__1,3513,Ch G,RHip,32,WT
32__1,3513,Ch H,RVis,32,WT
32__1,6516,Ch A,RHip,32,WT
32__1,6516,Ch B,LBar,32,WT
32__1,6516,Ch C,RBar,32,WT
32__1,6516,Ch D,LMot,32,WT
32__1,6516,Ch E,RVis,32,WT
32__1,6516,Ch F,RMot,32,WT
32__1,6516,Ch G,LHip,32,WT
32__1,6516,Ch H,LVis,32,WT
32__1,10506,Ch A,RMot,32,WT
32__1,10506,Ch B,RVis,32,WT
32__1,10506,Ch C,RHip,32,WT
32__1,10506,Ch D,LMot,32,WT
32__1,10506,Ch E,RBar,32,WT
32__1,10506,Ch F,LHip,32,WT
32__1,10506,Ch G,LVis,32,WT
32__1,10506,Ch H,LBar,32,WT
32__1,11136,Ch A,RMot,32,WT
32__1,11136,Ch B,LHip,32,WT
32__1,11136,Ch C,RVis,32,WT
32__1,11136,Ch D,LBar,32,WT
32__1,11136,Ch E,RHip,32,WT
32__1,11136,Ch F,LMot,32,WT
32__1,11136,Ch G,RBar,32,WT
32__1,11136,Ch H,LVis,32,WT
32__1,14777,Ch A,LBar,32,WT
32__1,14777,Ch B,RMot,32,WT
32__1,14777,Ch C,RHip,32,WT
32__1,14777,Ch D,LMot,32,WT
32__1,14777,Ch E,LHip,32,WT
32__1,14777,Ch F,RVis,32,WT
32__1,14777,Ch G,LVis,32,WT
32__1,14777,Ch H,RBar,32,WT
32__1,17128,Ch A,LMot,32,WT
32__1,17128,Ch B,LHip,32,WT
32__1,17128,Ch C,RBar,32,WT
32__1,17128,Ch D,LBar,32,WT
32__1,17128,Ch E,RVis,32,WT
32__1,17128,Ch F,RHip,32,WT
32__1,17128,Ch G,LVis,32,WT
32__1,17128,Ch H,RMot,32,WT
32__2,5975,Ch A,LMot,32,WT
32__2,5975,Ch B,LVis,32,WT
32__2,5975,Ch C,RVis,32,WT
32__2,5975,Ch D,RBar,32,WT
32__2,5975,Ch E,LBar,32,WT
32__2,5975,Ch F,RMot,32,WT
32__2,5975,Ch G,LHip,32,WT
32__2,5975,Ch H,RHip,32,WT
32__2,6484,Ch A,RVis,32,WT
32__2,6484,Ch B,LVis,32,WT
32__2,6484,Ch C,LBar,32,WT
32__2,6484,Ch D,LHip,32,WT
32__2,6484,Ch E,LMot,32,WT
32__2,6484,Ch F,RHip,32,WT
32__2,6484,Ch G,RMot,32,WT
32__2,6484,Ch H,RBar,32,WT
32__2,8077,Ch A,RMot,32,WT
32__2,8077,Ch B,RHip,32,WT
32__2,8077,Ch C,RVis,32,WT
32__2,8077,Ch D,LVis,32,WT
32__2,8077,Ch E,LHip,32,WT
32__2,8077,Ch F,LMot,32,WT
32__2,8077,Ch G,RBar,32,WT
32__2,8077,Ch H,LBar,32,WT
32__2,9055,Ch A,LHip,32,WT
32__2,9055,Ch B,LMot,32,WT
32__2,9055,Ch C,LVis,32,WT
32__2,9055,Ch D,RMot,32,WT
32__2,9055,Ch E,LBar,32,WT
32__2,9055,Ch F,RVis,32,WT
32__2,9055,Ch G,RHip,32,WT
32__2,9055,Ch H,RBar,32,WT
32__2,9171,Ch A,LVis,32,WT
32__2,9171,Ch B,RBar,32,WT
32__2,9171,Ch C,RMot,32,WT
32__2,9171,Ch D,RVis,32,WT
32__2,9171,Ch E,LMot,32,WT
32__2,9171,Ch F,LBar,32,WT
32__2,9171,Ch G,RHip,32,WT
32__2,9171,Ch H,LHip,32,WT
32__2,10299,Ch A,LBar,32,WT
32__2,10299,Ch B,RMot,32,WT
32__2,10299,Ch C,RVis,32,WT
32__2,10299,Ch D,RBar,32,WT
32__2,10299,Ch E,LMot,32,WT
32__2,10299,Ch F,LVis,32,WT
32__2,10299,Ch G,RHip,32,WT
32__2,10299,Ch H,LHip,32,WT
32__2,13869,Ch A,RVis,32,WT
32__2,13869,Ch B,LBar,32,WT
32__2,13869,Ch C,RHip,32,WT
32__2,13869,Ch D,LHip,32,WT
32__2,13869,Ch E,LMot,32,WT
32__2,13869,Ch F,RBar,32,WT
32__2,13869,Ch G,RMot,32,WT
32__2,13869,Ch H,LVis,32,WT
32__2,14072,Ch A,LHip,32,WT
32__2,14072,Ch B,LVis,32,WT
32__2,14072,Ch C,RVis,32,WT
32__2,14072,Ch D,RMot,32,WT
32__2,14072,Ch E,RBar,32,WT
32__2,14072,Ch F,LMot,32,WT
32__2,14072,Ch G,LBar,32,WT
32__2,14072,Ch H,RHip,32,WT
356__0,2313,Ch A,LHip,356,KO
356__0,2313,Ch B,RVis,356,KO
356__0,2313,Ch C,RHip,356,KO
356__0,2313,Ch D,LVis,356,KO
356__0,2313,Ch E,LBar,356,KO
356__0,2313,Ch F,LMot,356,KO
356__0,2313,Ch G,RMot,356,KO
356__0,2313,Ch H,RBar,356,KO
356__0,2727,Ch A,LVis,356,KO
356__0,2727,Ch B,RHip,356,KO
356__0,2727,Ch C,RVis,356,KO
356__0,2727,Ch D,LMot,356,KO
356__0,2727,Ch E,LBar,356,KO
356__0,2727,Ch F,RBar,356,KO
356__0,2727,Ch G,RMot,356,KO
356__0,2727,Ch H,LHip,356,KO
356__0,2730,Ch A,LBar,356,KO
356__0,2730,Ch B,RBar,356,KO
356__0,2730,Ch C,LHip,356,KO
356__0,2730,Ch D,LVis,356,KO
356__0,2730,Ch E,LMot,356,KO
356__0,2730,Ch F,RMot,356,KO
356__0,2730,Ch G,RVis,356,KO
356__0,2730,Ch H,RHip,356,KO
356__0,3181,Ch A,RVis,356,KO
356__0,3181,Ch B,LHip,356,KO
356__0,3181,Ch C,RHip,356,KO
356__0,3181,Ch D,RBar,356,KO
356__0,3181,Ch E,LBar,356,KO
356__0,3181,Ch F,LVis,356,KO
356__0,3181,Ch G,LMot,356,KO
356__0,3181,Ch H,RMot,356,KO
356__0,4142,Ch A,RBar,356,KO
356__0,4142,Ch B,LHip,356,KO
356__0,4142,Ch C,LBar,356,KO
356__0,4142,Ch D,LVis,356,KO
356__0,4142,Ch E,RHip,356,KO
356__0,4142,Ch F,LMot,356,KO
356__0,4142,Ch G,RVis,356,KO
356__0,4142,Ch H,RMot,356,KO
356__0,4269,Ch A,LHip,356,KO
356__0,4269,Ch B,RHip,356,KO
356__0,4269,Ch C,LBar,356,KO
356__0,4269,Ch D,RBar,356,KO
356__0,4269,Ch E,LVis,356,KO
356__0,4269,Ch F,RMot,356,KO
356__0,4269,Ch G,LMot,356,KO
356__0,4269,Ch H,RVis,356,KO
356__0,6304,Ch A,LHip,356,KO
356__0,6304,Ch B,LBar,356,KO
356__0,6304,Ch C,LMot,356,KO
356__0,6304,Ch D,RMot,356,KO
356__0,6304,Ch E,RBar,356,KO
356__0,6304,Ch F,RHip,356,KO
356__0,6304,Ch G,RVis,356,KO
356__0,6304,Ch H,LVis,356,KO
356__0,10296,Ch A,RBar,356,KO
356__0,10296,Ch B,RVis,356,KO
356__0,10296,Ch C,RHip,356,KO
356__0,10296,Ch D,LHip,356,KO
356__0,10296,Ch E,RMot,356,KO
356__0,10296,Ch F,LMot,356,KO
356__0,10296,Ch G,LVis,356,KO
356__0,10296,Ch H,LBar,356,KO
356__0,11953,Ch A,RVis,356,KO
356__0,11953,Ch B,RHip,356,KO
356__0,11953,Ch C,LHip,356,KO
356__0,11953,Ch D,LBar,356,KO
356__0,11953,Ch E,RMot,356,KO
356__0,11953,Ch F,LMot,356,KO
356__0,11953,Ch G,LVis,356,KO
356__0,11953,Ch H,RBar,356,KO
356__1,1327,Ch A,LBar,356,KO
356__1,1327,Ch B,RHip,356,KO
356__1,1327,Ch C,RMot,356,KO
356__1,1327,Ch D,RVis,356,KO
356__1,1327,Ch E,LVis,356,KO
356__1,1327,Ch F,LHip,356,KO
356__1,1327,Ch G,RBar,356,KO
356__1,1327,Ch H,LMot,356,KO
356__1,3065,Ch A,LVis,356,KO
356__1,3065,Ch B,LMot,356,KO
356__1,3065,Ch C,RHip,356,KO
356__1,3065,Ch D,RMot,356,KO
356__1,3065,Ch E,RBar,356,KO
356__1,3065,Ch F,RVis,356,KO
356__1,3065,Ch G,LBar,356,KO
356__1,3065,Ch H,LHip,356,KO
356__1,4213,Ch A,RBar,356,KO
356__1,4213,Ch B,RMot,356,KO
356__1,4213,Ch C,RVis,356,KO
356__1,4213,Ch D,LVis,356,KO
356__1,4213,Ch E,LHip,356,KO
356__1,4213,Ch F,LBar,356,KO
356__1,4213,Ch G,RHip,356,KO
356__1,4213,Ch H,LMot,356,KO
356__1,6198,Ch A,RHip,356,KO
356__1,6198,Ch B,LVis,356,KO
356__1,6198,Ch C,LMot,356,KO
356__1,6198,Ch D,LHip,356,KO
356__1,6198,Ch E,LBar,356,KO
356__1,6198,Ch F,RVis,356,KO
356__1,6198,Ch G,RMot,356,KO
356__1,6198,Ch H,RBar,356,KO
356__1,10396,Ch A,RHip,356,KO
356__1,10396,Ch B,LVis,356,KO
356__1,10396,Ch C,RBar,356,KO
356__1,10396,Ch D,RVis,356,KO
356__1,10396,Ch E,LMot,356,KO
356__1,10396,Ch F,LBar,356,KO
356__1,10396,Ch G,LHip,356,KO
356__1,10396,Ch H,RMot,356,KO
356__1,11871,Ch A,RMot,356,KO
356__1,11871,Ch B,LBar,356,KO
356__1,11871,Ch C,LHip,356,KO
356__1,11871,Ch D,RHip,356,KO
356__1,11871,Ch E,LVis,356,KO
356__1,11871,Ch F,RBar,356,KO
356__1,11871,Ch G,RVis,356,KO
356__1,11871,Ch H,LMot,356,KO
356__1,14047,Ch A,RMot,356,KO
356__1,14047,Ch B,LMot,356,KO
356__1,14047,Ch C,LHip,356,KO
356__1,14047,Ch D,RBar,356,KO
356__1,14047,Ch E,RVis,356,KO
356__1,14047,Ch F,RHip,356,KO
356__1,14047,Ch G,LVis,356,KO
356__1,14047,Ch H,LBar,356,KO
356__1,15704,Ch A,RHip,356,KO
356__1,15704,Ch B,RBar,356,KO
356__1,15704,Ch C,RMot,356,KO
356__1,15704,Ch D,LMot,356,KO
356__1,15704,Ch E,LVis,356,KO
356__1,15704,Ch F,LHip,356,KO
356__1,15704,Ch G,RVis,356,KO
356__1,15704,Ch H,LBar,356,KO
356__2,1327,Ch A,LMot,356,KO
356__2,1327,Ch B,RMot,356,KO
356__2,1327,Ch C,LHip,356,KO
356__2,1327,Ch D,RBar,356,KO
356__2,1327,Ch E,RHip,356,KO
356__2,1327,Ch F,LVis,356,KO
356__2,1327,Ch G,LBar,356,KO
356__2,1327,Ch H,RVis,356,KO
356__2,3065,Ch A,RVis,356,KO
356__2,3065,Ch B,RBar,356,KO
356__2,3065,Ch C,RMot,356,KO
356__2,3065,Ch D,LBar,356,KO
356__2,3065,Ch E,LVis,356,KO
356__2,3065,Ch F,LHip,356,KO
356__2,3065,Ch G,LMot,356,KO
356__2,3065,Ch H,RHip,356,KO
356__2,3513,Ch A,RHip,356,KO
356__2,3513,Ch B,LMot,356,KO
356__2,3513,Ch C,RVis,356,KO
356__2,3513,Ch D,RMot,356,KO
356__2,3513,Ch E,LHip,356,KO
356__2,3513,Ch F,LVis,356,KO
356__2,3513,Ch G,LBar,356,KO
356__2,3513,Ch H,RBar,356,KO
356__2,6516,Ch A,LHip,356,KO
356__2,6516,Ch B,LVis,356,KO
356__2,6516,Ch C,RHip,356,KO
356__2,6516,Ch D,LMot,356,KO
356__2,6516,Ch E,RMot,356,KO
356__2,6516,Ch F,RBar,356,KO
356__2,6516,Ch G,LBar,356,KO
356__2,6516,Ch H,RVis,356,KO
356__2,10506,Ch A,LVis,356,KO
356__2,10506,Ch B,LMot,356,KO
356__2,10506,Ch C,RHip,356,KO
356__2,10506,Ch D,LBar,356,KO
356__2,10506,Ch E,RBar,356,KO
356__2,10506,Ch F,RVis,356,KO
356__2,10506,Ch G,RMot,356,KO
356__2,10506,Ch H,LHip,356,KO
356__2,11136,Ch A,LVis,356,KO
356__2,11136,Ch B,RMot,356,KO
356__2,11136,Ch C,RHip,356,KO
356__2,11136,Ch D,RBar,356,KO
356__2,11136,Ch E,RVis,356,KO
356__2,11136,Ch F,LMot,356,KO
356__2,11136,Ch G,LHip,356,KO
356__2,11136,Ch H,LBar,356,KO
356__2,14777,Ch A,LBar,356,KO
356__2,14777,Ch B,RVis,356,KO
356__2,14777,Ch C,LVis,356,KO
356__2,14777,Ch D,RHip,356,KO
356__2,14777,Ch E,RMot,356,KO
356__2,14777,Ch F,LMot,356,KO
356__2,14777,Ch G,RBar,356,KO
356__2,14777,Ch H,LHip,356,KO
356__2,17128,Ch A,LHip,356,KO
356__2,17128,Ch B,RHip,356,KO
356__2,17128,Ch C,RVis,356,KO
356__2,17128,Ch D,RBar,356,KO
356__2,17128,Ch E,LBar,356,KO
356__2,17128,Ch F,LVis,356,KO
356__2,17128,Ch G,LMot,356,KO
356__2,17128,Ch H,RMot,356,KO
385__0,135,Ch A,RMot,385,KO
385__0,135,Ch B,LBar,385,KO
385__0,135,Ch C,LHip,385,KO
385__0,135,Ch D,RBar,385,KO
385__0,135,Ch E,RVis,385,KO
385__0,135,Ch F,LVis,385,KO
385__0,135,Ch G,LMot,385,KO
385__0,135,Ch H,RHip,385,KO
385__0,1582,Ch A,LBar,385,KO
385__0,1582,Ch B,RBar,385,KO
385__0,1582,Ch C,RMot,385,KO
385__0,1582,Ch D,LHip,385,KO
385__0,1582,Ch E,RHip,385,KO
385__0,1582,Ch F,RVis,385,KO
385__0,1582,Ch G,LMot,385,KO
385__0,1582,Ch H,LVis,385,KO
385__0,3395,Ch A,LBar,385,KO
385__0,3395,Ch B,RHip,385,KO
385__0,3395,Ch C,LHip,385,KO
385__0,3395,Ch D,RMot,385,KO
385__0,3395,Ch E,RVis,385,KO
385__0,3395,Ch F,LVis,385,KO
385__0,3395,Ch G,LMot,385,KO
385__0,3395,Ch H,RBar,385,KO
385__0,3733,Ch A,RVis,385,KO
385__0,3733,Ch B,RBar,385,KO
385__0,3733,Ch C,LHip,385,KO
385__0,3733,Ch D,LVis,385,KO
385__0,3733,Ch E,LMot,385,KO
385__0,3733,Ch F,RHip,385,KO
385__0,3733,Ch G,RMot,385,KO
385__0,3733,Ch H,LBar,385,KO
385__0,8989,Ch A,RBar,385,KO
385__0,8989,Ch B,LVis,385,KO
385__0,8989,Ch C,RMot,385,KO
385__0,8989,Ch D,LMot,385,KO
385__0,8989,Ch E,RHip,385,KO
385__0,8989,Ch F,RVis,385,KO
385__0,8989,Ch G,LBar,385,KO
385__0,8989,Ch H,LHip,385,KO
385__0,9710,Ch A,RVis,385,KO
385__0,9710,Ch B,LHip,385,KO
385__0,9710,Ch C,LMot,385,KO
385__0,9710,Ch D,LVis,385,KO
385__0,9710,Ch E,RBar,385,KO
385__0,9710,Ch F,RMot,385,KO
385__0,9710,Ch G,RHip,385,KO
385__0,9710,Ch H,LBar,385,KO
385__0,11887,Ch A,RVis,385,KO
385__0,11887,Ch B,RBar,385,KO
385__0,11887,Ch C,RMot,385,KO
385__0,11887,Ch D,LMot,385,KO
385__0,11887,Ch E,LVis,385,KO
385__0,11887,Ch F,RHip,385,KO
385__0,11887,Ch G,LHip,385,KO
385__0,11887,Ch H,LBar,385,KO
385__0,14080,Ch A,LMot,385,KO
385__0,14080,Ch B,LBar,385,KO
385__0,14080,Ch C,RMot,385,KO
385__0,14080,Ch D,LHip,385,KO
385__0,14080,Ch E,RHip,385,KO
385__0,14080,Ch F,RBar,385,KO
385__0,14080,Ch G,LVis,385,KO
385__0,14080,Ch H,RVis,385,KO
385__0,14336,Ch A,RBar,385,KO
385__0,14336,Ch B,LBar,385,KO
385__0,14336,Ch C,LMot,385,KO
385__0,14336,Ch D,LHip,385,KO
385__0,14336,Ch E,RHip,385,KO
385__0,14336,Ch F,LVis,385,KO
385__0,14336,Ch G,RMot,385,KO
385__0,14336,Ch H,RVis,385,KO
385__1,1327,Ch A,LBar,385,KO
385__1,1327,Ch B,LMot,385,KO
385__1,1327,Ch C,LVis,385,KO
385__1,1327,Ch D,RBar,385,KO
385__1,1327,Ch E,RVis,385,KO
385__1,1327,Ch F,RMot,385,KO
385__1,1327,Ch G,LHip,385,KO
385__1,1327,Ch H,RHip,385,KO
385__1,3065,Ch A,RHip,385,KO
385__1,3065,Ch B,LMot,385,KO
385__1,3065,Ch C,RBar,385,KO
385__1,3065,Ch D,LHip,385,KO
385__1,3065,Ch E,LVis,385,KO
385__1,3065,Ch F,RMot,385,KO
385__1,3065,Ch G,RVis,385,KO
385__1,3065,Ch H,LBar,385,KO
385__1,3513,Ch A,RMot,385,KO
385__1,3513,Ch B,RBar,385,KO
385__1,3513,Ch C,LHip,385,KO
385__1,3513,Ch D,LVis,385,KO
385__1,3513,Ch E,RVis,385,KO
385__1,3513,Ch F,LBar,385,KO
385__1,3513,Ch G,RHip,385,KO
385__1,3513,Ch H,LMot,385,KO
385__1,6516,Ch A,LVis,385,KO
385__1,6516,Ch B,RBar,385,KO
385__1,6516,Ch C,RMot,385,KO
385__1,6516,Ch D,RHip,385,KO
385__1,6516,Ch E,LBar,385,KO
385__1,6516,Ch F,LMot,385,KO
385__1,6516,Ch G,LHip,385,KO
385__1,6516,Ch H,RVis,385,KO
385__1,10393,Ch A,LHip,385,KO
385__1,10393,Ch B,RVis,385,KO
385__1,10393,Ch C,RBar,385,KO
385__1,10393,Ch D,LVis,385,KO
385__1,10393,Ch E,LBar,385,KO
385__1,10393,Ch F,RMot,385,KO
385__1,10393,Ch G,RHip,385,KO
385__1,10393,Ch H,LMot,385,KO
385__1,10503,Ch A,RMot,385,KO
385__1,10503,Ch B,LHip,385,KO
385__1,10503,Ch C,LBar,385,KO
385__1,10503,Ch D,LVis,385,KO
385__1,10503,Ch E,RHip,385,KO
385__1,10503,Ch F,RBar,385,KO
385__1,10503,Ch G,RVis,385,KO
385__1,10503,Ch H,LMot,385,KO
385__1,11135,Ch A,LBar,385,KO
385__1,11135,Ch B,RHip,385,KO
385__1,11135,Ch C,RMot,385,KO
385__1,11135,Ch D,RVis,385,KO
385__1,11135,Ch E,LVis,385,KO
385__1,11135,Ch F,LMot,385,KO
385__1,11135,Ch G,RBar,385,KO
385__1,11135,Ch H,LHip,385,KO
385__1,17127,Ch A,RVis,385,KO
385__1,17127,Ch B,RBar,385,KO
385__1,17127,Ch C,RHip,385,KO
385__1,17127,Ch D,LHip,385,KO
385__1,17127,Ch E,LMot,385,KO
385__1,17127,Ch F,RMot,385,KO
385__1,17127,Ch G,LBar,385,KO
385__1,17127,Ch H,LVis,385,KO
385__2,35,Ch A,LMot,385,KO
385__2,35,Ch B,LHip,385,KO
385__2,35,Ch C,RVis,385,KO
385__2,35,Ch D,LBar,385,KO
385__2,35,Ch E,RHip,385,KO
385__2,35,Ch F,RBar,385,KO
385__2,35,Ch G,LVis,385,KO
385__2,35,Ch H,RMot,385,KO
385__2,1628,Ch A,LVis,385,KO
385__2,1628,Ch B,RHip,385,KO
385__2,1628,Ch C,LMot,385,KO
385__2,1628,Ch D,RVis,385,KO
385__2,1628,Ch E,LBar,385,KO
385__2,1628,Ch F,RMot,385,KO
385__2,1628,Ch G,RBar,385,KO
385__2,1628,Ch H,LHip,385,KO
385__2,1758,Ch A,LHip,385,KO
385__2,1758,Ch B,RMot,385,KO
385__2,1758,Ch C,RHip,385,KO
385__2,1758,Ch D,RVis,385,KO
385__2,1758,Ch E,LMot,385,KO
385__2,1758,Ch F,RBar,385,KO
385__2,1758,Ch G,LBar,385,KO
385__2,1758,Ch H,LVis,385,KO
385__2,2708,Ch A,RMot,385,KO
385__2,2708,Ch B,LVis,385,KO
385__2,2708,Ch C,RBar,385,KO
385__2,2708,Ch D,RHip,385,KO
385__2,2708,Ch E,LBar,385,KO
385__2,2708,Ch F,LMot,385,KO
385__2,2708,Ch G,RVis,385,KO
385__2,2708,Ch H,LHip,385,KO
385__2,2832,Ch A,RBar,385,KO
385__2,2832,Ch B,RVis,385,KO
385__2,2832,Ch C,LMot,385,KO
385__2,2832,Ch D,RHip,385,KO
385__2,2832,Ch E,LBar,385,KO
385__2,2832,Ch F,RMot,385,KO
385__2,2832,Ch G,LVis,385,KO
385__2,2832,Ch H,LHip,385,KO
385__2,3213,Ch A,RMot,385,KO
385__2,3213,Ch B,RBar,385,KO
385__2,3213,Ch C,RVis,385,KO
385__2,3213,Ch D,LBar,385,KO
385__2,3213,Ch E,LMot,385,KO
385__2,3213,Ch F,LHip,385,KO
385__2,3213,Ch G,RHip,385,KO
385__2,3213,Ch H,LVis,385,KO
385__2,3499,Ch A,RMot,385,KO
385__2,3499,Ch B,LMot,385,KO
385__2,3499,Ch C,RVis,385,KO
385__2,3499,Ch D,LHip,385,KO
385__2,3499,Ch E,LVis,385,KO
385__2,3499,Ch F,RBar,385,KO
385__2,3499,Ch G,RHip,385,KO
385__2,3499,Ch H,LBar,385,KO
385__2,4602,Ch A,RMot,385,KO
385__2,4602,Ch B,LMot,385,KO
385__2,4602,Ch C,RBar,385,KO
385__2,4602,Ch D,LBar,385,KO
385__2,4602,Ch E,RVis,385,KO
385__2,4602,Ch F,LHip,385,KO
385__2,4602,Ch G,LVis,385,KO
385__2,4602,Ch H,RHip,385,KO
399__0,135,Ch A,RVis,399,KO
399__0,135,Ch B,RBar,399,KO
399__0,135,Ch C,RHip,399,KO
399__0,135,Ch D,LVis,399,KO
399__0,135,Ch E,LMot,399,KO
399__0,135,Ch F,LBar,399,KO
399__0,135,Ch G,RMot,399,KO
399__0,135,Ch H,LHip,399,KO
399__0,1582,Ch A,RMot,399,KO
399__0,1582,Ch B,LBar,399,KO
399__0,1582,Ch C,RHip,399,KO
399__0,1582,Ch D,RBar,399,KO
399__0,1582,Ch E,LHip,399,KO
399__0,1582,Ch F,RVis,399,KO
399__0,1582,Ch G,LVis,399,KO
399__0,1582,Ch H,LMot,399,KO
399__0,3395,Ch A,RHip,399,KO
399__0,3395,Ch B,RMot,399,KO
399__0,3395,Ch C,RBar,399,KO
399__0,3395,Ch D,LMot,399,KO
399__0,3395,Ch E,RVis,399,KO
399__0,3395,Ch F,LHip,399,KO
399__0,3395,Ch G,LBar,399,KO
399__0,3395,Ch H,LVis,399,KO
399__0,3733,Ch A,LBar,399,KO
399__0,3733,Ch B,RMot,399,KO
399__0,3733,Ch C,RVis,399,KO
399__0,3733,Ch D,LVis,399,KO
399__0,3733,Ch E,RBar,399,KO
399__0,3733,Ch F,LHip,399,KO
399__0,3733,Ch G,LMot,399,KO
399__0,3733,Ch H,RHip,399,KO
399__0,8989,Ch A,RHip,399,KO
399__0,8989,Ch B,LHip,399,KO
399__0,8989,Ch C,LVis,399,KO
399__0,8989,Ch D,LBar,399,KO
399__0,8989,Ch E,LMot,399,KO
399__0,8989,Ch F,RMot,399,KO
399__0,8989,Ch G,RVis,399,KO
399__0,8989,Ch H,RBar,399,KO
399__0,9710,Ch A,RMot,399,KO
399__0,9710,Ch B,LMot,399,KO
399__0,9710,Ch C,RHip,399,KO
399__0,9710,Ch D,RBar,399,KO
399__0,9710,Ch E,LHip,399,KO
399__0,9710,Ch F,RVis,399,KO
399__0,9710,Ch G,LBar,399,KO
399__0,9710,Ch H,LVis,399,KO
399__0,11887,Ch A,LBar,399,KO
399__0,11887,Ch B,LHip,399,KO
399__0,11887,Ch C,RBar,399,KO
399__0,11887,Ch D,LVis,399,KO
399__0,11887,Ch E,RMot,399,KO
399__0,11887,Ch F,RVis,399,KO
399__0,11887,Ch G,RHip,399,KO
399__0,11887,Ch H,LMot,399,KO
399__0,14080,Ch A,RHip,399,KO
399__0,14080,Ch B,RBar,399,KO
399__0,14080,Ch C,LBar,399,KO
399__0,14080,Ch D,LHip,399,KO
399__0,14080,Ch E,RVis,399,KO
399__0,14080,Ch F,RMot,399,KO
399__0,14080,Ch G,LMot,399,KO
399__0,14080,Ch H,LVis,399,KO
399__0,14336,Ch A,LBar,399,KO
399__0,14336,Ch B,LMot,399,KO
399__0,14336,Ch C,RHip,399,KO
399__0,14336,Ch D,RVis,399,KO
399__0,14336,Ch E,RMot,399,KO
399__0,14336,Ch F,RBar,399,KO
399__0,14336,Ch G,LHip,399,KO
399__0,14336,Ch H,LVis,399,KO
399__1,1327,Ch A,LMot,399,KO
399__1,1327,Ch B,LHip,399,KO
399__1,1327,Ch C,RBar,399,KO
399__1,1327,Ch D,RMot,399,KO
399__1,1327,Ch E,RVis,399,KO
399__1,1327,Ch F,LVis,399,KO
399__1,1327,Ch G,LBar,399,KO
399__1,1327,Ch H,RHip,399,KO
399__1,3065,Ch A,LHip,399,KO
399__1,3065,Ch B,LMot,399,KO
399__1,3065,Ch C,LBar,399,KO
399__1,3065,Ch D,LVis,399,KO
399__1,3065,Ch E,RBar,399,KO
399__1,3065,Ch F,RVis,399,KO
399__1,3065,Ch G,RHip,399,KO
399__1,3065,Ch H,RMot,399,KO
399__1,3513,Ch A,LBar,399,KO
399__1,3513,Ch B,RVis,399,KO
399__1,3513,Ch C,LHip,399,KO
399__1,3513,Ch D,LMot,399,KO
399__1,3513,Ch E,RMot,399,KO
399__1,3513,Ch F,RHip,399,KO
399__1,3513,Ch G,LVis,399,KO
399__1,3513,Ch H,RBar,399,KO
399__1,6516,Ch A,RMot,399,KO
399__1,6516,Ch B,RVis,399,KO
399__1,6516,Ch C,RBar,399,KO
399__1,6516,Ch D,RHip,399,KO
399__1,6516,Ch E,LHip,399,KO
399__1,6516,Ch F,LBar,399,KO
399__1,6516,Ch G,LVis,399,KO
399__1,6516,Ch H,LMot,399,KO
399__1,10393,Ch A,RHip,399,KO
399__1,10393,Ch B,LMot,399,KO
399__1,10393,Ch C,LHip,399,KO
399__1,10393,Ch D,LBar,399,KO
399__1,10393,Ch E,RVis,399,KO
399__1,10393,Ch F,LVis,399,KO
399__1,10393,Ch G,RBar,399,KO
399__1,10393,Ch H,RMot,399,KO
399__1,10503,Ch A,LHip,399,KO
399__1,10503,Ch B,RHip,399,KO
399__1,10503,Ch C,RMot,399,KO
399__1,10503,Ch D,LBar,399,KO
399__1,10503,Ch E,LVis,399,KO
399__1,10503,Ch F,RBar,399,KO
399__1,10503,Ch G,LMot,399,KO
399__1,10503,Ch H,RVis,399,KO
399__1,11135,Ch A,LBar,399,KO
399__1,11135,Ch B,LHip,399,KO
399__1,11135,Ch C,RHip,399,KO
399__1,11135,Ch D,RVis,399,KO
399__1,11135,Ch E,LVis,399,KO
399__1,11135,Ch F,RBar,399,KO
399__1,11135,Ch G,RMot,399,KO
399__1,11135,Ch H,LMot,399,KO
399__1,17127,Ch A,LVis,399,KO
399__1,17127,Ch B,RBar,399,KO
399__1,17127,Ch C,LHip,399,KO
399__1,17127,Ch D,RMot,399,KO
399__1,17127,Ch E,LBar,399,KO
399__1,17127,Ch F,LMot,399,KO
399__1,17127,Ch G,RHip,399,KO
399__1,17127,Ch H,RVis,399,KO
399__2,35,Ch A,RMot,399,KO
399__2,35,Ch B,LVis,399,KO
399__2,35,Ch C,LMot,399,KO
399__2,35,Ch D,LHip,399,KO
399__2,35,Ch E,RBar,399,KO
399__2,35,Ch F,RVis,399,KO
399__2,35,Ch G,LBar,399,KO
399__2,35,Ch H,RHip,399,KO
399__2,1628,Ch A,RVis,399,KO
399__2,1628,Ch B,LMot,399,KO
399__2,1628,Ch C,LVis,399,KO
399__2,1628,Ch D,RMot,399,KO
399__2,1628,Ch E,LBar,399,KO
399__2,1628,Ch F,RHip,399,KO
399__2,1628,Ch G,RBar,399,KO
399__2,1628,Ch H,LHip,399,KO
399__2,1758,Ch A,RMot,399,KO
399__2,1758,Ch B,RBar,399,KO
399__2,1758,Ch C,LHip,399,KO
399__2,1758,Ch D,LVis,399,KO
399__2,1758,Ch E,RHip,399,KO
399__2,1758,Ch F,RVis,399,KO
399__2,1758,Ch G,LMot,399,KO
399__2,1758,Ch H,LBar,399,KO
399__2,2708,Ch A,LHip,399,KO
399__2,2708,Ch B,LMot,399,KO
399__2,2708,Ch C,RVis,399,KO
399__2,2708,Ch D,RHip,399,KO
399__2,2708,Ch E,LBar,399,KO
399__2,2708,Ch F,RBar,399,KO
399__2,2708,Ch G,RMot,399,KO
399__2,2708,Ch H,LVis,399,KO
399__2,2832,Ch A,RVis,399,KO
399__2,2832,Ch B,LMot,399,KO
399__2,2832,Ch C,RMot,399,KO
399__2,2832,Ch D,RBar,399,KO
399__2,2832,Ch E,LVis,399,KO
399__2,2832,Ch F,RHip,399,KO
399__2,2832,Ch G,LBar,399,KO
399__2,2832,Ch H,LHip,399,KO
399__2,3213,Ch A,RMot,399,KO
399__2,3213,Ch B,RVis,399,KO
399__2,3213,Ch C,RHip,399,KO
399__2,3213,Ch D,RBar,399,KO
399__2,3213,Ch E,LBar,399,KO
399__2,3213,Ch F,LMot,399,KO
399__2,3213,Ch G,LHip,399,KO
399__2,3213,Ch H,LVis,399,KO
399__2,3499,Ch A,LMot,399,KO
399__2,3499,Ch B,RBar,399,KO
399__2,3499,Ch C,LBar,399,KO
399__2,3499,Ch D,RHip,399,KO
399__2,3499,Ch E,RVis,399,KO
399__2,3499,Ch F,LVis,399,KO
399__2,3499,Ch G,RMot,399,KO
399__2,3499,Ch H,LHip,399,KO
399__2,4602,Ch A,RMot,399,KO
399__2,4602,Ch B,LVis,399,KO
399__2,4602,Ch C,RVis,399,KO
399__2,4602,Ch D,RBar,399,KO
399__2,4602,Ch E,LBar,399,KO
399__2,4602,Ch F,LMot,399,KO
399__2,4602,Ch G,RHip,399,KO
399__2,4602,Ch H,LHip,399,KO
432__0,3335,Ch A,LBar,432,WT
432__0,3335,Ch B,LMot,432,WT
432__0,3335,Ch C,RBar,432,WT
432__0,3335,Ch D,RMot,432,WT
432__0,3335,Ch E,LVis,432,WT
432__0,3335,Ch F,LHip,432,WT
432__0,3335,Ch G,RVis,432,WT
432__0,3335,Ch H,RHip,432,WT
432__0,3493,Ch A,LBar,432,WT
432__0,3493,Ch B,RBar,432,WT
432__0,3493,Ch C,RMot,432,WT
432__0,3493,Ch D,LVis,432,WT
432__0,3493,Ch E,LHip,432,WT
432__0,3493,Ch F,RVis,432,WT
432__0,3493,Ch G,LMot,432,WT
432__0,3493,Ch H,RHip,432,WT
432__0,3680,Ch A,LVis,432,WT
432__0,3680,Ch B,RBar,432,WT
432__0,3680,Ch C,LMot,432,WT
432__0,3680,Ch D,RHip,432,WT
432__0,3680,Ch E,LBar,432,WT
432__0,3680,Ch F,LHip,432,WT
432__0,3680,Ch G,RMot,432,WT
432__0,3680,Ch H,RVis,432,WT
432__0,6930,Ch A,LBar,432,WT
432__0,6930,Ch B,RVis,432,WT
432__0,6930,Ch C,LVis,432,WT
432__0,6930,Ch D,RHip,432,WT
432__0,6930,Ch E,RMot,432,WT
432__0,6930,Ch F,RBar,432,WT
432__0,6930,Ch G,LHip,432,WT
432__0,6930,Ch H,LMot,432,WT
432__0,7732,Ch A,LMot,432,WT
432__0,7732,Ch B,RVis,432,WT
432__0,7732,Ch C,RMot,432,WT
432__0,7732,Ch D,LHip,432,WT
432__0,7732,Ch E,LBar,432,WT
432__0,7732,Ch F,RBar,432,WT
432__0,7732,Ch G,RHip,432,WT
432__0,7732,Ch H,LVis,432,WT
432__0,8235,Ch A,RMot,432,WT
432__0,8235,Ch B,RVis,432,WT
432__0,8235,Ch C,LVis,432,WT
432__0,8235,Ch D,RBar,432,WT
432__0,8235,Ch E,LMot,432,WT
432__0,8235,Ch F,RHip,432,WT
432__0,8235,Ch G,LBar,432,WT
432__0,8235,Ch H,LHip,432,WT
432__0,8614,Ch A,RMot,432,WT
432__0,8614,Ch B,LHip,432,WT
432__0,8614,Ch C,RHip,432,WT
432__0,8614,Ch D,LMot,432,WT
432__0,8614,Ch E,LBar,432,WT
432__0,8614,Ch F,LVis,432,WT
432__0,8614,Ch G,RVis,432,WT
432__0,8614,Ch H,RBar,432,WT
432__0,9708,Ch A,LVis,432,WT
432__0,9708,Ch B,RHip,432,WT
432__0,9708,Ch C,RMot,432,WT
432__0,9708,Ch D,RBar,432,WT
432__0,9708,Ch E,LHip,432,WT
432__0,9708,Ch F,LBar,432,WT
432__0,9708,Ch G,LMot,432,WT
432__0,9708,Ch H,RVis,432,WT
432__0,11420,Ch A,RHip,432,WT
432__0,11420,Ch B,RBar,432,WT
432__0,11420,Ch C,LVis,432,WT
432__0,11420,Ch D,LBar,432,WT
432__0,11420,Ch E,LMot,432,WT
432__0,11420,Ch F,RMot,432,WT
432__0,11420,Ch G,LHip,432,WT
432__0,11420,Ch H,RVis,432,WT
432__1,1327,Ch A,RHip,432,WT
432__1,1327,Ch B,LVis,432,WT
432__1,1327,Ch C,RBar,432,WT
432__1,1327,Ch D,LBar,432,WT
432__1,1327,Ch E,RVis,432,WT
432__1,1327,Ch F,LMot,432,WT
432__1,1327,Ch G,LHip,432,WT
432__1,1327,Ch H,RMot,432,WT
432__1,3065,Ch A,LVis,432,WT
432__1,3065,Ch B,LBar,432,WT
432__1,3065,Ch C,RVis,432,WT
432__1,3065,Ch D,RHip,432,WT
432__1,3065,Ch E,LMot,432,WT
432__1,3065,Ch F,RMot,432,WT
432__1,3065,Ch G,RBar,432,WT
432__1,3065,Ch H,LHip,432,WT
432__1,3513,Ch A,RMot,432,WT
432__1,3513,Ch B,RHip,432,WT
432__1,3513,Ch C,LVis,432,WT
432__1,3513,Ch D,LBar,432,WT
432__1,3513,Ch E,RBar,432,WT
432__1,3513,Ch F,LMot,432,WT
432__1,3513,Ch G,LHip,432,WT
432__1,3513,Ch H,RVis,432,WT
432__1,6516,Ch A,LMot,432,WT
432__1,6516,Ch B,RMot,432,WT
432__1,6516,Ch C,LHip,432,WT
432__1,6516,Ch D,LBar,432,WT
432__1,6516,Ch E,LVis,432,WT
432__1,6516,Ch F,RHip,432,WT
432__1,6516,Ch G,RBar,432,WT
432__1,6516,Ch H,RVis,432,WT
432__1,10393,Ch A,RMot,432,WT
432__1,10393,Ch B,RVis,432,WT
432__1,10393,Ch C,RBar,432,WT
432__1,10393,Ch D,LBar,432,WT
432__1,10393,Ch E,RHip,432,WT
432__1,10393,Ch F,LVis,432,WT
432__1,10393,Ch G,LHip,432,WT
432__1,10393,Ch H,LMot,432,WT
432__1,10503,Ch A,RMot,432,WT
432__1,10503,Ch B,LHip,432,WT
432__1,10503,Ch C,LBar,432,WT
432__1,10503,Ch D,LVis,432,WT
432__1,10503,Ch E,RBar,432,WT
432__1,10503,Ch F,RVis,432,WT
432__1,10503,Ch G,LMot,432,WT
432__1,10503,Ch H,RHip,432,WT
432__1,11135,Ch A,RMot,432,WT
432__1,11135,Ch B,RBar,432,WT
432__1,11135,Ch C,LMot,432,WT
432__1,11135,Ch D,RHip,432,WT
432__1,11135,Ch E,LBar,432,WT
432__1,11135,Ch F,LVis,432,WT
432__1,11135,Ch G,RVis,432,WT
432__1,11135,Ch H,LHip,432,WT
432__1,17127,Ch A,LVis,432,WT
432__1,17127,Ch B,RHip,432,WT
432__1,17127,Ch C,LBar,432,WT
432__1,17127,Ch D,LHip,432,WT
432__1,17127,Ch E,RBar,432,WT
432__1,17127,Ch F,RMot,432,WT
432__1,17127,Ch G,RVis,432,WT
432__1,17127,Ch H,LMot,432,WT
432__2,1327,Ch A,RHip,432,WT
432__2,1327,Ch B,LMot,432,WT
432__2,1327,Ch C,RMot,432,WT
432__2,1327,Ch D,RVis,432,WT
432__2,1327,Ch E,LVis,432,WT
432__2,1327,Ch F,LHip,432,WT
432__2,1327,Ch G,RBar,432,WT
432__2,1327,Ch H,LBar,432,WT
432__2,3065,Ch A,RBar,432,WT
432__2,3065,Ch B,RHip,432,WT
432__2,3065,Ch C,RMot,432,WT
432__2,3065,Ch D,LHip,432,WT
432__2,3065,Ch E,LVis,432,WT
432__2,3065,Ch F,RVis,432,WT
432__2,3065,Ch G,LBar,432,WT
432__2,3065,Ch H,LMot,432,WT
432__2,3513,Ch A,RHip,432,WT
432__2,3513,Ch B,RMot,432,WT
432__2,3513,Ch C,RVis,432,WT
432__2,3513,Ch D,RBar,432,WT
432__2,3513,Ch E,LMot,432,WT
432__2,3513,Ch F,LHip,432,WT
432__2,3513,Ch G,LBar,432,WT
432__2,3513,Ch H,LVis,432,WT
432__2,6516,Ch A,RBar,432,WT
432__2,6516,Ch B,RMot,432,WT
432__2,6516,Ch C,RHip,432,WT
432__2,6516,Ch D,LVis,432,WT
432__2,6516,Ch E,RVis,432,WT
432__2,6516,Ch F,LHip,432,WT
432__2,6516,Ch G,LBar,432,WT
432__2,6516,Ch H,LMot,432,WT
432__2,10393,Ch A,LVis,432,WT
432__2,10393,Ch B,RBar,432,WT
432__2,10393,Ch C,LMot,432,WT
432__2,10393,Ch D,LBar,432,WT
432__2,10393,Ch E,RMot,432,WT
432__2,10393,Ch F,LHip,432,WT
432__2,10393,Ch G,RHip,432,WT
432__2,10393,Ch H,RVis,432,WT
432__2,10503,Ch A,LHip,432,WT
432__2,10503,Ch B,RMot,432,WT
432__2,10503,Ch C,LVis,432,WT
432__2,10503,Ch D,LBar,432,WT
432__2,10503,Ch E,RBar,432,WT
432__2,10503,Ch F,LMot,432,WT
432__2,10503,Ch G,RHip,432,WT
432__2,10503,Ch H,RVis,432,WT
432__2,11135,Ch A,RVis,432,WT
432__2,11135,Ch B,RMot,432,WT
432__2,11135,Ch C,RBar,432,WT
432__2,11135,Ch D,LHip,432,WT
432__2,11135,Ch E,LBar,432,WT
432__2,11135,Ch F,LVis,432,WT
432__2,11135,Ch G,RHip,432,WT
432__2,11135,Ch H,LMot,432,WT
432__2,17127,Ch A,LBar,432,WT
432__2,17127,Ch B,RMot,432,WT
432__2,17127,Ch C,RHip,432,WT
432__2,17127,Ch D,RBar,432,WT
432__2,17127,Ch E,RVis,432,WT
432__2,17127,Ch F,LHip,432,WT
432__2,17127,Ch G,LMot,432,WT
432__2,17127,Ch H,LVis,432,WT
ArxRosa-1015__0,2495,Ch A,RMot,ArxRosa-1015,Arx(F/y)-Rosa(+/wt)-Sham
ArxRosa-1015__0,2495,Ch B,RHip,ArxRosa-1015,Arx(F/y)-Rosa(+/wt)-Sham
ArxRosa-1015__0,2495,Ch C,LHip,ArxRosa-1015,Arx(F/y)-Rosa(+/wt)-Sham
ArxRosa-1015__0,2495,Ch D,LVis,ArxRosa-1015,Arx(F/y)-Rosa(+/wt)-Sham
ArxRosa-1015__0,2495,Ch E,RVis,ArxRosa-1015,Arx(F/y)-Rosa(+/wt)-Sham
ArxRosa-1015__0,2495,Ch F,LBar,ArxRosa-1015,Arx(F/y)-Rosa(+/wt)-Sham
ArxRosa-1015__0,2495,Ch G,LMot,ArxRosa-1015,Arx(F/y)-Rosa(+/wt)-Sham
ArxRosa-1015__0,2495,Ch H,RBar,ArxRosa-1015,Arx(F/y)-Rosa(+/wt)-Sham
ArxRosa-1015__0,2530,Ch A,LHip,ArxRosa-1015,Arx(F/y)-Rosa(+/wt)-Sham
ArxRosa-1015__0,2530,Ch B,RVis,ArxRosa-1015,Arx(F/y)-Rosa(+/wt)-Sham
ArxRosa-1015__0,2530,Ch C,LVis,ArxRosa-1015,Arx(F/y)-Rosa(+/wt)-Sham
ArxRosa-1015__0,2530,Ch D,RBar,ArxRosa-1015,Arx(F/y)-Rosa(+/wt)-Sham
ArxRosa-1015__0,2530,Ch E,LBar,ArxRosa-1015,Arx(F/y)-Rosa(+/wt)-Sham
ArxRosa-1015__0,2530,Ch F,RHip,ArxRosa-1015,Arx(F/y)-Rosa(+/wt)-Sham
ArxRosa-1015__0,2530,Ch G,LMot,ArxRosa-1015,Arx(F/y)-Rosa(+/wt)-Sham
ArxRosa-1015__0,2530,Ch H,RMot,ArxRosa-1015,Arx(F/y)-Rosa(+/wt)-Sham
ArxRosa-1015__0,3461,Ch A,RHip,ArxRosa-1015,Arx(F/y)-Rosa(+/wt)-Sham
ArxRosa-1015__0,3461,Ch B,LBar,ArxRosa-1015,Arx(F/y)-Rosa(+/wt)-Sham
ArxRosa-1015__0,3461,Ch C,LVis,ArxRosa-1015,Arx(F/y)-Rosa(+/wt)-Sham
ArxRosa-1015__0,3461,Ch D,RMot,ArxRosa-1015,Arx(F/y)-Rosa(+/wt)-Sham
ArxRosa-1015__0,3461,Ch E,RBar,ArxRosa-1015,Arx(F/y)-Rosa(+/wt)-Sham
ArxRosa-1015__0,3461,Ch F,LHip,ArxRosa-1015,Arx(F/y)-Rosa(+/wt)-Sham
ArxRosa-1015__0,3461,Ch G,RVis,ArxRosa-1015,Arx(F/y)-Rosa(+/wt)-Sham
ArxRosa-1015__0,3461,Ch H,LMot,ArxRosa-1015,Arx(F/y)-Rosa(+/wt)-Sham
ArxRosa-1015__0,3718,Ch A,LMot,ArxRosa-1015,Arx(F/y)-Rosa(+/wt)-Sham
ArxRosa-1015__0,3718,Ch B,LVis,ArxRosa-1015,Arx(F/y)-Rosa(+/wt)-Sham
ArxRosa-1015__0,3718,Ch C,RVis,ArxRosa-1015,Arx(F/y)-Rosa(+/wt)-Sham
ArxRosa-1015__0,3718,Ch D,LBar,ArxRosa-1015,Arx(F/y)-Rosa(+/wt)-Sham
ArxRosa-1015__0,3718,Ch E,LHip,ArxRosa-1015,Arx(F/y)-Rosa(+/wt)-Sham
ArxRosa-1015__0,3718,Ch F,RBar,ArxRosa-1015,Arx(F/y)-Rosa(+/wt)-Sham
ArxRosa-1015__0,3718,Ch G,RMot,ArxRosa-1015,Arx(F/y)-Rosa(+/wt)-Sham
ArxRosa-1015__0,3718,Ch H,RHip,ArxRosa-1015,Arx(F/y)-Rosa(+/wt)-Sham
ArxRosa-1015__0,5408,Ch A,RHip,ArxRosa-1015,Arx(F/y)-Rosa(+/wt)-Sham
ArxRosa-1015__0,5408,Ch B,RVis,ArxRosa-1015,Arx(F/y)-Rosa(+/wt)-Sham
ArxRosa-1015__0,5408,Ch C,LMot,ArxRosa-1015,Arx(F/y)-Rosa(+/wt)-Sham
ArxRosa-1015__0,5408,Ch D,RMot,ArxRosa-1015,Arx(F/y)-Rosa(+/wt)-Sham
ArxRosa-1015__0,5408,Ch E,LHip,ArxRosa-1015,Arx(F/y)-Rosa(+/wt)-Sham
ArxRosa-1015__0,5408,Ch F,RBar,ArxRosa-1015,Arx(F/y)-Rosa(+/wt)-Sham
ArxRosa-1015__0,5408,Ch G,LBar,ArxRosa-1015,Arx(F/y)-Rosa(+/wt)-Sham
ArxRosa-1015__0,5408,Ch H,LVis,ArxRosa-1015,Arx(F/y)-Rosa(+/wt)-Sham
ArxRosa-1015__0,6971,Ch A,RVis,ArxRosa-1015,Arx(F/y)-Rosa(+/wt)-Sham
ArxRosa-1015__0,6971,Ch B,LBar,ArxRosa-1015,Arx(F/y)-Rosa(+/wt)-Sham
ArxRosa-1015__0,6971,Ch C,RHip,ArxRosa-1015,Arx(F/y)-Rosa(+/wt)-Sham
ArxRosa-1015__0,6971,Ch D,RMot,ArxRosa-1015,Arx(F/y)-Rosa(+/wt)-Sham
ArxRosa-1015__0,6971,Ch E,LVis,ArxRosa-1015,Arx(F/y)-Rosa(+/wt)-Sham
ArxRosa-1015__0,6971,Ch F,LMot,ArxRosa-1015,Arx(F/y)-Rosa(+/wt)-Sham
ArxRosa-1015__0,6971,Ch G,LHip,ArxRosa-1015,Arx(F/y)-Rosa(+/wt)-Sham
ArxRosa-1015__0,6971,Ch H,RBar,ArxRosa-1015,Arx(F/y)-Rosa(+/wt)-Sham
ArxRosa-1015__0,9947,Ch A,LMot,ArxRosa-1015,Arx(F/y)-Rosa(+/wt)-Sham
ArxRosa-1015__0,9947,Ch B,RVis,ArxRosa-1015,Arx(F/y)-Rosa(+/wt)-Sham
ArxRosa-1015__0,9947,Ch C,LBar,ArxRosa-1015,Arx(F/y)-Rosa(+/wt)-Sham
ArxRosa-1015__0,9947,Ch D,LVis,ArxRosa-1015,Arx(F/y)-Rosa(+/wt)-Sham
ArxRosa-1015__0,9947,Ch E,RMot,ArxRosa-1015,Arx(F/y)-Rosa(+/wt)-Sham
ArxRosa-1015__0,9947,Ch F,LHip,ArxRosa-1015,Arx(F/y)-Rosa(+/wt)-Sham
ArxRosa-1015__0,9947,Ch G,RBar,ArxRosa-1015,Arx(F/y)-Rosa(+/wt)-Sham
ArxRosa-1015__0,9947,Ch H,RHip,ArxRosa-1015,Arx(F/y)-Rosa(+/wt)-Sham
ArxRosa-1015__0,11862,Ch A,LHip,ArxRosa-1015,Arx(F/y)-Rosa(+/wt)-Sham
ArxRosa-1015__0,11862,Ch B,RMot,ArxRosa-1015,Arx(F/y)-Rosa(+/wt)-Sham
ArxRosa-1015__0,11862,Ch C,LVis,ArxRosa-1015,Arx(F/y)-Rosa(+/wt)-Sham
ArxRosa-1015__0,11862,Ch D,RHip,ArxRosa-1015,Arx(F/y)-Rosa(+/wt)-Sham
ArxRosa-1015__0,11862,Ch E,RVis,ArxRosa-1015,Arx(F/y)-Rosa(+/wt)-Sham
ArxRosa-1015__0,11862,Ch F,RBar,ArxRosa-1015,Arx(F/y)-Rosa(+/wt)-Sham
ArxRosa-1015__0,11862,Ch G,LMot,ArxRosa-1015,Arx(F/y)-Rosa(+/wt)-Sham
ArxRosa-1015__0,11862,Ch H,LBar,ArxRosa-1015,Arx(F/y)-Rosa(+/wt)-Sham
ArxRosa-1015__0,12920,Ch A,RMot,ArxRosa-1015,Arx(F/y)-Rosa(+/wt)-Sham
ArxRosa-1015__0,12920,Ch B,LMot,ArxRosa-1015,Arx(F/y)-Rosa(+/wt)-Sham
ArxRosa-1015__0,12920,Ch C,RVis,ArxRosa-1015,Arx(F/y)-Rosa(+/wt)-Sham
ArxRosa-1015__0,12920,Ch D,LVis,ArxRosa-1015,Arx(F/y)-Rosa(+/wt)-Sham
ArxRosa-1015__0,12920,Ch E,LBar,ArxRosa-1015,Arx(F/y)-Rosa(+/wt)-Sham
ArxRosa-1015__0,12920,Ch F,RBar,ArxRosa-1015,Arx(F/y)-Rosa(+/wt)-Sham
ArxRosa-1015__0,12920,Ch G,LHip,ArxRosa-1015,Arx(F/y)-Rosa(+/wt)-Sham
ArxRosa-1015__0,12920,Ch H,RHip,ArxRosa-1015,Arx(F/y)-Rosa(+/wt)-Sham
ArxRosa-1015__1,1327,Ch A,LHip,ArxRosa-1015,Arx(F/y)-Rosa(+/wt)-Sham
ArxRosa-1015__1,1327,Ch B,RHip,ArxRosa-1015,Arx(F/y)-Rosa(+/wt)-Sham
ArxRosa-1015__1,1327,Ch C,LBar,ArxRosa-1015,Arx(F/y)-Rosa(+/wt)-Sham
ArxRosa-1015__1,1327,Ch D,RBar,ArxRosa-1015,Arx(F/y)-Rosa(+/wt)-Sham
ArxRosa-1015__1,1327,Ch E,RVis,ArxRosa-1015,Arx(F/y)-Rosa(+/wt)-Sham
ArxRosa-1015__1,1327,Ch F,LMot,ArxRosa-1015,Arx(F/y)-Rosa(+/wt)-Sham
ArxRosa-1015__1,1327,Ch G,RMot,ArxRosa-1015,Arx(F/y)-Rosa(+/wt)-Sham
ArxRosa-1015__1,1327,Ch H,LVis,ArxRosa-1015,Arx(F/y)-Rosa(+/wt)-Sham
ArxRosa-1015__1,3065,Ch A,RHip,ArxRosa-1015,Arx(F/y)-Rosa(+/wt)-Sham
ArxRosa-1015__1,3065,Ch B,LVis,ArxRosa-1015,Arx(F/y)-Rosa(+/wt)-Sham
ArxRosa-1015__1,3065,Ch C,RBar,ArxRosa-1015,Arx(F/y)-Rosa(+/wt)-Sham
ArxRosa-1015__1,3065,Ch D,LBar,ArxRosa-1015,Arx(F/y)-Rosa(+/wt)-Sham
ArxRosa-1015__1,3065,Ch E,LHip,ArxRosa-1015,Arx(F/y)-Rosa(+/wt)-Sham
ArxRosa-1015__1,3065,Ch F,LMot,ArxRosa-1015,Arx(F/y)-Rosa(+/wt)-Sham
ArxRosa-1015__1,3065,Ch G,RMot,ArxRosa-1015,Arx(F/y)-Rosa(+/wt)-Sham
ArxRosa-1015__1,3065,Ch H,RVis,ArxRosa-1015,Arx(F/y)-Rosa(+/wt)-Sham
ArxRosa-1015__1,3513,Ch A,LVis,ArxRosa-1015,Arx(F/y)-Rosa(+/wt)-Sham
ArxRosa-1015__1,3513,Ch B,RVis,ArxRosa-1015,Arx(F/y)-Rosa(+/wt)-Sham
ArxRosa-1015__1,3513,Ch C,RMot,ArxRosa-1015,Arx(F/y)-Rosa(+/wt)-Sham
ArxRosa-1015__1,3513,Ch D,LMot,ArxRosa-1015,Arx(F/y)-Rosa(+/wt)-Sham
ArxRosa-1015__1,3513,Ch E,LHip,ArxRosa-1015,Arx(F/y)-Rosa(+/wt)-Sham
ArxRosa-1015__1,3513,Ch F,LBar,ArxRosa-1015,Arx(F/y)-Rosa(+/wt)-Sham
ArxRosa-1015__1,3513,Ch G,RHip,ArxRosa-1015,Arx(F/y)-Rosa(+/wt)-Sham
ArxRosa-1015__1,3513,Ch H,RBar,ArxRosa-1015,Arx(F/y)-Rosa(+/wt)-Sham
ArxRosa-1015__1,6516,Ch A,LBar,ArxRosa-1015,Arx(F/y)-Rosa(+/wt)-Sham
ArxRosa-1015__1,6516,Ch B,RHip,ArxRosa-1015,Arx(F/y)-Rosa(+/wt)-Sham
ArxRosa-1015__1,6516,Ch C,LMot,ArxRosa-1015,Arx(F/y)-Rosa(+/wt)-Sham
ArxRosa-1015__1,6516,Ch D,RVis,ArxRosa-1015,Arx(F/y)-Rosa(+/wt)-Sham
ArxRosa-1015__1,6516,Ch E,LHip,ArxRosa-1015,Arx(F/y)-Rosa(+/wt)-Sham
ArxRosa-1015__1,6516,Ch F,RBar,ArxRosa-1015,Arx(F/y)-Rosa(+/wt)-Sham
ArxRosa-1015__1,6516,Ch G,RMot,ArxRosa-1015,Arx(F/y)-Rosa(+/wt)-Sham
ArxRosa-1015__1,6516,Ch H,LVis,ArxRosa-1015,Arx(F/y)-Rosa(+/wt)-Sham
ArxRosa-1015__1,10506,Ch A,RVis,ArxRosa-1015,Arx(F/y)-Rosa(+/wt)-Sham
ArxRosa-1015__1,10506,Ch B,RHip,ArxRosa-1015,Arx(F/y)-Rosa(+/wt)-Sham
ArxRosa-1015__1,10506,Ch C,RBar,ArxRosa-1015,Arx(F/y)-Rosa(+/wt)-Sham
ArxRosa-1015__1,10506,Ch D,LHip,ArxRosa-1015,Arx(F/y)-Rosa(+/wt)-Sham
ArxRosa-1015__1,10506,Ch E,LBar,ArxRosa-1015,Arx(F/y)-Rosa(+/wt)-Sham
ArxRosa-1015__1,10506,Ch F,LVis,ArxRosa-1015,Arx(F/y)-Rosa(+/wt)-Sham
ArxRosa-1015__1,10506,Ch G,LMot,ArxRosa-1015,Arx(F/y)-Rosa(+/wt)-Sham
ArxRosa-1015__1,10506,Ch H,RMot,ArxRosa-1015,Arx(F/y)-Rosa(+/wt)-Sham
ArxRosa-1015__1,11136,Ch A,LVis,ArxRosa-1015,Arx(F/y)-Rosa(+/wt)-Sham
ArxRosa-1015__1,11136,Ch B,RBar,ArxRosa-1015,Arx(F/y)-Rosa(+/wt)-Sham
ArxRosa-1015__1,11136,Ch C,LMot,ArxRosa-1015,Arx(F/y)-Rosa(+/wt)-Sham
ArxRosa-1015__1,11136,Ch D,RMot,ArxRosa-1015,Arx(F/y)-Rosa(+/wt)-Sham
ArxRosa-1015__1,11136,Ch E,LBar,ArxRosa-1015,Arx(F/y)-Rosa(+/wt)-Sham
ArxRosa-1015__1,11136,Ch F,RHip,ArxRosa-1015,Arx(F/y)-Rosa(+/wt)-Sham
ArxRosa-1015__1,11136,Ch G,LHip,ArxRosa-1015,Arx(F/y)-Rosa(+/wt)-Sham
ArxRosa-1015__1,11136,Ch H,RVis,ArxRosa-1015,Arx(F/y)-Rosa(+/wt)-Sham
ArxRosa-1015__1,14777,Ch A,RVis,ArxRosa-1015,Arx(F/y)-Rosa(+/wt)-Sham
ArxRosa-1015__1,14777,Ch B,LHip,ArxRosa-1015,Arx(F/y)-Rosa(+/wt)-Sham
ArxRosa-1015__1,14777,Ch C,LBar,ArxRosa-1015,Arx(F/y)-Rosa(+/wt)-Sham
ArxRosa-1015__1,14777,Ch D,LMot,ArxRosa-1015,Arx(F/y)-Rosa(+/wt)-Sham
ArxRosa-1015__1,14777,Ch E,RBar,ArxRosa-1015,Arx(F/y)-Rosa(+/wt)-Sham
ArxRosa-1015__1,14777,Ch F,LVis,ArxRosa-1015,Arx(F/y)-Rosa(+/wt)-Sham
ArxRosa-1015__1,14777,Ch G,RHip,ArxRosa-1015,Arx(F/y)-Rosa(+/wt)-Sham
ArxRosa-1015__1,14777,Ch H,RMot,ArxRosa-1015,Arx(F/y)-Rosa(+/wt)-Sham
ArxRosa-1015__1,17128,Ch A,RVis,ArxRosa-1015,Arx(F/y)-Rosa(+/wt)-Sham
ArxRosa-1015__1,17128,Ch B,LVis,ArxRosa-1015,Arx(F/y)-Rosa(+/wt)-Sham
ArxRosa-1015__1,17128,Ch C,LHip,ArxRosa-1015,Arx(F/y)-Rosa(+/wt)-Sham
ArxRosa-1015__1,17128,Ch D,RHip,ArxRosa-1015,Arx(F/y)-Rosa(+/wt)-Sham
ArxRosa-1015__1,17128,Ch E,RBar,ArxRosa-1015,Arx(F/y)-Rosa(+/wt)-Sham
ArxRosa-1015__1,17128,Ch F,LBar,ArxRosa-1015,Arx(F/y)-Rosa(+/wt)-Sham
ArxRosa-1015__1,17128,Ch G,RMot,ArxRosa-1015,Arx(F/y)-Rosa(+/wt)-Sham
ArxRosa-1015__1,17128,Ch H,LMot,ArxRosa-1015,Arx(F/y)-Rosa(+/wt)-Sham
ArxRosa-1015__2,1548,Ch A,LMot,ArxRosa-1015,Arx(F/y)-Rosa(+/wt)-Sham
ArxRosa-1015__2,1548,Ch B,LBar,ArxRosa-1015,Arx(F/y)-Rosa(+/wt)-Sham
ArxRosa-1015__2,1548,Ch C,RMot,ArxRosa-1015,Arx(F/y)-Rosa(+/wt)-Sham
ArxRosa-1015__2,1548,Ch D,LVis,ArxRosa-1015,Arx(F/y)-Rosa(+/wt)-Sham
ArxRosa-1015__2,1548,Ch E,RVis,ArxRosa-1015,Arx(F/y)-Rosa(+/wt)-Sham
ArxRosa-1015__2,1548,Ch F,RHip,ArxRosa-1015,Arx(F/y)-Rosa(+/wt)-Sham
ArxRosa-1015__2,1548,Ch G,LHip,ArxRosa-1015,Arx(F/y)-Rosa(+/wt)-Sham
ArxRosa-1015__2,1548,Ch H,RBar,ArxRosa-1015,Arx(F/y)-Rosa(+/wt)-Sham
ArxRosa-1015__2,2127,Ch A,LVis,ArxRosa-1015,Arx(F/y)-Rosa(+/wt)-Sham
ArxRosa-1015__2,2127,Ch B,RMot,ArxRosa-1015,Arx(F/y)-Rosa(+/wt)-Sham
ArxRosa-1015__2,2127,Ch C,RBar,ArxRosa-1015,Arx(F/y)-Rosa(+/wt)-Sham
ArxRosa-1015__2,2127,Ch D,RVis,ArxRosa-1015,Arx(F/y)-Rosa(+/wt)-Sham
ArxRosa-1015__2,2127,Ch E,LBar,ArxRosa-1015,Arx(F/y)-Rosa(+/wt)-Sham
ArxRosa-1015__2,2127,Ch F,LHip,ArxRosa-1015,Arx(F/y)-Rosa(+/wt)-Sham
ArxRosa-1015__2,2127,Ch G,LMot,ArxRosa-1015,Arx(F/y)-Rosa(+/wt)-Sham
ArxRosa-1015__2,2127,Ch H,RHip,ArxRosa-1015,Arx(F/y)-Rosa(+/wt)-Sham
ArxRosa-1015__2,2207,Ch A,LMot,ArxRosa-1015,Arx(F/y)-Rosa(+/wt)-Sham
ArxRosa-1015__2,2207,Ch B,RMot,ArxRosa-1015,Arx(F/y)-Rosa(+/wt)-Sham
ArxRosa-1015__2,2207,Ch C,RBar,ArxRosa-1015,Arx(F/y)-Rosa(+/wt)-Sham
ArxRosa-1015__2,2207,Ch D,RVis,ArxRosa-1015,Arx(F/y)-Rosa(+/wt)-Sham
ArxRosa-1015__2,2207,Ch E,LBar,ArxRosa-1015,Arx(F/y)-Rosa(+/wt)-Sham
ArxRosa-1015__2,2207,Ch F,LHip,ArxRosa-1015,Arx(F/y)-Rosa(+/wt)-Sham
ArxRosa-1015__2,2207,Ch G,RHip,ArxRosa-1015,Arx(F/y)-Rosa(+/wt)-Sham
ArxRosa-1015__2,2207,Ch H,LVis,ArxRosa-1015,Arx(F/y)-Rosa(+/wt)-Sham
ArxRosa-1015__2,2389,Ch A,RVis,ArxRosa-1015,Arx(F/y)-Rosa(+/wt)-Sham
ArxRosa-1015__2,2389,Ch B,RHip,ArxRosa-1015,Arx(F/y)-Rosa(+/wt)-Sham
ArxRosa-1015__2,2389,Ch C,LBar,ArxRosa-1015,Arx(F/y)-Rosa(+/wt)-Sham
ArxRosa-1015__2,2389,Ch D,RBar,ArxRosa-1015,Arx(F/y)-Rosa(+/wt)-Sham
ArxRosa-1015__2,2389,Ch E,RMot,ArxRosa-1015,Arx(F/y)-Rosa(+/wt)-Sham
ArxRosa-1015__2,2389,Ch F,LHip,ArxRosa-1015,Arx(F/y)-Rosa(+/wt)-Sham
ArxRosa-1015__2,2389,Ch G,LMot,ArxRosa-1015,Arx(F/y)-Rosa(+/wt)-Sham
ArxRosa-1015__2,2389,Ch H,LVis,ArxRosa-1015,Arx(F/y)-Rosa(+/wt)-Sham
ArxRosa-1015__2,2477,Ch A,LVis,ArxRosa-1015,Arx(F/y)-Rosa(+/wt)-Sham
ArxRosa-1015__2,2477,Ch B,RVis,ArxRosa-1015,Arx(F/y)-Rosa(+/wt)-Sham
ArxRosa-1015__2,2477,Ch C,LMot,ArxRosa-1015,Arx(F/y)-Rosa(+/wt)-Sham
ArxRosa-1015__2,2477,Ch D,LHip,ArxRosa-1015,Arx(F/y)-Rosa(+/wt)-Sham
ArxRosa-1015__2,2477,Ch E,RMot,ArxRosa-1015,Arx(F/y)-Rosa(+/wt)-Sham
ArxRosa-1015__2,2477,Ch F,RHip,ArxRosa-1015,Arx(F/y)-Rosa(+/wt)-Sham
ArxRosa-1015__2,2477,Ch G,RBar,ArxRosa-1015,Arx(F/y)-Rosa(+/wt)-Sham
ArxRosa-1015__2,2477,Ch H,LBar,ArxRosa-1015,Arx(F/y)-Rosa(+/wt)-Sham
ArxRosa-1015__2,3082,Ch A,RMot,ArxRosa-1015,Arx(F/y)-Rosa(+/wt)-Sham
ArxRosa-1015__2,3082,Ch B,LVis,ArxRosa-1015,Arx(F/y)-Rosa(+/wt)-Sham
ArxRosa-1015__2,3082,Ch C,RBar,ArxRosa-1015,Arx(F/y)-Rosa(+/wt)-Sham
ArxRosa-1015__2,3082,Ch D,RVis,ArxRosa-1015,Arx(F/y)-Rosa(+/wt)-Sham
ArxRosa-1015__2,3082,Ch E,RHip,ArxRosa-1015,Arx(F/y)-Rosa(+/wt)-Sham
ArxRosa-1015__2,3082,Ch F,LHip,ArxRosa-1015,Arx(F/y)-Rosa(+/wt)-Sham
ArxRosa-1015__2,3082,Ch G,LMot,ArxRosa-1015,Arx(F/y)-Rosa(+/wt)-Sham
ArxRosa-1015__2,3082,Ch H,LBar,ArxRosa-1015,Arx(F/y)-Rosa(+/wt)-Sham
ArxRosa-1015__2,3479,Ch A,LBar,ArxRosa-1015,Arx(F/y)-Rosa(+/wt)-Sham
ArxRosa-1015__2,3479,Ch B,LHip,ArxRosa-1015,Arx(F/y)-Rosa(+/wt)-Sham
ArxRosa-1015__2,3479,Ch C,RVis,ArxRosa-1015,Arx(F/y)-Rosa(+/wt)-Sham
ArxRosa-1015__2,3479,Ch D,RBar,ArxRosa-1015,Arx(F/y)-Rosa(+/wt)-Sham
ArxRosa-1015__2,3479,Ch E,RHip,ArxRosa-1015,Arx(F/y)-Rosa(+/wt)-Sham
ArxRosa-1015__2,3479,Ch F,RMot,ArxRosa-1015,Arx(F/y)-Rosa(+/wt)-Sham
ArxRosa-1015__2,3479,Ch G,LMot,ArxRosa-1015,Arx(F/y)-Rosa(+/wt)-Sham
ArxRosa-1015__2,3479,Ch H,LVis,ArxRosa-1015,Arx(F/y)-Rosa(+/wt)-Sham
ArxRosa-1015__2,5591,Ch A,RVis,ArxRosa-1015,Arx(F/y)-Rosa(+/wt)-Sham
ArxRosa-1015__2,5591,Ch B,RHip,ArxRosa-1015,Arx(F/y)-Rosa(+/wt)-Sham
ArxRosa-1015__2,5591,Ch C,LHip,ArxRosa-1015,Arx(F/y)-Rosa(+/wt)-Sham
ArxRosa-1015__2,5591,Ch D,LMot,ArxRosa-1015,Arx(F/y)-Rosa(+/wt)-Sham
ArxRosa-1015__2,5591,Ch E,LBar,ArxRosa-1015,Arx(F/y)-Rosa(+/wt)-Sham
ArxRosa-1015__2,5591,Ch F,RMot,ArxRosa-1015,Arx(F/y)-Rosa(+/wt)-Sham
ArxRosa-1015__2,5591,Ch G,RBar,ArxRosa-1015,Arx(F/y)-Rosa(+/wt)-Sham
ArxRosa-1015__2,5591,Ch H,LVis,ArxRosa-1015,Arx(F/y)-Rosa(+/wt)-Sham
ArxRosa-1017__0,2495,Ch A,LVis,ArxRosa-1017,Arx(F/y)-Rosa(+/wt)-Sham
ArxRosa-1017__0,2495,Ch B,RMot,ArxRosa-1017,Arx(F/y)-Rosa(+/wt)-Sham
ArxRosa-1017__0,2495,Ch C,LBar,ArxRosa-1017,Arx(F/y)-Rosa(+/wt)-Sham
ArxRosa-1017__0,2495,Ch D,LMot,ArxRosa-1017,Arx(F/y)-Rosa(+/wt)-Sham
ArxRosa-1017__0,2495,Ch E,RHip,ArxRosa-1017,Arx(F/y)-Rosa(+/wt)-Sham
ArxRosa-1017__0,2495,Ch F,RVis,ArxRosa-1017,Arx(F/y)-Rosa(+/wt)-Sham
ArxRosa-1017__0,2495,Ch G,LHip,ArxRosa-1017,Arx(F/y)-Rosa(+/wt)-Sham
ArxRosa-1017__0,2495,Ch H,RBar,ArxRosa-1017,Arx(F/y)-Rosa(+/wt)-Sham
ArxRosa-1017__0,2530,Ch A,RVis,ArxRosa-1017,Arx(F/y)-Rosa(+/wt)-Sham
ArxRosa-1017__0,2530,Ch B,LBar,ArxRosa-1017,Arx(F/y)-Rosa(+/wt)-Sham
ArxRosa-1017__0,2530,Ch C,LHip,ArxRosa-1017,Arx(F/y)-Rosa(+/wt)-Sham
ArxRosa-1017__0,2530,Ch D,RMot,ArxRosa-1017,Arx(F/y)-Rosa(+/wt)-Sham
ArxRosa-1017__0,2530,Ch E,RHip,ArxRosa-1017,Arx(F/y)-Rosa(+/wt)-Sham
ArxRosa-1017__0,2530,Ch F,LMot,ArxRosa-1017,Arx(F/y)-Rosa(+/wt)-Sham
ArxRosa-1017__0,2530,Ch G,LVis,ArxRosa-1017,Arx(F/y)-Rosa(+/wt)-Sham
ArxRosa-1017__0,2530,Ch H,RBar,ArxRosa-1017,Arx(F/y)-Rosa(+/wt)-Sham
ArxRosa-1017__0,3461,Ch A,LVis,ArxRosa-1017,Arx(F/y)-Rosa(+/wt)-Sham
ArxRosa-1017__0,3461,Ch B,LHip,ArxRosa-1017,Arx(F/y)-Rosa(+/wt)-Sham
ArxRosa-1017__0,3461,Ch C,RBar,ArxRosa-1017,Arx(F/y)-Rosa(+/wt)-Sham
ArxRosa-1017__0,3461,Ch D,LMot,ArxRosa-1017,Arx(F/y)-Rosa(+/wt)-Sham
ArxRosa-1017__0,3461,Ch E,RHip,ArxRosa-1017,Arx(F/y)-Rosa(+/wt)-Sham
ArxRosa-1017__0,3461,Ch F,LBar,ArxRosa-1017,Arx(F/y)-Rosa(+/wt)-Sham
ArxRosa-1017__0,3461,Ch G,RMot,ArxRosa-1017,Arx(F/y)-Rosa(+/wt)-Sham
ArxRosa-1017__0,3461,Ch H,RVis,ArxRosa-1017,Arx(F/y)-Rosa(+/wt)-Sham
ArxRosa-1017__0,3718,Ch A,LVis,ArxRosa-1017,Arx(F/y)-Rosa(+/wt)-Sham
ArxRosa-1017__0,3718,Ch B,RHip,ArxRosa-1017,Arx(F/y)-Rosa(+/wt)-Sham
ArxRosa-1017__0,3718,Ch C,LHip,ArxRosa-1017,Arx(F/y)-Rosa(+/wt)-Sham
ArxRosa-1017__0,3718,Ch D,RBar,ArxRosa-1017,Arx(F/y)-Rosa(+/wt)-Sham
ArxRosa-1017__0,3718,Ch E,RMot,ArxRosa-1017,Arx(F/y)-Rosa(+/wt)-Sham
ArxRosa-1017__0,3718,Ch F,LMot,ArxRosa-1017,Arx(F/y)-Rosa(+/wt)-Sham
ArxRosa-1017__0,3718,Ch G,RVis,ArxRosa-1017,Arx(F/y)-Rosa(+/wt)-Sham
ArxRosa-1017__0,3718,Ch H,LBar,ArxRosa-1017,Arx(F/y)-Rosa(+/wt)-Sham
ArxRosa-1017__0,5408,Ch A,LBar,ArxRosa-1017,Arx(F/y)-Rosa(+/wt)-Sham
ArxRosa-1017__0,5408,Ch B,RVis,ArxRosa-1017,Arx(F/y)-Rosa(+/wt)-Sham
ArxRosa-1017__0,5408,Ch C,RHip,ArxRosa-1017,Arx(F/y)-Rosa(+/wt)-Sham
ArxRosa-1017__0,5408,Ch D,LMot,ArxRosa-1017,Arx(F/y)-Rosa(+/wt)-Sham
ArxRosa-1017__0,5408,Ch E,LVis,ArxRosa-1017,Arx(F/y)-Rosa(+/wt)-Sham
ArxRosa-1017__0,5408,Ch F,LHip,ArxRosa-1017,Arx(F/y)-Rosa(+/wt)-Sham
ArxRosa-1017__0,5408,Ch G,RBar,ArxRosa-1017,Arx(F/y)-Rosa(+/wt)-Sham
ArxRosa-1017__0,5408,Ch H,RMot,ArxRosa-1017,Arx(F/y)-Rosa(+/wt)-Sham
ArxRosa-1017__0,6971,Ch A,LVis,ArxRosa-1017,Arx(F/y)-Rosa(+/wt)-Sham
ArxRosa-1017__0,6971,Ch B,LMot,ArxRosa-1017,Arx(F/y)-Rosa(+/wt)-Sham
ArxRosa-1017__0,6971,Ch C,RVis,ArxRosa-1017,Arx(F/y)-Rosa(+/wt)-Sham
ArxRosa-1017__0,6971,Ch D,RBar,ArxRosa-1017,Arx(F/y)-Rosa(+/wt)-Sham
ArxRosa-1017__0,6971,Ch E,RMot,ArxRosa-1017,Arx(F/y)-Rosa(+/wt)-Sham
ArxRosa-1017__0,6971,Ch F,LBar,ArxRosa-1017,Arx(F/y)-Rosa(+/wt)-Sham
ArxRosa-1017__0,6971,Ch G,LHip,ArxRosa-1017,Arx(F/y)-Rosa(+/wt)-Sham
ArxRosa-1017__0,6971,Ch H,RHip,ArxRosa-1017,Arx(F/y)-Rosa(+/wt)-Sham
ArxRosa-1017__0,9947,Ch A,LBar,ArxRosa-1017,Arx(F/y)-Rosa(+/wt)-Sham
ArxRosa-1017__0,9947,Ch B,LHip,ArxRosa-1017,Arx(F/y)-Rosa(+/wt)-Sham
ArxRosa-1017__0,9947,Ch C,LVis,ArxRosa-1017,Arx(F/y)-Rosa(+/wt)-Sham
ArxRosa-1017__0,9947,Ch D,LMot,ArxRosa-1017,Arx(F/y)-Rosa(+/wt)-Sham
ArxRosa-1017__0,9947,Ch E,RHip,ArxRosa-1017,Arx(F/y)-Rosa(+/wt)-Sham
ArxRosa-1017__0,9947,Ch F,RBar,ArxRosa-1017,Arx(F/y)-Rosa(+/wt)-Sham
ArxRosa-1017__0,9947,Ch G,RMot,ArxRosa-1017,Arx(F/y)-Rosa(+/wt)-Sham
ArxRosa-1017__0,9947,Ch H,RVis,ArxRosa-1017,Arx(F/y)-Rosa(+/wt)-Sham
ArxRosa-1017__0,11862,Ch A,LBar,ArxRosa-1017,Arx(F/y)-Rosa(+/wt)-Sham
ArxRosa-1017__0,11862,Ch B,LVis,ArxRosa-1017,Arx(F/y)-Rosa(+/wt)-Sham
ArxRosa-1017__0,11862,Ch C,RVis,ArxRosa-1017,Arx(F/y)-Rosa(+/wt)-Sham
ArxRosa-1017__0,11862,Ch D,LHip,ArxRosa-1017,Arx(F/y)-Rosa(+/wt)-Sham
ArxRosa-1017__0,11862,Ch E,RBar,ArxRosa-1017,Arx(F/y)-Rosa(+/wt)-Sham
ArxRosa-1017__0,11862,Ch F,RHip,ArxRosa-1017,Arx(F/y)-Rosa(+/wt)-Sham
ArxRosa-1017__0,11862,Ch G,LMot,ArxRosa-1017,Arx(F/y)-Rosa(+/wt)-Sham
ArxRosa-1017__0,11862,Ch H,RMot,ArxRosa-1017,Arx(F/y)-Rosa(+/wt)-Sham
ArxRosa-1017__0,12920,Ch A,LMot,ArxRosa-1017,Arx(F/y)-Rosa(+/wt)-Sham
ArxRosa-1017__0,12920,Ch B,RVis,ArxRosa-1017,Arx(F/y)-Rosa(+/wt)-Sham
ArxRosa-1017__0,12920,Ch C,RBar,ArxRosa-1017,Arx(F/y)-Rosa(+/wt)-Sham
ArxRosa-1017__0,12920,Ch D,RHip,ArxRosa-1017,Arx(F/y)-Rosa(+/wt)-Sham
ArxRosa-1017__0,12920,Ch E,LHip,ArxRosa-1017,Arx(F/y)-Rosa(+/wt)-Sham
ArxRosa-1017__0,12920,Ch F,RMot,ArxRosa-1017,Arx(F/y)-Rosa(+/wt)-Sham
ArxRosa-1017__0,12920,Ch G,LVis,ArxRosa-1017,Arx(F/y)-Rosa(+/wt)-Sham
ArxRosa-1017__0,12920,Ch H,LBar,ArxRosa-1017,Arx(F/y)-Rosa(+/wt)-Sham
ArxRosa-1017__1,1327,Ch A,RHip,ArxRosa-1017,Arx(F/y)-Rosa(+/wt)-Sham
ArxRosa-1017__1,1327,Ch B,RMot,ArxRosa-1017,Arx(F/y)-Rosa(+/wt)-Sham
ArxRosa-1017__1,1327,Ch C,LVis,ArxRosa-1017,Arx(F/y)-Rosa(+/wt)-Sham
ArxRosa-1017__1,1327,Ch D,LBar,ArxRosa-1017,Arx(F/y)-Rosa(+/wt)-Sham
ArxRosa-1017__1,1327,Ch E,LMot,ArxRosa-1017,Arx(F/y)-Rosa(+/wt)-Sham
ArxRosa-1017__1,1327,Ch F,LHip,ArxRosa-1017,Arx(F/y)-Rosa(+/wt)-Sham
ArxRosa-1017__1,1327,Ch G,RVis,ArxRosa-1017,Arx(F/y)-Rosa(+/wt)-Sham
ArxRosa-1017__1,1327,Ch H,RBar,ArxRosa-1017,Arx(F/y)-Rosa(+/wt)-Sham
ArxRosa-1017__1,3065,Ch A,RBar,ArxRosa-1017,Arx(F/y)-Rosa(+/wt)-Sham
ArxRosa-1017__1,3065,Ch B,LVis,ArxRosa-1017,Arx(F/y)-Rosa(+/wt)-Sham
ArxRosa-1017__1,3065,Ch C,RMot,ArxRosa-1017,Arx(F/y)-Rosa(+/wt)-Sham
ArxRosa-1017__1,3065,Ch D,RHip,ArxRosa-1017,Arx(F/y)-Rosa(+/wt)-Sham
ArxRosa-1017__1,3065,Ch E,LMot,ArxRosa-1017,Arx(F/y)-Rosa(+/wt)-Sham
ArxRosa-1017__1,3065,Ch F,RVis,ArxRosa-1017,Arx(F/y)-Rosa(+/wt)-Sham
ArxRosa-1017__1,3065,Ch G,LHip,ArxRosa-1017,Arx(F/y)-Rosa(+/wt)-Sham
ArxRosa-1017__1,3065,Ch H,LBar,ArxRosa-1017,Arx(F/y)-Rosa(+/wt)-Sham
ArxRosa-1017__1,3513,Ch A,RHip,ArxRosa-1017,Arx(F/y)-Rosa(+/wt)-Sham
ArxRosa-1017__1,3513,Ch B,LVis,ArxRosa-1017,Arx(F/y)-Rosa(+/wt)-Sham
ArxRosa-1017__1,3513,Ch C,RBar,ArxRosa-1017,Arx(F/y)-Rosa(+/wt)-Sham
ArxRosa-1017__1,3513,Ch D,LMot,ArxRosa-1017,Arx(F/y)-Rosa(+/wt)-Sham
ArxRosa-1017__1,3513,Ch E,RMot,ArxRosa-1017,Arx(F/y)-Rosa(+/wt)-Sham
ArxRosa-1017__1,3513,Ch F,RVis,ArxRosa-1017,Arx(F/y)-Rosa(+/wt)-Sham
ArxRosa-1017__1,3513,Ch G,LHip,ArxRosa-1017,Arx(F/y)-Rosa(+/wt)-Sham
ArxRosa-1017__1,3513,Ch H,LBar,ArxRosa-1017,Arx(F/y)-Rosa(+/wt)-Sham
ArxRosa-1017__1,6516,Ch A,RHip,ArxRosa-1017,Arx(F/y)-Rosa(+/wt)-Sham
ArxRosa-1017__1,6516,Ch B,LHip,ArxRosa-1017,Arx(F/y)-Rosa(+/wt)-Sham
ArxRosa-1017__1,6516,Ch C,RBar,ArxRosa-1017,Arx(F/y)-Rosa(+/wt)-Sham
ArxRosa-1017__1,6516,Ch D,LBar,ArxRosa-1017,Arx(F/y)-Rosa(+/wt)-Sham
ArxRosa-1017__1,6516,Ch E,RMot,ArxRosa-1017,Arx(F/y)-Rosa(+/wt)-Sham
ArxRosa-1017__1,6516,Ch F,RVis,ArxRosa-1017,Arx(F/y)-Rosa(+/wt)-Sham
ArxRosa-1017__1,6516,Ch G,LMot,ArxRosa-1017,Arx(F/y)-Rosa(+/wt)-Sham
ArxRosa-1017__1,6516,Ch H,LVis,ArxRosa-1017,Arx(F/y)-Rosa(+/wt)-Sham
ArxRosa-1017__1,10506,Ch A,RHip,ArxRosa-1017,Arx(F/y)-Rosa(+/wt)-Sham
ArxRosa-1017__1,10506,Ch B,LVis,ArxRosa-1017,Arx(F/y)-Rosa(+/wt)-Sham
ArxRosa-1017__1,10506,Ch C,RBar,ArxRosa-1017,Arx(F/y)-Rosa(+/wt)-Sham
ArxRosa-1017__1,10506,Ch D,RVis,ArxRosa-1017,Arx(F/y)-Rosa(+/wt)-Sham
ArxRosa-1017__1,10506,Ch E,LHip,ArxRosa-1017,Arx(F/y)-Rosa(+/wt)-Sham
ArxRosa-1017__1,10506,Ch F,LMot,ArxRosa-1017,Arx(F/y)-Rosa(+/wt)-Sham
ArxRosa-1017__1,10506,Ch G,RMot,ArxRosa-1017,Arx(F/y)-Rosa(+/wt)-Sham
ArxRosa-1017__1,10506,Ch H,LBar,ArxRosa-1017,Arx(F/y)-Rosa(+/wt)-Sham
ArxRosa-1017__1,11136,Ch A,LMot,ArxRosa-1017,Arx(F/y)-Rosa(+/wt)-Sham
ArxRosa-1017__1,11136,Ch B,LVis,ArxRosa-1017,Arx(F/y)-Rosa(+/wt)-Sham
ArxRosa-1017__1,11136,Ch C,RVis,ArxRosa-1017,Arx(F/y)-Rosa(+/wt)-Sham
ArxRosa-1017__1,11136,Ch D,RBar,ArxRosa-1017,Arx(F/y)-Rosa(+/wt)-Sham
ArxRosa-1017__1,11136,Ch E,LBar,ArxRosa-1017,Arx(F/y)-Rosa(+/wt)-Sham
ArxRosa-1017__1,11136,Ch F,RHip,ArxRosa-1017,Arx(F/y)-Rosa(+/wt)-Sham
ArxRosa-1017__1,11136,Ch G,LHip,ArxRosa-1017,Arx(F/y)-Rosa(+/wt)-Sham
ArxRosa-1017__1,11136,Ch H,RMot,ArxRosa-1017,Arx(F/y)-Rosa(+/wt)-Sham
ArxRosa-1017__1,14777,Ch A,RMot,ArxRosa-1017,Arx(F/y)-Rosa(+/wt)-Sham
ArxRosa-1017__1,14777,Ch B,LMot,ArxRosa-1017,Arx(F/y)-Rosa(+/wt)-Sham
ArxRosa-1017__1,14777,Ch C,RBar,ArxRosa-1017,Arx(F/y)-Rosa(+/wt)-Sham
ArxRosa-1017__1,14777,Ch D,LHip,ArxRosa-1017,Arx(F/y)-Rosa(+/wt)-Sham
ArxRosa-1017__1,14777,Ch E,RHip,ArxRosa-1017,Arx(F/y)-Rosa(+/wt)-Sham
ArxRosa-1017__1,14777,Ch F,RVis,ArxRosa-1017,Arx(F/y)-Rosa(+/wt)-Sham
ArxRosa-1017__1,14777,Ch G,LVis,ArxRosa-1017,Arx(F/y)-Rosa(+/wt)-Sham
ArxRosa-1017__1,14777,Ch H,LBar,ArxRosa-1017,Arx(F/y)-Rosa(+/wt)-Sham
ArxRosa-1017__1,17128,Ch A,RVis,ArxRosa-1017,Arx(F/y)-Rosa(+/wt)-Sham
ArxRosa-1017__1,17128,Ch B,LHip,ArxRosa-1017,Arx(F/y)-Rosa(+/wt)-Sham
ArxRosa-1017__1,17128,Ch C,RBar,ArxRosa-1017,Arx(F/y)-Rosa(+/wt)-Sham
ArxRosa-1017__1,17128,Ch D,RMot,ArxRosa-1017,Arx(F/y)-Rosa(+/wt)-Sham
ArxRosa-1017__1,17128,Ch E,LBar,ArxRosa-1017,Arx(F/y)-Rosa(+/wt)-Sham
ArxRosa-1017__1,17128,Ch F,RHip,ArxRosa-1017,Arx(F/y)-Rosa(+/wt)-Sham
ArxRosa-1017__1,17128,Ch G,LMot,ArxRosa-1017,Arx(F/y)-Rosa(+/wt)-Sham
ArxRosa-1017__1,17128,Ch H,LVis,ArxRosa-1017,Arx(F/y)-Rosa(+/wt)-Sham
ArxRosa-1017__2,1548,Ch A,LHip,ArxRosa-1017,Arx(F/y)-Rosa(+/wt)-Sham
ArxRosa-1017__2,1548,Ch B,RHip,ArxRosa-1017,Arx(F/y)-Rosa(+/wt)-Sham
ArxRosa-1017__2,1548,Ch C,LVis,ArxRosa-1017,Arx(F/y)-Rosa(+/wt)-Sham
ArxRosa-1017__2,1548,Ch D,RMot,ArxRosa-1017,Arx(F/y)-Rosa(+/wt)-Sham
ArxRosa-1017__2,1548,Ch E,LMot,ArxRosa-1017,Arx(F/y)-Rosa(+/wt)-Sham
ArxRosa-1017__2,1548,Ch F,RVis,ArxRosa-1017,Arx(F/y)-Rosa(+/wt)-Sham
ArxRosa-1017__2,1548,Ch G,RBar,ArxRosa-1017,Arx(F/y)-Rosa(+/wt)-Sham
ArxRosa-1017__2,1548,Ch H,LBar,ArxRosa-1017,Arx(F/y)-Rosa(+/wt)-Sham
ArxRosa-1017__2,2127,Ch A,RHip,ArxRosa-1017,Arx(F/y)-Rosa(+/wt)-Sham
ArxRosa-1017__2,2127,Ch B,LVis,ArxRosa-1017,Arx(F/y)-Rosa(+/wt)-Sham
ArxRosa-1017__2,2127,Ch C,RBar,ArxRosa-1017,Arx(F/y)-Rosa(+/wt)-Sham
ArxRosa-1017__2,2127,Ch D,LBar,ArxRosa-1017,Arx(F/y)-Rosa(+/wt)-Sham
ArxRosa-1017__2,2127,Ch E,LMot,ArxRosa-1017,Arx(F/y)-Rosa(+/wt)-Sham
ArxRosa-1017__2,2127,Ch F,RMot,ArxRosa-1017,Arx(F/y)-Rosa(+/wt)-Sham
ArxRosa-1017__2,2127,Ch G,RVis,ArxRosa-1017,Arx(F/y)-Rosa(+/wt)-Sham
ArxRosa-1017__2,2127,Ch H,LHip,ArxRosa-1017,Arx(F/y)-Rosa(+/wt)-Sham
ArxRosa-1017__2,2207,Ch A,RHip,ArxRosa-1017,Arx(F/y)-Rosa(+/wt)-Sham
ArxRosa-1017__2,2207,Ch B,RVis,ArxRosa-1017,Arx(F/y)-Rosa(+/wt)-Sham
ArxRosa-1017__2,2207,Ch C,LHip,ArxRosa-1017,Arx(F/y)-Rosa(+/wt)-Sham
ArxRosa-1017__2,2207,Ch D,RBar,ArxRosa-1017,Arx(F/y)-Rosa(+/wt)-Sham
ArxRosa-1017__2,2207,Ch E,LMot,ArxRosa-1017,Arx(F/y)-Rosa(+/wt)-Sham
ArxRosa-1017__2,2207,Ch F,LBar,ArxRosa-1017,Arx(F/y)-Rosa(+/wt)-Sham
ArxRosa-1017__2,2207,Ch G,LVis,ArxRosa-1017,Arx(F/y)-Rosa(+/wt)-Sham
ArxRosa-1017__2,2207,Ch H,RMot,ArxRosa-1017,Arx(F/y)-Rosa(+/wt)-Sham
ArxRosa-1017__2,2389,Ch A,LVis,ArxRosa-1017,Arx(F/y)-Rosa(+/wt)-Sham
ArxRosa-1017__2,2389,Ch B,RVis,ArxRosa-1017,Arx(F/y)-Rosa(+/wt)-Sham
ArxRosa-1017__2,2389,Ch C,LHip,ArxRosa-1017,Arx(F/y)-Rosa(+/wt)-Sham
ArxRosa-1017__2,2389,Ch D,RBar,ArxRosa-1017,Arx(F/y)-Rosa(+/wt)-Sham
ArxRosa-1017__2,2389,Ch E,RMot,ArxRosa-1017,Arx(F/y)-Rosa(+/wt)-Sham
ArxRosa-1017__2,2389,Ch F,LMot,ArxRosa-1017,Arx(F/y)-Rosa(+/wt)-Sham
ArxRosa-1017__2,2389,Ch G,LBar,ArxRosa-1017,Arx(F/y)-Rosa(+/wt)-Sham
ArxRosa-1017__2,2389,Ch H,RHip,ArxRosa-1017,Arx(F/y)-Rosa(+/wt)-Sham
ArxRosa-1017__2,2477,Ch A,LHip,ArxRosa-1017,Arx(F/y)-Rosa(+/wt)-Sham
ArxRosa-1017__2,2477,Ch B,RVis,ArxRosa-1017,Arx(F/y)-Rosa(+/wt)-Sham
ArxRosa-1017__2,2477,Ch C,RBar,ArxRosa-1017,Arx(F/y)-Rosa(+/wt)-Sham
ArxRosa-1017__2,2477,Ch D,RMot,ArxRosa-1017,Arx(F/y)-Rosa(+/wt)-Sham
ArxRosa-1017__2,2477,Ch E,LVis,ArxRosa-1017,Arx(F/y)-Rosa(+/wt)-Sham
ArxRosa-1017__2,2477,Ch F,LBar,ArxRosa-1017,Arx(F/y)-Rosa(+/wt)-Sham
ArxRosa-1017__2,2477,Ch G,LMot,ArxRosa-1017,Arx(F/y)-Rosa(+/wt)-Sham
ArxRosa-1017__2,2477,Ch H,RHip,ArxRosa-1017,Arx(F/y)-Rosa(+/wt)-Sham
ArxRosa-1017__2,3082,Ch A,RMot,ArxRosa-1017,Arx(F/y)-Rosa(+/wt)-Sham
ArxRosa-1017__2,3082,Ch B,LHip,ArxRosa-1017,Arx(F/y)-Rosa(+/wt)-Sham
ArxRosa-1017__2,3082,Ch C,RVis,ArxRosa-1017,Arx(F/y)-Rosa(+/wt)-Sham
ArxRosa-1017__2,3082,Ch D,RHip,ArxRosa-1017,Arx(F/y)-Rosa(+/wt)-Sham
ArxRosa-1017__2,3082,Ch E,RBar,ArxRosa-1017,Arx(F/y)-Rosa(+/wt)-Sham
ArxRosa-1017__2,3082,Ch F,LVis,ArxRosa-1017,Arx(F/y)-Rosa(+/wt)-Sham
ArxRosa-1017__2,3082,Ch G,LBar,ArxRosa-1017,Arx(F/y)-Rosa(+/wt)-Sham
ArxRosa-1017__2,3082,Ch H,LMot,ArxRosa-1017,Arx(F/y)-Rosa(+/wt)-Sham
ArxRosa-1017__2,3479,Ch A,RBar,ArxRosa-1017,Arx(F/y)-Rosa(+/wt)-Sham
ArxRosa-1017__2,3479,Ch B,RVis,ArxRosa-1017,Arx(F/y)-Rosa(+/wt)-Sham
ArxRosa-1017__2,3479,Ch C,RMot,ArxRosa-1017,Arx(F/y)-Rosa(+/wt)-Sham
ArxRosa-1017__2,3479,Ch D,LMot,ArxRosa-1017,Arx(F/y)-Rosa(+/wt)-Sham
ArxRosa-1017__2,3479,Ch E,LVis,ArxRosa-1017,Arx(F/y)-Rosa(+/wt)-Sham
ArxRosa-1017__2,3479,Ch F,LHip,ArxRosa-1017,Arx(F/y)-Rosa(+/wt)-Sham
ArxRosa-1017__2,3479,Ch G,LBar,ArxRosa-1017,Arx(F/y)-Rosa(+/wt)-Sham
ArxRosa-1017__2,3479,Ch H,RHip,ArxRosa-1017,Arx(F/y)-Rosa(+/wt)-Sham
ArxRosa-1017__2,5591,Ch A,RMot,ArxRosa-1017,Arx(F/y)-Rosa(+/wt)-Sham
ArxRosa-1017__2,5591,Ch B,RHip,ArxRosa-1017,Arx(F/y)-Rosa(+/wt)-Sham
ArxRosa-1017__2,5591,Ch C,RVis,ArxRosa-1017,Arx(F/y)-Rosa(+/wt)-Sham
ArxRosa-1017__2,5591,Ch D,LVis,ArxRosa-1017,Arx(F/y)-Rosa(+/wt)-Sham
ArxRosa-1017__2,5591,Ch E,LBar,ArxRosa-1017,Arx(F/y)-Rosa(+/wt)-Sham
ArxRosa-1017__2,5591,Ch F,LHip,ArxRosa-1017,Arx(F/y)-Rosa(+/wt)-Sham
ArxRosa-1017__2,5591,Ch G,LMot,ArxRosa-1017,Arx(F/y)-Rosa(+/wt)-Sham
ArxRosa-1017__2,5591,Ch H,RBar,ArxRosa-1017,Arx(F/y)-Rosa(+/wt)-Sham
ArxRosa-1201__0,181,Ch A,LHip,ArxRosa-1201,Arx(F/y)-Rosa(+/wt)-Tam
ArxRosa-1201__0,181,Ch B,RVis,ArxRosa-1201,Arx(F/y)-Rosa(+/wt)-Tam
ArxRosa-1201__0,181,Ch C,LVis,ArxRosa-1201,Arx(F/y)-Rosa(+/wt)-Tam
ArxRosa-1201__0,181,Ch D,RMot,ArxRosa-1201,Arx(F/y)-Rosa(+/wt)-Tam
ArxRosa-1201__0,181,Ch E,LBar,ArxRosa-1201,Arx(F/y)-Rosa(+/wt)-Tam
ArxRosa-1201__0,181,Ch F,RBar,ArxRosa-1201,Arx(F/y)-Rosa(+/wt)-Tam
ArxRosa-1201__0,181,Ch G,RHip,ArxRosa-1201,Arx(F/y)-Rosa(+/wt)-Tam
ArxRosa-1201__0,181,Ch H,LMot,ArxRosa-1201,Arx(F/y)-Rosa(+/wt)-Tam
ArxRosa-1201__0,647,Ch A,RVis,ArxRosa-1201,Arx(F/y)-Rosa(+/wt)-Tam
ArxRosa-1201__0,647,Ch B,LVis,ArxRosa-1201,Arx(F/y)-Rosa(+/wt)-Tam
ArxRosa-1201__0,647,Ch C,RHip,ArxRosa-1201,Arx(F/y)-Rosa(+/wt)-Tam
ArxRosa-1201__0,647,Ch D,LHip,ArxRosa-1201,Arx(F/y)-Rosa(+/wt)-Tam
ArxRosa-1201__0,647,Ch E,RMot,ArxRosa-1201,Arx(F/y)-Rosa(+/wt)-Tam
ArxRosa-1201__0,647,Ch F,LMot,ArxRosa-1201,Arx(F/y)-Rosa(+/wt)-Tam
ArxRosa-1201__0,647,Ch G,RBar,ArxRosa-1201,Arx(F/y)-Rosa(+/wt)-Tam
ArxRosa-1201__0,647,Ch H,LBar,ArxRosa-1201,Arx(F/y)-Rosa(+/wt)-Tam
ArxRosa-1201__0,3559,Ch A,LMot,ArxRosa-1201,Arx(F/y)-Rosa(+/wt)-Tam
ArxRosa-1201__0,3559,Ch B,LHip,ArxRosa-1201,Arx(F/y)-Rosa(+/wt)-Tam
ArxRosa-1201__0,3559,Ch C,LBar,ArxRosa-1201,Arx(F/y)-Rosa(+/wt)-Tam
ArxRosa-1201__0,3559,Ch D,RBar,ArxRosa-1201,Arx(F/y)-Rosa(+/wt)-Tam
ArxRosa-1201__0,3559,Ch E,RVis,ArxRosa-1201,Arx(F/y)-Rosa(+/wt)-Tam
ArxRosa-1201__0,3559,Ch F,RMot,ArxRosa-1201,Arx(F/y)-Rosa(+/wt)-Tam
ArxRosa-1201__0,3559,Ch G,LVis,ArxRosa-1201,Arx(F/y)-Rosa(+/wt)-Tam
ArxRosa-1201__0,3559,Ch H,RHip,ArxRosa-1201,Arx(F/y)-Rosa(+/wt)-Tam
ArxRosa-1201__0,4720,Ch A,RMot,ArxRosa-1201,Arx(F/y)-Rosa(+/wt)-Tam
ArxRosa-1201__0,4720,Ch B,LVis,ArxRosa-1201,Arx(F/y)-Rosa(+/wt)-Tam
ArxRosa-1201__0,4720,Ch C,RVis,ArxRosa-1201,Arx(F/y)-Rosa(+/wt)-Tam
ArxRosa-1201__0,4720,Ch D,LHip,ArxRosa-1201,Arx(F/y)-Rosa(+/wt)-Tam
ArxRosa-1201__0,4720,Ch E,RHip,ArxRosa-1201,Arx(F/y)-Rosa(+/wt)-Tam
ArxRosa-1201__0,4720,Ch F,LBar,ArxRosa-1201,Arx(F/y)-Rosa(+/wt)-Tam
ArxRosa-1201__0,4720,Ch G,LMot,ArxRosa-1201,Arx(F/y)-Rosa(+/wt)-Tam
ArxRosa-1201__0,4720,Ch H,RBar,ArxRosa-1201,Arx(F/y)-Rosa(+/wt)-Tam
ArxRosa-1201__0,5182,Ch A,RHip,ArxRosa-1201,Arx(F/y)-Rosa(+/wt)-Tam
ArxRosa-1201__0,5182,Ch B,RMot,ArxRosa-1201,Arx(F/y)-Rosa(+/wt)-Tam
ArxRosa-1201__0,5182,Ch C,LBar,ArxRosa-1201,Arx(F/y)-Rosa(+/wt)-Tam
ArxRosa-1201__0,5182,Ch D,LMot,ArxRosa-1201,Arx(F/y)-Rosa(+/wt)-Tam
ArxRosa-1201__0,5182,Ch E,RBar,ArxRosa-1201,Arx(F/y)-Rosa(+/wt)-Tam
ArxRosa-1201__0,5182,Ch F,LVis,ArxRosa-1201,Arx(F/y)-Rosa(+/wt)-Tam
ArxRosa-1201__0,5182,Ch G,RVis,ArxRosa-1201,Arx(F/y)-Rosa(+/wt)-Tam
ArxRosa-1201__0,5182,Ch H,LHip,ArxRosa-1201,Arx(F/y)-Rosa(+/wt)-Tam
ArxRosa-1201__0,8180,Ch A,RBar,ArxRosa-1201,Arx(F/y)-Rosa(+/wt)-Tam
ArxRosa-1201__0,8180,Ch B,RMot,ArxRosa-1201,Arx(F/y)-Rosa(+/wt)-Tam
ArxRosa-1201__0,8180,Ch C,LVis,ArxRosa-1201,Arx(F/y)-Rosa(+/wt)-Tam
ArxRosa-1201__0,8180,Ch D,RVis,ArxRosa-1201,Arx(F/y)-Rosa(+/wt)-Tam
ArxRosa-1201__0,8180,Ch E,RHip,ArxRosa-1201,Arx(F/y)-Rosa(+/wt)-Tam
ArxRosa-1201__0,8180,Ch F,LBar,ArxRosa-1201,Arx(F/y)-Rosa(+/wt)-Tam
ArxRosa-1201__0,8180,Ch G,LMot,ArxRosa-1201,Arx(F/y)-Rosa(+/wt)-Tam
ArxRosa-1201__0,8180,Ch H,LHip,ArxRosa-1201,Arx(F/y)-Rosa(+/wt)-Tam
ArxRosa-1201__0,12151,Ch A,LVis,ArxRosa-1201,Arx(F/y)-Rosa(+/wt)-Tam
ArxRosa-1201__0,12151,Ch B,RMot,ArxRosa-1201,Arx(F/y)-Rosa(+/wt)-Tam
ArxRosa-1201__0,12151,Ch C,RBar,ArxRosa-1201,Arx(F/y)-Rosa(+/wt)-Tam
ArxRosa-1201__0,12151,Ch D,RVis,ArxRosa-1201,Arx(F/y)-Rosa(+/wt)-Tam
ArxRosa-1201__0,12151,Ch E,LBar,ArxRosa-1201,Arx(F/y)-Rosa(+/wt)-Tam
ArxRosa-1201__0,12151,Ch F,LMot,ArxRosa-1201,Arx(F/y)-Rosa(+/wt)-Tam
ArxRosa-1201__0,12151,Ch G,RHip,ArxRosa-1201,Arx(F/y)-Rosa(+/wt)-Tam
ArxRosa-1201__0,12151,Ch H,LHip,ArxRosa-1201,Arx(F/y)-Rosa(+/wt)-Tam
ArxRosa-1201__0,12587,Ch A,RHip,ArxRosa-1201,Arx(F/y)-Rosa(+/wt)-Tam
ArxRosa-1201__0,12587,Ch B,LVis,ArxRosa-1201,Arx(F/y)-Rosa(+/wt)-Tam
ArxRosa-1201__0,12587,Ch C,LBar,ArxRosa-1201,Arx(F/y)-Rosa(+/wt)-Tam
ArxRosa-1201__0,12587,Ch D,LHip,ArxRosa-1201,Arx(F/y)-Rosa(+/wt)-Tam
ArxRosa-1201__0,12587,Ch E,RVis,ArxRosa-1201,Arx(F/y)-Rosa(+/wt)-Tam
ArxRosa-1201__0,12587,Ch F,LMot,ArxRosa-1201,Arx(F/y)-Rosa(+/wt)-Tam
ArxRosa-1201__0,12587,Ch G,RBar,ArxRosa-1201,Arx(F/y)-Rosa(+/wt)-Tam
ArxRosa-1201__0,12587,Ch H,RMot,ArxRosa-1201,Arx(F/y)-Rosa(+/wt)-Tam
ArxRosa-1201__0,16971,Ch A,LMot,ArxRosa-1201,Arx(F/y)-Rosa(+/wt)-Tam
ArxRosa-1201__0,16971,Ch B,LHip,ArxRosa-1201,Arx(F/y)-Rosa(+/wt)-Tam
ArxRosa-1201__0,16971,Ch C,RHip,ArxRosa-1201,Arx(F/y)-Rosa(+/wt)-Tam
ArxRosa-1201__0,16971,Ch D,LVis,ArxRosa-1201,Arx(F/y)-Rosa(+/wt)-Tam
ArxRosa-1201__0,16971,Ch E,RVis,ArxRosa-1201,Arx(F/y)-Rosa(+/wt)-Tam
ArxRosa-1201__0,16971,Ch F,RBar,ArxRosa-1201,Arx(F/y)-Rosa(+/wt)-Tam
ArxRosa-1201__0,16971,Ch G,LBar,ArxRosa-1201,Arx(F/y)-Rosa(+/wt)-Tam
ArxRosa-1201__0,16971,Ch H,RMot,ArxRosa-1201,Arx(F/y)-Rosa(+/wt)-Tam
ArxRosa-1201__1,1327,Ch A,RVis,ArxRosa-1201,Arx(F/y)-Rosa(+/wt)-Tam
ArxRosa-1201__1,1327,Ch B,LBar,ArxRosa-1201,Arx(F/y)-Rosa(+/wt)-Tam
ArxRosa-1201__1,1327,Ch C,RHip,ArxRosa-1201,Arx(F/y)-Rosa(+/wt)-Tam
ArxRosa-1201__1,1327,Ch D,LMot,ArxRosa-1201,Arx(F/y)-Rosa(+/wt)-Tam
ArxRosa-1201__1,1327,Ch E,RMot,ArxRosa-1201,Arx(F/y)-Rosa(+/wt)-Tam
ArxRosa-1201__1,1327,Ch F,LVis,ArxRosa-1201,Arx(F/y)-Rosa(+/wt)-Tam
ArxRosa-1201__1,1327,Ch G,RBar,ArxRosa-1201,Arx(F/y)-Rosa(+/wt)-Tam
ArxRosa-1201__1,1327,Ch H,LHip,ArxRosa-1201,Arx(F/y)-Rosa(+/wt)-Tam
ArxRosa-1201__1,3065,Ch A,RMot,ArxRosa-1201,Arx(F/y)-Rosa(+/wt)-Tam
ArxRosa-1201__1,3065,Ch B,LVis,ArxRosa-1201,Arx(F/y)-Rosa(+/wt)-Tam
ArxRosa-1201__1,3065,Ch C,RVis,ArxRosa-1201,Arx(F/y)-Rosa(+/wt)-Tam
ArxRosa-1201__1,3065,Ch D,LBar,ArxRosa-1201,Arx(F/y)-Rosa(+/wt)-Tam
ArxRosa-1201__1,3065,Ch E,RBar,ArxRosa-1201,Arx(F/y)-Rosa(+/wt)-Tam
ArxRosa-1201__1,3065,Ch F,LHip,ArxRosa-1201,Arx(F/y)-Rosa(+/wt)-Tam
ArxRosa-1201__1,3065,Ch G,LMot,ArxRosa-1201,Arx(F/y)-Rosa(+/wt)-Tam
ArxRosa-1201__1,3065,Ch H,RHip,ArxRosa-1201,Arx(F/y)-Rosa(+/wt)-Tam
ArxRosa-1201__1,3513,Ch A,LVis,ArxRosa-1201,Arx(F/y)-Rosa(+/wt)-Tam
ArxRosa-1201__1,3513,Ch B,RMot,ArxRosa-1201,Arx(F/y)-Rosa(+/wt)-Tam
ArxRosa-1201__1,3513,Ch C,LBar,ArxRosa-1201,Arx(F/y)-Rosa(+/wt)-Tam
ArxRosa-1201__1,3513,Ch D,RVis,ArxRosa-1201,Arx(F/y)-Rosa(+/wt)-Tam
ArxRosa-1201__1,3513,Ch E,RBar,ArxRosa-1201,Arx(F/y)-Rosa(+/wt)-Tam
ArxRosa-1201__1,3513,Ch F,LHip,ArxRosa-1201,Arx(F/y)-Rosa(+/wt)-Tam
ArxRosa-1201__1,3513,Ch G,LMot,ArxRosa-1201,Arx(F/y)-Rosa(+/wt)-Tam
ArxRosa-1201__1,3513,Ch H,RHip,ArxRosa-1201,Arx(F/y)-Rosa(+/wt)-Tam
ArxRosa-1201__1,6516,Ch A,RVis,ArxRosa-1201,Arx(F/y)-Rosa(+/wt)-Tam
ArxRosa-1201__1,6516,Ch B,RHip,ArxRosa-1201,Arx(F/y)-Rosa(+/wt)-Tam
ArxRosa-1201__1,6516,Ch C,LVis,ArxRosa-1201,Arx(F/y)-Rosa(+/wt)-Tam
ArxRosa-1201__1,6516,Ch D,RBar,ArxRosa-1201,Arx(F/y)-Rosa(+/wt)-Tam
ArxRosa-1201__1,6516,Ch E,RMot,ArxRosa-1201,Arx(F/y)-Rosa(+/wt)-Tam
ArxRosa-1201__1,6516,Ch F,LBar,ArxRosa-1201,Arx(F/y)-Rosa(+/wt)-Tam
ArxRosa-1201__1,6516,Ch G,LMot,ArxRosa-1201,Arx(F/y)-Rosa(+/wt)-Tam
ArxRosa-1201__1,6516,Ch H,LHip,ArxRosa-1201,Arx(F/y)-Rosa(+/wt)-Tam
ArxRosa-1201__1,10506,Ch A,RBar,ArxRosa-1201,Arx(F/y)-Rosa(+/wt)-Tam
ArxRosa-1201__1,10506,Ch B,RHip,ArxRosa-1201,Arx(F/y)-Rosa(+/wt)-Tam
ArxRosa-1201__1,10506,Ch C,LVis,ArxRosa-1201,Arx(F/y)-Rosa(+/wt)-Tam
ArxRosa-1201__1,10506,Ch D,RMot,ArxRosa-1201,Arx(F/y)-Rosa(+/wt)-Tam
ArxRosa-1201__1,10506,Ch E,LMot,ArxRosa-1201,Arx(F/y)-Rosa(+/wt)-Tam
ArxRosa-1201__1,10506,Ch F,LHip,ArxRosa-1201,Arx(F/y)-Rosa(+/wt)-Tam
ArxRosa-1201__1,10506,Ch G,LBar,ArxRosa-1201,Arx(F/y)-Rosa(+/wt)-Tam
ArxRosa-1201__1,10506,Ch H,RVis,ArxRosa-1201,Arx(F/y)-Rosa(+/wt)-Tam
ArxRosa-1201__1,11136,Ch A,LVis,ArxRosa-1201,Arx(F/y)-Rosa(+/wt)-Tam
ArxRosa-1201__1,11136,Ch B,RVis,ArxRosa-1201,Arx(F/y)-Rosa(+/wt)-Tam
ArxRosa-1201__1,11136,Ch C,RHip,ArxRosa-1201,Arx(F/y)-Rosa(+/wt)-Tam
ArxRosa-1201__1,11136,Ch D,LBar,ArxRosa-1201,Arx(F/y)-Rosa(+/wt)-Tam
ArxRosa-1201__1,11136,Ch E,RBar,ArxRosa-1201,Arx(F/y)-Rosa(+/wt)-Tam
ArxRosa-1201__1,11136,Ch F,LMot,ArxRosa-1201,Arx(F/y)-Rosa(+/wt)-Tam
ArxRosa-1201__1,11136,Ch G,LHip,ArxRosa-1201,Arx(F/y)-Rosa(+/wt)-Tam
ArxRosa-1201__1,11136,Ch H,RMot,ArxRosa-1201,Arx(F/y)-Rosa(+/wt)-Tam
ArxRosa-1201__1,14777,Ch A,RHip,ArxRosa-1201,Arx(F/y)-Rosa(+/wt)-Tam
ArxRosa-1201__1,14777,Ch B,RVis,ArxRosa-1201,Arx(F/y)-Rosa(+/wt)-Tam
ArxRosa-1201__1,14777,Ch C,LMot,ArxRosa-1201,Arx(F/y)-Rosa(+/wt)-Tam
ArxRosa-1201__1,14777,Ch D,LBar,ArxRosa-1201,Arx(F/y)-Rosa(+/wt)-Tam
ArxRosa-1201__1,14777,Ch E,LHip,ArxRosa-1201,Arx(F/y)-Rosa(+/wt)-Tam
ArxRosa-1201__1,14777,Ch F,RBar,ArxRosa-1201,Arx(F/y)-Rosa(+/wt)-Tam
ArxRosa-1201__1,14777,Ch G,LVis,ArxRosa-1201,Arx(F/y)-Rosa(+/wt)-Tam
ArxRosa-1201__1,14777,Ch H,RMot,ArxRosa-1201,Arx(F/y)-Rosa(+/wt)-Tam
ArxRosa-1201__1,17128,Ch A,LHip,ArxRosa-1201,Arx(F/y)-Rosa(+/wt)-Tam
ArxRosa-1201__1,17128,Ch B,LBar,ArxRosa-1201,Arx(F/y)-Rosa(+/wt)-Tam
ArxRosa-1201__1,17128,Ch C,LVis,ArxRosa-1201,Arx(F/y)-Rosa(+/wt)-Tam
ArxRosa-1201__1,17128,Ch D,RVis,ArxRosa-1201,Arx(F/y)-Rosa(+/wt)-Tam
ArxRosa-1201__1,17128,Ch E,RBar,ArxRosa-1201,Arx(F/y)-Rosa(+/wt)-Tam
ArxRosa-1201__1,17128,Ch F,RHip,ArxRosa-1201,Arx(F/y)-Rosa(+/wt)-Tam
ArxRosa-1201__1,17128,Ch G,RMot,ArxRosa-1201,Arx(F/y)-Rosa(+/wt)-Tam
ArxRosa-1201__1,17128,Ch H,LMot,ArxRosa-1201,Arx(F/y)-Rosa(+/wt)-Tam
ArxRosa-1201__2,2138,Ch A,LMot,ArxRosa-1201,Arx(F/y)-Rosa(+/wt)-Tam
ArxRosa-1201__2,2138,Ch B,LVis,ArxRosa-1201,Arx(F/y)-Rosa(+/wt)-Tam
ArxRosa-1201__2,2138,Ch C,LHip,ArxRosa-1201,Arx(F/y)-Rosa(+/wt)-Tam
ArxRosa-1201__2,2138,Ch D,RBar,ArxRosa-1201,Arx(F/y)-Rosa(+/wt)-Tam
ArxRosa-1201__2,2138,Ch E,RVis,ArxRosa-1201,Arx(F/y)-Rosa(+/wt)-Tam
ArxRosa-1201__2,2138,Ch F,LBar,ArxRosa-1201,Arx(F/y)-Rosa(+/wt)-Tam
ArxRosa-1201__2,2138,Ch G,RHip,ArxRosa-1201,Arx(F/y)-Rosa(+/wt)-Tam
ArxRosa-1201__2,2138,Ch H,RMot,ArxRosa-1201,Arx(F/y)-Rosa(+/wt)-Tam
ArxRosa-1201__2,4057,Ch A,RHip,ArxRosa-1201,Arx(F/y)-Rosa(+/wt)-Tam
ArxRosa-1201__2,4057,Ch B,RBar,ArxRosa-1201,Arx(F/y)-Rosa(+/wt)-Tam
ArxRosa-1201__2,4057,Ch C,RVis,ArxRosa-1201,Arx(F/y)-Rosa(+/wt)-Tam
ArxRosa-1201__2,4057,Ch D,RMot,ArxRosa-1201,Arx(F/y)-Rosa(+/wt)-Tam
ArxRosa-1201__2,4057,Ch E,LBar,ArxRosa-1201,Arx(F/y)-Rosa(+/wt)-Tam
ArxRosa-1201__2,4057,Ch F,LHip,ArxRosa-1201,Arx(F/y)-Rosa(+/wt)-Tam
ArxRosa-1201__2,4057,Ch G,LMot,ArxRosa-1201,Arx(F/y)-Rosa(+/wt)-Tam
ArxRosa-1201__2,4057,Ch H,LVis,ArxRosa-1201,Arx(F/y)-Rosa(+/wt)-Tam
ArxRosa-1201__2,6557,Ch A,LBar,ArxRosa-1201,Arx(F/y)-Rosa(+/wt)-Tam
ArxRosa-1201__2,6557,Ch B,LMot,ArxRosa-1201,Arx(F/y)-Rosa(+/wt)-Tam
ArxRosa-1201__2,6557,Ch C,LVis,ArxRosa-1201,Arx(F/y)-Rosa(+/wt)-Tam
ArxRosa-1201__2,6557,Ch D,RMot,ArxRosa-1201,Arx(F/y)-Rosa(+/wt)-Tam
ArxRosa-1201__2,6557,Ch E,RHip,ArxRosa-1201,Arx(F/y)-Rosa(+/wt)-Tam
ArxRosa-1201__2,6557,Ch F,LHip,ArxRosa-1201,Arx(F/y)-Rosa(+/wt)-Tam
ArxRosa-1201__2,6557,Ch G,RVis,ArxRosa-1201,Arx(F/y)-Rosa(+/wt)-Tam
ArxRosa-1201__2,6557,Ch H,RBar,ArxRosa-1201,Arx(F/y)-Rosa(+/wt)-Tam
ArxRosa-1201__2,6861,Ch A,RBar,ArxRosa-1201,Arx(F/y)-Rosa(+/wt)-Tam
ArxRosa-1201__2,6861,Ch B,LBar,ArxRosa-1201,Arx(F/y)-Rosa(+/wt)-Tam
ArxRosa-1201__2,6861,Ch C,LMot,ArxRosa-1201,Arx(F/y)-Rosa(+/wt)-Tam
ArxRosa-1201__2,6861,Ch D,RHip,ArxRosa-1201,Arx(F/y)-Rosa(+/wt)-Tam
ArxRosa-1201__2,6861,Ch E,RMot,ArxRosa-1201,Arx(F/y)-Rosa(+/wt)-Tam
ArxRosa-1201__2,6861,Ch F,RVis,ArxRosa-1201,Arx(F/y)-Rosa(+/wt)-Tam
ArxRosa-1201__2,6861,Ch G,LHip,ArxRosa-1201,Arx(F/y)-Rosa(+/wt)-Tam
ArxRosa-1201__2,6861,Ch H,LVis,ArxRosa-1201,Arx(F/y)-Rosa(+/wt)-Tam
ArxRosa-1201__2,11553,Ch A,RVis,ArxRosa-1201,Arx(F/y)-Rosa(+/wt)-Tam
ArxRosa-1201__2,11553,Ch B,LMot,ArxRosa-1201,Arx(F/y)-Rosa(+/wt)-Tam
ArxRosa-1201__2,11553,Ch C,RMot,ArxRosa-1201,Arx(F/y)-Rosa(+/wt)-Tam
ArxRosa-1201__2,11553,Ch D,RBar,ArxRosa-1201,Arx(F/y)-Rosa(+/wt)-Tam
ArxRosa-1201__2,11553,Ch E,LVis,ArxRosa-1201,Arx(F/y)-Rosa(+/wt)-Tam
ArxRosa-1201__2,11553,Ch F,RHip,ArxRosa-1201,Arx(F/y)-Rosa(+/wt)-Tam
ArxRosa-1201__2,11553,Ch G,LHip,ArxRosa-1201,Arx(F/y)-Rosa(+/wt)-Tam
ArxRosa-1201__2,11553,Ch H,LBar,ArxRosa-1201,Arx(F/y)-Rosa(+/wt)-Tam
ArxRosa-1201__2,11824,Ch A,RBar,ArxRosa-1201,Arx(F/y)-Rosa(+/wt)-Tam
ArxRosa-1201__2,11824,Ch B,RVis,ArxRosa-1201,Arx(F/y)-Rosa(+/wt)-Tam
ArxRosa-1201__2,11824,Ch C,LHip,ArxRosa-1201,Arx(F/y)-Rosa(+/wt)-Tam
ArxRosa-1201__2,11824,Ch D,LVis,ArxRosa-1201,Arx(F/y)-Rosa(+/wt)-Tam
ArxRosa-1201__2,11824,Ch E,LBar,ArxRosa-1201,Arx(F/y)-Rosa(+/wt)-Tam
ArxRosa-1201__2,11824,Ch F,RMot,ArxRosa-1201,Arx(F/y)-Rosa(+/wt)-Tam
ArxRosa-1201__2,11824,Ch G,LMot,ArxRosa-1201,Arx(F/y)-Rosa(+/wt)-Tam
ArxRosa-1201__2,11824,Ch H,RHip,ArxRosa-1201,Arx(F/y)-Rosa(+/wt)-Tam
ArxRosa-1201__2,13631,Ch A,LVis,ArxRosa-1201,Arx(F/y)-Rosa(+/wt)-Tam
ArxRosa-1201__2,13631,Ch B,RMot,ArxRosa-1201,Arx(F/y)-Rosa(+/wt)-Tam
ArxRosa-1201__2,13631,Ch C,RHip,ArxRosa-1201,Arx(F/y)-Rosa(+/wt)-Tam
ArxRosa-1201__2,13631,Ch D,LHip,ArxRosa-1201,Arx(F/y)-Rosa(+/wt)-Tam
ArxRosa-1201__2,13631,Ch E,LMot,ArxRosa-1201,Arx(F/y)-Rosa(+/wt)-Tam
ArxRosa-1201__2,13631,Ch F,RVis,ArxRosa-1201,Arx(F/y)-Rosa(+/wt)-Tam
ArxRosa-1201__2,13631,Ch G,LBar,ArxRosa-1201,Arx(F/y)-Rosa(+/wt)-Tam
ArxRosa-1201__2,13631,Ch H,RBar,ArxRosa-1201,Arx(F/y)-Rosa(+/wt)-Tam
ArxRosa-1201__2,14734,Ch A,LHip,ArxRosa-1201,Arx(F/y)-Rosa(+/wt)-Tam
ArxRosa-1201__2,14734,Ch B,RMot,ArxRosa-1201,Arx(F/y)-Rosa(+/wt)-Tam
ArxRosa-1201__2,14734,Ch C,LVis,ArxRosa-1201,Arx(F/y)-Rosa(+/wt)-Tam
ArxRosa-1201__2,14734,Ch D,LMot,ArxRosa-1201,Arx(F/y)-Rosa(+/wt)-Tam
ArxRosa-1201__2,14734,Ch E,LBar,ArxRosa-1201,Arx(F/y)-Rosa(+/wt)-Tam
ArxRosa-1201__2,14734,Ch F,RHip,ArxRosa-1201,Arx(F/y)-Rosa(+/wt)-Tam
ArxRosa-1201__2,14734,Ch G,RVis,ArxRosa-1201,Arx(F/y)-Rosa(+/wt)-Tam
ArxRosa-1201__2,14734,Ch H,RBar,ArxRosa-1201,Arx(F/y)-Rosa(+/wt)-Tam
ArxRosa-1211__0,181,Ch A,RVis,ArxRosa-1211,Arx(F/y)-Rosa(+/wt)-Sham
ArxRosa-1211__0,181,Ch B,RBar,ArxRosa-1211,Arx(F/y)-Rosa(+/wt)-Sham
ArxRosa-1211__0,181,Ch C,LHip,ArxRosa-1211,Arx(F/y)-Rosa(+/wt)-Sham
ArxRosa-1211__0,181,Ch D,RHip,ArxRosa-1211,Arx(F/y)-Rosa(+/wt)-Sham
ArxRosa-1211__0,181,Ch E,LBar,ArxRosa-1211,Arx(F/y)-Rosa(+/wt)-Sham
ArxRosa-1211__0,181,Ch F,RMot,ArxRosa-1211,Arx(F/y)-Rosa(+/wt)-Sham
ArxRosa-1211__0,181,Ch G,LMot,ArxRosa-1211,Arx(F/y)-Rosa(+/wt)-Sham
ArxRosa-1211__0,181,Ch H,LVis,ArxRosa-1211,Arx(F/y)-Rosa(+/wt)-Sham
ArxRosa-1211__0,647,Ch A,RHip,ArxRosa-1211,Arx(F/y)-Rosa(+/wt)-Sham
ArxRosa-1211__0,647,Ch B,LBar,ArxRosa-1211,Arx(F/y)-Rosa(+/wt)-Sham
ArxRosa-1211__0,647,Ch C,RVis,ArxRosa-1211,Arx(F/y)-Rosa(+/wt)-Sham
ArxRosa-1211__0,647,Ch D,LMot,ArxRosa-1211,Arx(F/y)-Rosa(+/wt)-Sham
ArxRosa-1211__0,647,Ch E,RMot,ArxRosa-1211,Arx(F/y)-Rosa(+/wt)-Sham
ArxRosa-1211__0,647,Ch F,LHip,ArxRosa-1211,Arx(F/y)-Rosa(+/wt)-Sham
ArxRosa-1211__0,647,Ch G,LVis,ArxRosa-1211,Arx(F/y)-Rosa(+/wt)-Sham
ArxRosa-1211__0,647,Ch H,RBar,ArxRosa-1211,Arx(F/y)-Rosa(+/wt)-Sham
ArxRosa-1211__0,3559,Ch A,LVis,ArxRosa-1211,Arx(F/y)-Rosa(+/wt)-Sham
ArxRosa-1211__0,3559,Ch B,RBar,ArxRosa-1211,Arx(F/y)-Rosa(+/wt)-Sham
ArxRosa-1211__0,3559,Ch C,LMot,ArxRosa-1211,Arx(F/y)-Rosa(+/wt)-Sham
ArxRosa-1211__0,3559,Ch D,LBar,ArxRosa-1211,Arx(F/y)-Rosa(+/wt)-Sham
ArxRosa-1211__0,3559,Ch E,RHip,ArxRosa-1211,Arx(F/y)-Rosa(+/wt)-Sham
ArxRosa-1211__0,3559,Ch F,LHip,ArxRosa-1211,Arx(F/y)-Rosa(+/wt)-Sham
ArxRosa-1211__0,3559,Ch G,RMot,ArxRosa-1211,Arx(F/y)-Rosa(+/wt)-Sham
ArxRosa-1211__0,3559,Ch H,RVis,ArxRosa-1211,Arx(F/y)-Rosa(+/wt)-Sham
ArxRosa-1211__0,4720,Ch A,RMot,ArxRosa-1211,Arx(F/y)-Rosa(+/wt)-Sham
ArxRosa-1211__0,4720,Ch B,LMot,ArxRosa-1211,Arx(F/y)-Rosa(+/wt)-Sham
ArxRosa-1211__0,4720,Ch C,RVis,ArxRosa-1211,Arx(F/y)-Rosa(+/wt)-Sham
ArxRosa-1211__0,4720,Ch D,RHip,ArxRosa-1211,Arx(F/y)-Rosa(+/wt)-Sham
ArxRosa-1211__0,4720,Ch E,RBar,ArxRosa-1211,Arx(F/y)-Rosa(+/wt)-Sham
ArxRosa-1211__0,4720,Ch F,LHip,ArxRosa-1211,Arx(F/y)-Rosa(+/wt)-Sham
ArxRosa-1211__0,4720,Ch G,LVis,ArxRosa-1211,Arx(F/y)-Rosa(+/wt)-Sham
ArxRosa-1211__0,4720,Ch H,LBar,ArxRosa-1211,Arx(F/y)-Rosa(+/wt)-Sham
ArxRosa-1211__0,5182,Ch A,LVis,ArxRosa-1211,Arx(F/y)-Rosa(+/wt)-Sham
ArxRosa-1211__0,5182,Ch B,RHip,ArxRosa-1211,Arx(F/y)-Rosa(+/wt)-Sham
ArxRosa-1211__0,5182,Ch C,RVis,ArxRosa-1211,Arx(F/y)-Rosa(+/wt)-Sham
ArxRosa-1211__0,5182,Ch D,RBar,ArxRosa-1211,Arx(F/y)-Rosa(+/wt)-Sham
ArxRosa-1211__0,5182,Ch E,RMot,ArxRosa-1211,Arx(F/y)-Rosa(+/wt)-Sham
ArxRosa-1211__0,5182,Ch F,LHip,ArxRosa-1211,Arx(F/y)-Rosa(+/wt)-Sham
ArxRosa-1211__0,5182,Ch G,LBar,ArxRosa-1211,Arx(F/y)-Rosa(+/wt)-Sham
ArxRosa-1211__0,5182,Ch H,LMot,ArxRosa-1211,Arx(F/y)-Rosa(+/wt)-Sham
ArxRosa-1211__0,8180,Ch A,RVis,ArxRosa-1211,Arx(F/y)-Rosa(+/wt)-Sham
ArxRosa-1211__0,8180,Ch B,RMot,ArxRosa-1211,Arx(F/y)-Rosa(+/wt)-Sham
ArxRosa-1211__0,8180,Ch C,RHip,ArxRosa-1211,Arx(F/y)-Rosa(+/wt)-Sham
ArxRosa-1211__0,8180,Ch D,LHip,ArxRosa-1211,Arx(F/y)-Rosa(+/wt)-Sham
ArxRosa-1211__0,8180,Ch E,RBar,ArxRosa-1211,Arx(F/y)-Rosa(+/wt)-Sham
ArxRosa-1211__0,8180,Ch F,LBar,ArxRosa-1211,Arx(F/y)-Rosa(+/wt)-Sham
ArxRosa-1211__0,8180,Ch G,LVis,ArxRosa-1211,Arx(F/y)-Rosa(+/wt)-Sham
ArxRosa-1211__0,8180,Ch H,LMot,ArxRosa-1211,Arx(F/y)-Rosa(+/wt)-Sham
ArxRosa-1211__0,12151,Ch A,LVis,ArxRosa-1211,Arx(F/y)-Rosa(+/wt)-Sham
ArxRosa-1211__0,12151,Ch B,RVis,ArxRosa-1211,Arx(F/y)-Rosa(+/wt)-Sham
ArxRosa-1211__0,12151,Ch C,RMot,ArxRosa-1211,Arx(F/y)-Rosa(+/wt)-Sham
ArxRosa-1211__0,12151,Ch D,LHip,ArxRosa-1211,Arx(F/y)-Rosa(+/wt)-Sham
ArxRosa-1211__0,12151,Ch E,LBar,ArxRosa-1211,Arx(F/y)-Rosa(+/wt)-Sham
ArxRosa-1211__0,12151,Ch F,RHip,ArxRosa-1211,Arx(F/y)-Rosa(+/wt)-Sham
ArxRosa-1211__0,12151,Ch G,LMot,ArxRosa-1211,Arx(F/y)-Rosa(+/wt)-Sham
ArxRosa-1211__0,12151,Ch H,RBar,ArxRosa-1211,Arx(F/y)-Rosa(+/wt)-Sham
ArxRosa-1211__0,12587,Ch A,LHip,ArxRosa-1211,Arx(F/y)-Rosa(+/wt)-Sham
ArxRosa-1211__0,12587,Ch B,LVis,ArxRosa-1211,Arx(F/y)-Rosa(+/wt)-Sham
ArxRosa-1211__0,12587,Ch C,LMot,ArxRosa-1211,Arx(F/y)-Rosa(+/wt)-Sham
ArxRosa-1211__0,12587,Ch D,RHip,ArxRosa-1211,Arx(F/y)-Rosa(+/wt)-Sham
ArxRosa-1211__0,12587,Ch E,RBar,ArxRosa-1211,Arx(F/y)-Rosa(+/wt)-Sham
ArxRosa-1211__0,12587,Ch F,LBar,ArxRosa-1211,Arx(F/y)-Rosa(+/wt)-Sham
ArxRosa-1211__0,12587,Ch G,RMot,ArxRosa-1211,Arx(F/y)-Rosa(+/wt)-Sham
ArxRosa-1211__0,12587,Ch H,RVis,ArxRosa-1211,Arx(F/y)-Rosa(+/wt)-Sham
ArxRosa-1211__0,16971,Ch A,LBar,ArxRosa-1211,Arx(F/y)-Rosa(+/wt)-Sham
ArxRosa-1211__0,16971,Ch B,RVis,ArxRosa-1211,Arx(F/y)-Rosa(+/wt)-Sham
ArxRosa-1211__0,16971,Ch C,LMot,ArxRosa-1211,Arx(F/y)-Rosa(+/wt)-Sham
ArxRosa-1211__0,16971,Ch D,LHip,ArxRosa-1211,Arx(F/y)-Rosa(+/wt)-Sham
ArxRosa-1211__0,16971,Ch E,RHip,ArxRosa-1211,Arx(F/y)-Rosa(+/wt)-Sham
ArxRosa-1211__0,16971,Ch F,LVis,ArxRosa-1211,Arx(F/y)-Rosa(+/wt)-Sham
ArxRosa-1211__0,16971,Ch G,RBar,ArxRosa-1211,Arx(F/y)-Rosa(+/wt)-Sham
ArxRosa-1211__0,16971,Ch H,RMot,ArxRosa-1211,Arx(F/y)-Rosa(+/wt)-Sham
ArxRosa-1211__1,1327,Ch A,RMot,ArxRosa-1211,Arx(F/y)-Rosa(+/wt)-Sham
ArxRosa-1211__1,1327,Ch B,LBar,ArxRosa-1211,Arx(F/y)-Rosa(+/wt)-Sham
ArxRosa-1211__1,1327,Ch C,RVis,ArxRosa-1211,Arx(F/y)-Rosa(+/wt)-Sham
ArxRosa-1211__1,1327,Ch D,RBar,ArxRosa-1211,Arx(F/y)-Rosa(+/wt)-Sham
ArxRosa-1211__1,1327,Ch E,LVis,ArxRosa-1211,Arx(F/y)-Rosa(+/wt)-Sham
ArxRosa-1211__1,1327,Ch F,LHip,ArxRosa-1211,Arx(F/y)-Rosa(+/wt)-Sham
ArxRosa-1211__1,1327,Ch G,RHip,ArxRosa-1211,Arx(F/y)-Rosa(+/wt)-Sham
ArxRosa-1211__1,1327,Ch H,LMot,ArxRosa-1211,Arx(F/y)-Rosa(+/wt)-Sham
ArxRosa-1211__1,3065,Ch A,LMot,ArxRosa-1211,Arx(F/y)-Rosa(+/wt)-Sham
ArxRosa-1211__1,3065,Ch B,LBar,ArxRosa-1211,Arx(F/y)-Rosa(+/wt)-Sham
ArxRosa-1211__1,3065,Ch C,LVis,ArxRosa-1211,Arx(F/y)-Rosa(+/wt)-Sham
ArxRosa-1211__1,3065,Ch D,RHip,ArxRosa-1211,Arx(F/y)-Rosa(+/wt)-Sham
ArxRosa-1211__1,3065,Ch E,LHip,ArxRosa-1211,Arx(F/y)-Rosa(+/wt)-Sham
ArxRosa-1211__1,3065,Ch F,RBar,ArxRosa-1211,Arx(F/y)-Rosa(+/wt)-Sham
ArxRosa-1211__1,3065,Ch G,RMot,ArxRosa-1211,Arx(F/y)-Rosa(+/wt)-Sham
ArxRosa-1211__1,3065,Ch H,RVis,ArxRosa-1211,Arx(F/y)-Rosa(+/wt)-Sham
ArxRosa-1211__1,3513,Ch A,RMot,ArxRosa-1211,Arx(F/y)-Rosa(+/wt)-Sham
ArxRosa-1211__1,3513,Ch B,RBar,ArxRosa-1211,Arx(F/y)-Rosa(+/wt)-Sham
ArxRosa-1211__1,3513,Ch C,LHip,ArxRosa-1211,Arx(F/y)-Rosa(+/wt)-Sham
ArxRosa-1211__1,3513,Ch D,RHip,ArxRosa-1211,Arx(F/y)-Rosa(+/wt)-Sham
ArxRosa-1211__1,3513,Ch E,RVis,ArxRosa-1211,Arx(F/y)-Rosa(+/wt)-Sham
ArxRosa-1211__1,3513,Ch F,LVis,ArxRosa-1211,Arx(F/y)-Rosa(+/wt)-Sham
ArxRosa-1211__1,3513,Ch G,LBar,ArxRosa-1211,Arx(F/y)-Rosa(+/wt)-Sham
ArxRosa-1211__1,3513,Ch H,LMot,ArxRosa-1211,Arx(F/y)-Rosa(+/wt)-Sham
ArxRosa-1211__1,6516,Ch A,RBar,ArxRosa-1211,Arx(F/y)-Rosa(+/wt)-Sham
ArxRosa-1211__1,6516,Ch B,LHip,ArxRosa-1211,Arx(F/y)-Rosa(+/wt)-Sham
ArxRosa-1211__1,6516,Ch C,RHip,ArxRosa-1211,Arx(F/y)-Rosa(+/wt)-Sham
ArxRosa-1211__1,6516,Ch D,LVis,ArxRosa-1211,Arx(F/y)-Rosa(+/wt)-Sham
ArxRosa-1211__1,6516,Ch E,LMot,ArxRosa-1211,Arx(F/y)-Rosa(+/wt)-Sham
ArxRosa-1211__1,6516,Ch F,RVis,ArxRosa-1211,Arx(F/y)-Rosa(+/wt)-Sham
ArxRosa-1211__1,6516,Ch G,RMot,ArxRosa-1211,Arx(F/y)-Rosa(+/wt)-Sham
ArxRosa-1211__1,6516,Ch H,LBar,ArxRosa-1211,Arx(F/y)-Rosa(+/wt)-Sham
ArxRosa-1211__1,10506,Ch A,LMot,ArxRosa-1211,Arx(F/y)-Rosa(+/wt)-Sham
ArxRosa-1211__1,10506,Ch B,LVis,ArxRosa-1211,Arx(F/y)-Rosa(+/wt)-Sham
ArxRosa-1211__1,10506,Ch C,RVis,ArxRosa-1211,Arx(F/y)-Rosa(+/wt)-Sham
ArxRosa-1211__1,10506,Ch D,RBar,ArxRosa-1211,Arx(F/y)-Rosa(+/wt)-Sham
ArxRosa-1211__1,10506,Ch E,LHip,ArxRosa-1211,Arx(F/y)-Rosa(+/wt)-Sham
ArxRosa-1211__1,10506,Ch F,RHip,ArxRosa-1211,Arx(F/y)-Rosa(+/wt)-Sham
ArxRosa-1211__1,10506,Ch G,RMot,ArxRosa-1211,Arx(F/y)-Rosa(+/wt)-Sham
ArxRosa-1211__1,10506,Ch H,LBar,ArxRosa-1211,Arx(F/y)-Rosa(+/wt)-Sham
ArxRosa-1211__1,11136,Ch A,RBar,ArxRosa-1211,Arx(F/y)-Rosa(+/wt)-Sham
ArxRosa-1211__1,11136,Ch B,LHip,ArxRosa-1211,Arx(F/y)-Rosa(+/wt)-Sham
ArxRosa-1211__1,11136,Ch C,RVis,ArxRosa-1211,Arx(F/y)-Rosa(+/wt)-Sham
ArxRosa-1211__1,11136,Ch D,RMot,ArxRosa-1211,Arx(F/y)-Rosa(+/wt)-Sham
ArxRosa-1211__1,11136,Ch E,LVis,ArxRosa-1211,Arx(F/y)-Rosa(+/wt)-Sham
ArxRosa-1211__1,11136,Ch F,LBar,ArxRosa-1211,Arx(F/y)-Rosa(+/wt)-Sham
ArxRosa-1211__1,11136,Ch G,RHip,ArxRosa-1211,Arx(F/y)-Rosa(+/wt)-Sham
ArxRosa-1211__1,11136,Ch H,LMot,ArxRosa-1211,Arx(F/y)-Rosa(+/wt)-Sham
ArxRosa-1211__1,14777,Ch A,LBar,ArxRosa-1211,Arx(F/y)-Rosa(+/wt)-Sham
ArxRosa-1211__1,14777,Ch B,RVis,ArxRosa-1211,Arx(F/y)-Rosa(+/wt)-Sham
ArxRosa-1211__1,14777,Ch C,LVis,ArxRosa-1211,Arx(F/y)-Rosa(+/wt)-Sham
ArxRosa-1211__1,14777,Ch D,RBar,ArxRosa-1211,Arx(F/y)-Rosa(+/wt)-Sham
ArxRosa-1211__1,14777,Ch E,RHip,ArxRosa-1211,Arx(F/y)-Rosa(+/wt)-Sham
ArxRosa-1211__1,14777,Ch F,RMot,ArxRosa-1211,Arx(F/y)-Rosa(+/wt)-Sham
ArxRosa-1211__1,14777,Ch G,LMot,ArxRosa-1211,Arx(F/y)-Rosa(+/wt)-Sham
ArxRosa-1211__1,14777,Ch H,LHip,ArxRosa-1211,Arx(F/y)-Rosa(+/wt)-Sham
ArxRosa-1211__1,17128,Ch A,LHip,ArxRosa-1211,Arx(F/y)-Rosa(+/wt)-Sham
ArxRosa-1211__1,17128,Ch B,RBar,ArxRosa-1211,Arx(F/y)-Rosa(+/wt)-Sham
ArxRosa-1211__1,17128,Ch C,LBar,ArxRosa-1211,Arx(F/y)-Rosa(+/wt)-Sham
ArxRosa-1211__1,17128,Ch D,LMot,ArxRosa-1211,Arx(F/y)-Rosa(+/wt)-Sham
ArxRosa-1211__1,17128,Ch E,RVis,ArxRosa-1211,Arx(F/y)-Rosa(+/wt)-Sham
ArxRosa-1211__1,17128,Ch F,RHip,ArxRosa-1211,Arx(F/y)-Rosa(+/wt)-Sham
ArxRosa-1211__1,17128,Ch G,LVis,ArxRosa-1211,Arx(F/y)-Rosa(+/wt)-Sham
ArxRosa-1211__1,17128,Ch H,RMot,ArxRosa-1211,Arx(F/y)-Rosa(+/wt)-Sham
ArxRosa-1211__2,2138,Ch A,RVis,ArxRosa-1211,Arx(F/y)-Rosa(+/wt)-Sham
ArxRosa-1211__2,2138,Ch B,LBar,ArxRosa-1211,Arx(F/y)-Rosa(+/wt)-Sham
ArxRosa-1211__2,2138,Ch C,LMot,ArxRosa-1211,Arx(F/y)-Rosa(+/wt)-Sham
ArxRosa-1211__2,2138,Ch D,LHip,ArxRosa-1211,Arx(F/y)-Rosa(+/wt)-Sham
ArxRosa-1211__2,2138,Ch E,LVis,ArxRosa-1211,Arx(F/y)-Rosa(+/wt)-Sham
ArxRosa-1211__2,2138,Ch F,RHip,ArxRosa-1211,Arx(F/y)-Rosa(+/wt)-Sham
ArxRosa-1211__2,2138,Ch G,RBar,ArxRosa-1211,Arx(F/y)-Rosa(+/wt)-Sham
ArxRosa-1211__2,2138,Ch H,RMot,ArxRosa-1211,Arx(F/y)-Rosa(+/wt)-Sham
ArxRosa-1211__2,4057,Ch A,LHip,ArxRosa-1211,Arx(F/y)-Rosa(+/wt)-Sham
ArxRosa-1211__2,4057,Ch B,LBar,ArxRosa-1211,Arx(F/y)-Rosa(+/wt)-Sham
ArxRosa-1211__2,4057,Ch C,RMot,ArxRosa-1211,Arx(F/y)-Rosa(+/wt)-Sham
ArxRosa-1211__2,4057,Ch D,RHip,ArxRosa-1211,Arx(F/y)-Rosa(+/wt)-Sham
ArxRosa-1211__2,4057,Ch E,RBar,ArxRosa-1211,Arx(F/y)-Rosa(+/wt)-Sham
ArxRosa-1211__2,4057,Ch F,LVis,ArxRosa-1211,Arx(F/y)-Rosa(+/wt)-Sham
ArxRosa-1211__2,4057,Ch G,RVis,ArxRosa-1211,Arx(F/y)-Rosa(+/wt)-Sham
ArxRosa-1211__2,4057,Ch H,LMot,ArxRosa-1211,Arx(F/y)-Rosa(+/wt)-Sham
ArxRosa-1211__2,6557,Ch A,RMot,ArxRosa-1211,Arx(F/y)-Rosa(+/wt)-Sham
ArxRosa-1211__2,6557,Ch B,LVis,ArxRosa-1211,Arx(F/y)-Rosa(+/wt)-Sham
ArxRosa-1211__2,6557,Ch C,LHip,ArxRosa-1211,Arx(F/y)-Rosa(+/wt)-Sham
ArxRosa-1211__2,6557,Ch D,LBar,ArxRosa-1211,Arx(F/y)-Rosa(+/wt)-Sham
ArxRosa-1211__2,6557,Ch E,LMot,ArxRosa-1211,Arx(F/y)-Rosa(+/wt)-Sham
ArxRosa-1211__2,6557,Ch F,RBar,ArxRosa-1211,Arx(F/y)-Rosa(+/wt)-Sham
ArxRosa-1211__2,6557,Ch G,RHip,ArxRosa-1211,Arx(F/y)-Rosa(+/wt)-Sham
ArxRosa-1211__2,6557,Ch H,RVis,ArxRosa-1211,Arx(F/y)-Rosa(+/wt)-Sham
ArxRosa-1211__2,6861,Ch A,LMot,ArxRosa-1211,Arx(F/y)-Rosa(+/wt)-Sham
ArxRosa-1211__2,6861,Ch B,LBar,ArxRosa-1211,Arx(F/y)-Rosa(+/wt)-Sham
ArxRosa-1211__2,6861,Ch C,LHip,ArxRosa-1211,Arx(F/y)-Rosa(+/wt)-Sham
ArxRosa-1211__2,6861,Ch D,RHip,ArxRosa-1211,Arx(F/y)-Rosa(+/wt)-Sham
ArxRosa-1211__2,6861,Ch E,RBar,ArxRosa-1211,Arx(F/y)-Rosa(+/wt)-Sham
ArxRosa-1211__2,6861,Ch F,LVis,ArxRosa-1211,Arx(F/y)-Rosa(+/wt)-Sham
ArxRosa-1211__2,6861,Ch G,RVis,ArxRosa-1211,Arx(F/y)-Rosa(+/wt)-Sham
ArxRosa-1211__2,6861,Ch H,RMot,ArxRosa-1211,Arx(F/y)-Rosa(+/wt)-Sham
ArxRosa-1211__2,11553,Ch A,RHip,ArxRosa-1211,Arx(F/y)-Rosa(+/wt)-Sham
ArxRosa-1211__2,11553,Ch B,RVis,ArxRosa-1211,Arx(F/y)-Rosa(+/wt)-Sham
ArxRosa-1211__2,11553,Ch C,LMot,ArxRosa-1211,Arx(F/y)-Rosa(+/wt)-Sham
ArxRosa-1211__2,11553,Ch D,LBar,ArxRosa-1211,Arx(F/y)-Rosa(+/wt)-Sham
ArxRosa-1211__2,11553,Ch E,LVis,ArxRosa-1211,Arx(F/y)-Rosa(+/wt)-Sham
ArxRosa-1211__2,11553,Ch F,LHip,ArxRosa-1211,Arx(F/y)-Rosa(+/wt)-Sham
ArxRosa-1211__2,11553,Ch G,RBar,ArxRosa-1211,Arx(F/y)-Rosa(+/wt)-Sham
ArxRosa-1211__2,11553,Ch H,RMot,ArxRosa-1211,Arx(F/y)-Rosa(+/wt)-Sham
ArxRosa-1211__2,11824,Ch A,LBar,ArxRosa-1211,Arx(F/y)-Rosa(+/wt)-Sham
ArxRosa-1211__2,11824,Ch B,RHip,ArxRosa-1211,Arx(F/y)-Rosa(+/wt)-Sham
ArxRosa-1211__2,11824,Ch C,LHip,ArxRosa-1211,Arx(F/y)-Rosa(+/wt)-Sham
ArxRosa-1211__2,11824,Ch D,LMot,ArxRosa-1211,Arx(F/y)-Rosa(+/wt)-Sham
ArxRosa-1211__2,11824,Ch E,RBar,ArxRosa-1211,Arx(F/y)-Rosa(+/wt)-Sham
ArxRosa-1211__2,11824,Ch F,RVis,ArxRosa-1211,Arx(F/y)-Rosa(+/wt)-Sham
ArxRosa-1211__2,11824,Ch G,LVis,ArxRosa-1211,Arx(F/y)-Rosa(+/wt)-Sham
ArxRosa-1211__2,11824,Ch H,RMot,ArxRosa-1211,Arx(F/y)-Rosa(+/wt)-Sham
ArxRosa-1211__2,13631,Ch A,RMot,ArxRosa-1211,Arx(F/y)-Rosa(+/wt)-Sham
ArxRosa-1211__2,13631,Ch B,RBar,ArxRosa-1211,Arx(F/y)-Rosa(+/wt)-Sham
ArxRosa-1211__2,13631,Ch C,RVis,ArxRosa-1211,Arx(F/y)-Rosa(+/wt)-Sham
ArxRosa-1211__2,13631,Ch D,LHip,ArxRosa-1211,Arx(F/y)-Rosa(+/wt)-Sham
ArxRosa-1211__2,13631,Ch E,LBar,ArxRosa-1211,Arx(F/y)-Rosa(+/wt)-Sham
ArxRosa-1211__2,13631,Ch F,LVis,ArxRosa-1211,Arx(F/y)-Rosa(+/wt)-Sham
ArxRosa-1211__2,13631,Ch G,LMot,ArxRosa-1211,Arx(F/y)-Rosa(+/wt)-Sham
ArxRosa-1211__2,13631,Ch H,RHip,ArxRosa-1211,Arx(F/y)-Rosa(+/wt)-Sham
ArxRosa-1211__2,14734,Ch A,LVis,ArxRosa-1211,Arx(F/y)-Rosa(+/wt)-Sham
ArxRosa-1211__2,14734,Ch B,RVis,ArxRosa-1211,Arx(F/y)-Rosa(+/wt)-Sham
ArxRosa-1211__2,14734,Ch C,LBar,ArxRosa-1211,Arx(F/y)-Rosa(+/wt)-Sham
ArxRosa-1211__2,14734,Ch D,LHip,ArxRosa-1211,Arx(F/y)-Rosa(+/wt)-Sham
ArxRosa-1211__2,14734,Ch E,RMot,ArxRosa-1211,Arx(F/y)-Rosa(+/wt)-Sham
ArxRosa-1211__2,14734,Ch F,RBar,ArxRosa-1211,Arx(F/y)-Rosa(+/wt)-Sham
ArxRosa-1211__2,14734,Ch G,LMot,ArxRosa-1211,Arx(F/y)-Rosa(+/wt)-Sham
ArxRosa-1211__2,14734,Ch H,RHip,ArxRosa-1211,Arx(F/y)-Rosa(+/wt)-Sham
ArxRosa-2064__0,410,Ch A,RHip,ArxRosa-2064,Arx(F/y)-Rosa(+/wt)-Sham
ArxRosa-2064__0,410,Ch B,LMot,ArxRosa-2064,Arx(F/y)-Rosa(+/wt)-Sham
ArxRosa-2064__0,410,Ch C,LHip,ArxRosa-2064,Arx(F/y)-Rosa(+/wt)-Sham
ArxRosa-2064__0,410,Ch D,LVis,ArxRosa-2064,Arx(F/y)-Rosa(+/wt)-Sham
ArxRosa-2064__0,410,Ch E,LBar,ArxRosa-2064,Arx(F/y)-Rosa(+/wt)-Sham
ArxRosa-2064__0,410,Ch F,RVis,ArxRosa-2064,Arx(F/y)-Rosa(+/wt)-Sham
ArxRosa-2064__0,410,Ch G,RMot,ArxRosa-2064,Arx(F/y)-Rosa(+/wt)-Sham
ArxRosa-2064__0,410,Ch H,RBar,ArxRosa-2064,Arx(F/y)-Rosa(+/wt)-Sham
ArxRosa-2064__0,495,Ch A,LHip,ArxRosa-2064,Arx(F/y)-Rosa(+/wt)-Sham
ArxRosa-2064__0,495,Ch B,RMot,ArxRosa-2064,Arx(F/y)-Rosa(+/wt)-Sham
ArxRosa-2064__0,495,Ch C,LVis,ArxRosa-2064,Arx(F/y)-Rosa(+/wt)-Sham
ArxRosa-2064__0,495,Ch D,RVis,ArxRosa-2064,Arx(F/y)-Rosa(+/wt)-Sham
ArxRosa-2064__0,495,Ch E,RHip,ArxRosa-2064,Arx(F/y)-Rosa(+/wt)-Sham
ArxRosa-2064__0,495,Ch F,RBar,ArxRosa-2064,Arx(F/y)-Rosa(+/wt)-Sham
ArxRosa-2064__0,495,Ch G,LBar,ArxRosa-2064,Arx(F/y)-Rosa(+/wt)-Sham
ArxRosa-2064__0,495,Ch H,LMot,ArxRosa-2064,Arx(F/y)-Rosa(+/wt)-Sham
ArxRosa-2064__0,7447,Ch A,RMot,ArxRosa-2064,Arx(F/y)-Rosa(+/wt)-Sham
ArxRosa-2064__0,7447,Ch B,RBar,ArxRosa-2064,Arx(F/y)-Rosa(+/wt)-Sham
ArxRosa-2064__0,7447,Ch C,LBar,ArxRosa-2064,Arx(F/y)-Rosa(+/wt)-Sham
ArxRosa-2064__0,7447,Ch D,LHip,ArxRosa-2064,Arx(F/y)-Rosa(+/wt)-Sham
ArxRosa-2064__0,7447,Ch E,RHip,ArxRosa-2064,Arx(F/y)-Rosa(+/wt)-Sham
ArxRosa-2064__0,7447,Ch F,RVis,ArxRosa-2064,Arx(F/y)-Rosa(+/wt)-Sham
ArxRosa-2064__0,7447,Ch G,LVis,ArxRosa-2064,Arx(F/y)-Rosa(+/wt)-Sham
ArxRosa-2064__0,7447,Ch H,LMot,ArxRosa-2064,Arx(F/y)-Rosa(+/wt)-Sham
ArxRosa-2064__0,7703,Ch A,RBar,ArxRosa-2064,Arx(F/y)-Rosa(+/wt)-Sham
ArxRosa-2064__0,7703,Ch B,LHip,ArxRosa-2064,Arx(F/y)-Rosa(+/wt)-Sham
ArxRosa-2064__0,7703,Ch C,RMot,ArxRosa-2064,Arx(F/y)-Rosa(+/wt)-Sham
ArxRosa-2064__0,7703,Ch D,LMot,ArxRosa-2064,Arx(F/y)-Rosa(+/wt)-Sham
ArxRosa-2064__0,7703,Ch E,LBar,ArxRosa-2064,Arx(F/y)-Rosa(+/wt)-Sham
ArxRosa-2064__0,7703,Ch F,RHip,ArxRosa-2064,Arx(F/y)-Rosa(+/wt)-Sham
ArxRosa-2064__0,7703,Ch G,RVis,ArxRosa-2064,Arx(F/y)-Rosa(+/wt)-Sham
ArxRosa-2064__0,7703,Ch H,LVis,ArxRosa-2064,Arx(F/y)-Rosa(+/wt)-Sham
ArxRosa-2064__0,8200,Ch A,RHip,ArxRosa-2064,Arx(F/y)-Rosa(+/wt)-Sham
ArxRosa-2064__0,8200,Ch B,RBar,ArxRosa-2064,Arx(F/y)-Rosa(+/wt)-Sham
ArxRosa-2064__0,8200,Ch C,LBar,ArxRosa-2064,Arx(F/y)-Rosa(+/wt)-Sham
ArxRosa-2064__0,8200,Ch D,LHip,ArxRosa-2064,Arx(F/y)-Rosa(+/wt)-Sham
ArxRosa-2064__0,8200,Ch E,RMot,ArxRosa-2064,Arx(F/y)-Rosa(+/wt)-Sham
ArxRosa-2064__0,8200,Ch F,LVis,ArxRosa-2064,Arx(F/y)-Rosa(+/wt)-Sham
ArxRosa-2064__0,8200,Ch G,RVis,ArxRosa-2064,Arx(F/y)-Rosa(+/wt)-Sham
ArxRosa-2064__0,8200,Ch H,LMot,ArxRosa-2064,Arx(F/y)-Rosa(+/wt)-Sham
ArxRosa-2064__0,8424,Ch A,RHip,ArxRosa-2064,Arx(F/y)-Rosa(+/wt)-Sham
ArxRosa-2064__0,8424,Ch B,RMot,ArxRosa-2064,Arx(F/y)-Rosa(+/wt)-Sham
ArxRosa-2064__0,8424,Ch C,RBar,ArxRosa-2064,Arx(F/y)-Rosa(+/wt)-Sham
ArxRosa-2064__0,8424,Ch D,LHip,ArxRosa-2064,Arx(F/y)-Rosa(+/wt)-Sham
ArxRosa-2064__0,8424,Ch E,LBar,ArxRosa-2064,Arx(F/y)-Rosa(+/wt)-Sham
ArxRosa-2064__0,8424,Ch F,LVis,ArxRosa-2064,Arx(F/y)-Rosa(+/wt)-Sham
ArxRosa-2064__0,8424,Ch G,RVis,ArxRosa-2064,Arx(F/y)-Rosa(+/wt)-Sham
ArxRosa-2064__0,8424,Ch H,LMot,ArxRosa-2064,Arx(F/y)-Rosa(+/wt)-Sham
ArxRosa-2064__0,9371,Ch A,LMot,ArxRosa-2064,Arx(F/y)-Rosa(+/wt)-Sham
ArxRosa-2064__0,9371,Ch B,RBar,ArxRosa-2064,Arx(F/y)-Rosa(+/wt)-Sham
ArxRosa-2064__0,9371,Ch C,RHip,ArxRosa-2064,Arx(F/y)-Rosa(+/wt)-Sham
ArxRosa-2064__0,9371,Ch D,LHip,ArxRosa-2064,Arx(F/y)-Rosa(+/wt)-Sham
ArxRosa-2064__0,9371,Ch E,RMot,ArxRosa-2064,Arx(F/y)-Rosa(+/wt)-Sham
ArxRosa-2064__0,9371,Ch F,RVis,ArxRosa-2064,Arx(F/y)-Rosa(+/wt)-Sham
ArxRosa-2064__0,9371,Ch G,LVis,ArxRosa-2064,Arx(F/y)-Rosa(+/wt)-Sham
ArxRosa-2064__0,9371,Ch H,LBar,ArxRosa-2064,Arx(F/y)-Rosa(+/wt)-Sham
ArxRosa-2064__1,31,Ch A,RVis,ArxRosa-2064,Arx(F/y)-Rosa(+/wt)-Sham
ArxRosa-2064__1,31,Ch B,LBar,ArxRosa-2064,Arx(F/y)-Rosa(+/wt)-Sham
ArxRosa-2064__1,31,Ch C,LHip,ArxRosa-2064,Arx(F/y)-Rosa(+/wt)-Sham
ArxRosa-2064__1,31,Ch D,RMot,ArxRosa-2064,Arx(F/y)-Rosa(+/wt)-Sham
ArxRosa-2064__1,31,Ch E,RHip,ArxRosa-2064,Arx(F/y)-Rosa(+/wt)-Sham
ArxRosa-2064__1,31,Ch F,LMot,ArxRosa-2064,Arx(F/y)-Rosa(+/wt)-Sham
ArxRosa-2064__1,31,Ch G,LVis,ArxRosa-2064,Arx(F/y)-Rosa(+/wt)-Sham
ArxRosa-2064__1,31,Ch H,RBar,ArxRosa-2064,Arx(F/y)-Rosa(+/wt)-Sham
ArxRosa-2064__1,9014,Ch A,RBar,ArxRosa-2064,Arx(F/y)-Rosa(+/wt)-Sham
ArxRosa-2064__1,9014,Ch B,LHip,ArxRosa-2064,Arx(F/y)-Rosa(+/wt)-Sham
ArxRosa-2064__1,9014,Ch C,RHip,ArxRosa-2064,Arx(F/y)-Rosa(+/wt)-Sham
ArxRosa-2064__1,9014,Ch D,LBar,ArxRosa-2064,Arx(F/y)-Rosa(+/wt)-Sham
ArxRosa-2064__1,9014,Ch E,RVis,ArxRosa-2064,Arx(F/y)-Rosa(+/wt)-Sham
ArxRosa-2064__1,9014,Ch F,LVis,ArxRosa-2064,Arx(F/y)-Rosa(+/wt)-Sham
ArxRosa-2064__1,9014,Ch G,LMot,ArxRosa-2064,Arx(F/y)-Rosa(+/wt)-Sham
ArxRosa-2064__1,9014,Ch H,RMot,ArxRosa-2064,Arx(F/y)-Rosa(+/wt)-Sham
ArxRosa-2064__1,9762,Ch A,RVis,ArxRosa-2064,Arx(F/y)-Rosa(+/wt)-Sham
ArxRosa-2064__1,9762,Ch B,RBar,ArxRosa-2064,Arx(F/y)-Rosa(+/wt)-Sham
ArxRosa-2064__1,9762,Ch C,RMot,ArxRosa-2064,Arx(F/y)-Rosa(+/wt)-Sham
ArxRosa-2064__1,9762,Ch D,LBar,ArxRosa-2064,Arx(F/y)-Rosa(+/wt)-Sham
ArxRosa-2064__1,9762,Ch E,LHip,ArxRosa-2064,Arx(F/y)-Rosa(+/wt)-Sham
ArxRosa-2064__1,9762,Ch F,RHip,ArxRosa-2064,Arx(F/y)-Rosa(+/wt)-Sham
ArxRosa-2064__1,9762,Ch G,LMot,ArxRosa-2064,Arx(F/y)-Rosa(+/wt)-Sham
ArxRosa-2064__1,9762,Ch H,LVis,ArxRosa-2064,Arx(F/y)-Rosa(+/wt)-Sham
ArxRosa-2064__1,10359,Ch A,LHip,ArxRosa-2064,Arx(F/y)-Rosa(+/wt)-Sham
ArxRosa-2064__1,10359,Ch B,LMot,ArxRosa-2064,Arx(F/y)-Rosa(+/wt)-Sham
ArxRosa-2064__1,10359,Ch C,RMot,ArxRosa-2064,Arx(F/y)-Rosa(+/wt)-Sham
ArxRosa-2064__1,10359,Ch D,RBar,ArxRosa-2064,Arx(F/y)-Rosa(+/wt)-Sham
ArxRosa-2064__1,10359,Ch E,RVis,ArxRosa-2064,Arx(F/y)-Rosa(+/wt)-Sham
ArxRosa-2064__1,10359,Ch F,LVis,ArxRosa-2064,Arx(F/y)-Rosa(+/wt)-Sham
ArxRosa-2064__1,10359,Ch G,LBar,ArxRosa-2064,Arx(F/y)-Rosa(+/wt)-Sham
ArxRosa-2064__1,10359,Ch H,RHip,ArxRosa-2064,Arx(F/y)-Rosa(+/wt)-Sham
ArxRosa-2064__1,11358,Ch A,LHip,ArxRosa-2064,Arx(F/y)-Rosa(+/wt)-Sham
ArxRosa-2064__1,11358,Ch B,RVis,ArxRosa-2064,Arx(F/y)-Rosa(+/wt)-Sham
ArxRosa-2064__1,11358,Ch C,RBar,ArxRosa-2064,Arx(F/y)-Rosa(+/wt)-Sham
ArxRosa-2064__1,11358,Ch D,LVis,ArxRosa-2064,Arx(F/y)-Rosa(+/wt)-Sham
ArxRosa-2064__1,11358,Ch E,RMot,ArxRosa-2064,Arx(F/y)-Rosa(+/wt)-Sham
ArxRosa-2064__1,11358,Ch F,RHip,ArxRosa-2064,Arx(F/y)-Rosa(+/wt)-Sham
ArxRosa-2064__1,11358,Ch G,LBar,ArxRosa-2064,Arx(F/y)-Rosa(+/wt)-Sham
ArxRosa-2064__1,11358,Ch H,LMot,ArxRosa-2064,Arx(F/y)-Rosa(+/wt)-Sham
ArxRosa-2064__1,16873,Ch A,RMot,ArxRosa-2064,Arx(F/y)-Rosa(+/wt)-Sham
ArxRosa-2064__1,16873,Ch B,LHip,ArxRosa-2064,Arx(F/y)-Rosa(+/wt)-Sham
ArxRosa-2064__1,16873,Ch C,RHip,ArxRosa-2064,Arx(F/y)-Rosa(+/wt)-Sham
ArxRosa-2064__1,16873,Ch D,LVis,ArxRosa-2064,Arx(F/y)-Rosa(+/wt)-Sham
ArxRosa-2064__1,16873,Ch E,LMot,ArxRosa-2064,Arx(F/y)-Rosa(+/wt)-Sham
ArxRosa-2064__1,16873,Ch F,RBar,ArxRosa-2064,Arx(F/y)-Rosa(+/wt)-Sham
ArxRosa-2064__1,16873,Ch G,RVis,ArxRosa-2064,Arx(F/y)-Rosa(+/wt)-Sham
ArxRosa-2064__1,16873,Ch H,LBar,ArxRosa-2064,Arx(F/y)-Rosa(+/wt)-Sham
ArxRosa-2064__2,1046,Ch A,LMot,ArxRosa-2064,Arx(F/y)-Rosa(+/wt)-Sham
ArxRosa-2064__2,1046,Ch B,RHip,ArxRosa-2064,Arx(F/y)-Rosa(+/wt)-Sham
ArxRosa-2064__2,1046,Ch C,RBar,ArxRosa-2064,Arx(F/y)-Rosa(+/wt)-Sham
ArxRosa-2064__2,1046,Ch D,RVis,ArxRosa-2064,Arx(F/y)-Rosa(+/wt)-Sham
ArxRosa-2064__2,1046,Ch E,LHip,ArxRosa-2064,Arx(F/y)-Rosa(+/wt)-Sham
ArxRosa-2064__2,1046,Ch F,LVis,ArxRosa-2064,Arx(F/y)-Rosa(+/wt)-Sham
ArxRosa-2064__2,1046,Ch G,LBar,ArxRosa-2064,Arx(F/y)-Rosa(+/wt)-Sham
ArxRosa-2064__2,1046,Ch H,RMot,ArxRosa-2064,Arx(F/y)-Rosa(+/wt)-Sham
ArxRosa-2064__2,4313,Ch A,RHip,ArxRosa-2064,Arx(F/y)-Rosa(+/wt)-Sham
ArxRosa-2064__2,4313,Ch B,LHip,ArxRosa-2064,Arx(F/y)-Rosa(+/wt)-Sham
ArxRosa-2064__2,4313,Ch C,LBar,ArxRosa-2064,Arx(F/y)-Rosa(+/wt)-Sham
ArxRosa-2064__2,4313,Ch D,LVis,ArxRosa-2064,Arx(F/y)-Rosa(+/wt)-Sham
ArxRosa-2064__2,4313,Ch E,RBar,ArxRosa-2064,Arx(F/y)-Rosa(+/wt)-Sham
ArxRosa-2064__2,4313,Ch F,RMot,ArxRosa-2064,Arx(F/y)-Rosa(+/wt)-Sham
ArxRosa-2064__2,4313,Ch G,RVis,ArxRosa-2064,Arx(F/y)-Rosa(+/wt)-Sham
ArxRosa-2064__2,4313,Ch H,LMot,ArxRosa-2064,Arx(F/y)-Rosa(+/wt)-Sham
ArxRosa-2064__2,6455,Ch A,RBar,ArxRosa-2064,Arx(F/y)-Rosa(+/wt)-Sham
ArxRosa-2064__2,6455,Ch B,LVis,ArxRosa-2064,Arx(F/y)-Rosa(+/wt)-Sham
ArxRosa-2064__2,6455,Ch C,RVis,ArxRosa-2064,Arx(F/y)-Rosa(+/wt)-Sham
ArxRosa-2064__2,6455,Ch D,RMot,ArxRosa-2064,Arx(F/y)-Rosa(+/wt)-Sham
ArxRosa-2064__2,6455,Ch E,LMot,ArxRosa-2064,Arx(F/y)-Rosa(+/wt)-Sham
ArxRosa-2064__2,6455,Ch F,LBar,ArxRosa-2064,Arx(F/y)-Rosa(+/wt)-Sham
ArxRosa-2064__2,6455,Ch G,LHip,ArxRosa-2064,Arx(F/y)-Rosa(+/wt)-Sham
ArxRosa-2064__2,6455,Ch H,RHip,ArxRosa-2064,Arx(F/y)-Rosa(+/wt)-Sham
ArxRosa-2064__2,10657,Ch A,LBar,ArxRosa-2064,Arx(F/y)-Rosa(+/wt)-Sham
ArxRosa-2064__2,10657,Ch B,LHip,ArxRosa-2064,Arx(F/y)-Rosa(+/wt)-Sham
ArxRosa-2064__2,10657,Ch C,RBar,ArxRosa-2064,Arx(F/y)-Rosa(+/wt)-Sham
ArxRosa-2064__2,10657,Ch D,RHip,ArxRosa-2064,Arx(F/y)-Rosa(+/wt)-Sham
ArxRosa-2064__2,10657,Ch E,LVis,ArxRosa-2064,Arx(F/y)-Rosa(+/wt)-Sham
ArxRosa-2064__2,10657,Ch F,RMot,ArxRosa-2064,Arx(F/y)-Rosa(+/wt)-Sham
ArxRosa-2064__2,10657,Ch G,LMot,ArxRosa-2064,Arx(F/y)-Rosa(+/wt)-Sham
ArxRosa-2064__2,10657,Ch H,RVis,ArxRosa-2064,Arx(F/y)-Rosa(+/wt)-Sham
ArxRosa-2064__2,13341,Ch A,LBar,ArxRosa-2064,Arx(F/y)-Rosa(+/wt)-Sham
ArxRosa-2064__2,13341,Ch B,RBar,ArxRosa-2064,Arx(F/y)-Rosa(+/wt)-Sham
ArxRosa-2064__2,13341,Ch C,RHip,ArxRosa-2064,Arx(F/y)-Rosa(+/wt)-Sham
ArxRosa-2064__2,13341,Ch D,LVis,ArxRosa-2064,Arx(F/y)-Rosa(+/wt)-Sham
ArxRosa-2064__2,13341,Ch E,RVis,ArxRosa-2064,Arx(F/y)-Rosa(+/wt)-Sham
ArxRosa-2064__2,13341,Ch F,RMot,ArxRosa-2064,Arx(F/y)-Rosa(+/wt)-Sham
ArxRosa-2064__2,13341,Ch G,LHip,ArxRosa-2064,Arx(F/y)-Rosa(+/wt)-Sham
ArxRosa-2064__2,13341,Ch H,LMot,ArxRosa-2064,Arx(F/y)-Rosa(+/wt)-Sham
ArxRosa-2064__2,14005,Ch A,RHip,ArxRosa-2064,Arx(F/y)-Rosa(+/wt)-Sham
ArxRosa-2064__2,14005,Ch B,LMot,ArxRosa-2064,Arx(F/y)-Rosa(+/wt)-Sham
ArxRosa-2064__2,14005,Ch C,LVis,ArxRosa-2064,Arx(F/y)-Rosa(+/wt)-Sham
ArxRosa-2064__2,14005,Ch D,RVis,ArxRosa-2064,Arx(F/y)-Rosa(+/wt)-Sham
ArxRosa-2064__2,14005,Ch E,RMot,ArxRosa-2064,Arx(F/y)-Rosa(+/wt)-Sham
ArxRosa-2064__2,14005,Ch F,LBar,ArxRosa-2064,Arx(F/y)-Rosa(+/wt)-Sham
ArxRosa-2064__2,14005,Ch G,LHip,ArxRosa-2064,Arx(F/y)-Rosa(+/wt)-Sham
ArxRosa-2064__2,14005,Ch H,RBar,ArxRosa-2064,Arx(F/y)-Rosa(+/wt)-Sham
ArxRosa-2064__3,259,Ch A,LVis,ArxRosa-2064,Arx(F/y)-Rosa(+/wt)-Sham
ArxRosa-2064__3,259,Ch B,LHip,ArxRosa-2064,Arx(F/y)-Rosa(+/wt)-Sham
ArxRosa-2064__3,259,Ch C,RHip,ArxRosa-2064,Arx(F/y)-Rosa(+/wt)-Sham
ArxRosa-2064__3,259,Ch D,RBar,ArxRosa-2064,Arx(F/y)-Rosa(+/wt)-Sham
ArxRosa-2064__3,259,Ch E,RVis,ArxRosa-2064,Arx(F/y)-Rosa(+/wt)-Sham
ArxRosa-2064__3,259,Ch F,LMot,ArxRosa-2064,Arx(F/y)-Rosa(+/wt)-Sham
ArxRosa-2064__3,259,Ch G,RMot,ArxRosa-2064,Arx(F/y)-Rosa(+/wt)-Sham
ArxRosa-2064__3,259,Ch H,LBar,ArxRosa-2064,Arx(F/y)-Rosa(+/wt)-Sham
ArxRosa-2064__3,1492,Ch A,RBar,ArxRosa-2064,Arx(F/y)-Rosa(+/wt)-Sham
ArxRosa-2064__3,1492,Ch B,LVis,ArxRosa-2064,Arx(F/y)-Rosa(+/wt)-Sham
ArxRosa-2064__3,1492,Ch C,RVis,ArxRosa-2064,Arx(F/y)-Rosa(+/wt)-Sham
ArxRosa-2064__3,1492,Ch D,RHip,ArxRosa-2064,Arx(F/y)-Rosa(+/wt)-Sham
ArxRosa-2064__3,1492,Ch E,LHip,ArxRosa-2064,Arx(F/y)-Rosa(+/wt)-Sham
ArxRosa-2064__3,1492,Ch F,LBar,ArxRosa-2064,Arx(F/y)-Rosa(+/wt)-Sham
ArxRosa-2064__3,1492,Ch G,LMot,ArxRosa-2064,Arx(F/y)-Rosa(+/wt)-Sham
ArxRosa-2064__3,1492,Ch H,RMot,ArxRosa-2064,Arx(F/y)-Rosa(+/wt)-Sham
ArxRosa-2064__3,4617,Ch A,RBar,ArxRosa-2064,Arx(F/y)-Rosa(+/wt)-Sham
ArxRosa-2064__3,4617,Ch B,RHip,ArxRosa-2064,Arx(F/y)-Rosa(+/wt)-Sham
ArxRosa-2064__3,4617,Ch C,LVis,ArxRosa-2064,Arx(F/y)-Rosa(+/wt)-Sham
ArxRosa-2064__3,4617,Ch D,LHip,ArxRosa-2064,Arx(F/y)-Rosa(+/wt)-Sham
ArxRosa-2064__3,4617,Ch E,LBar,ArxRosa-2064,Arx(F/y)-Rosa(+/wt)-Sham
ArxRosa-2064__3,4617,Ch F,RMot,ArxRosa-2064,Arx(F/y)-Rosa(+/wt)-Sham
ArxRosa-2064__3,4617,Ch G,LMot,ArxRosa-2064,Arx(F/y)-Rosa(+/wt)-Sham
ArxRosa-2064__3,4617,Ch H,RVis,ArxRosa-2064,Arx(F/y)-Rosa(+/wt)-Sham
ArxRosa-2064__3,4742,Ch A,LMot,ArxRosa-2064,Arx(F/y)-Rosa(+/wt)-Sham
ArxRosa-2064__3,4742,Ch B,RVis,ArxRosa-2064,Arx(F/y)-Rosa(+/wt)-Sham
ArxRosa-2064__3,4742,Ch C,LVis,ArxRosa-2064,Arx(F/y)-Rosa(+/wt)-Sham
ArxRosa-2064__3,4742,Ch D,RBar,ArxRosa-2064,Arx(F/y)-Rosa(+/wt)-Sham
ArxRosa-2064__3,4742,Ch E,LHip,ArxRosa-2064,Arx(F/y)-Rosa(+/wt)-Sham
ArxRosa-2064__3,4742,Ch F,RHip,ArxRosa-2064,Arx(F/y)-Rosa(+/wt)-Sham
ArxRosa-2064__3,4742,Ch G,RMot,ArxRosa-2064,Arx(F/y)-Rosa(+/wt)-Sham
ArxRosa-2064__3,4742,Ch H,LBar,ArxRosa-2064,Arx(F/y)-Rosa(+/wt)-Sham
ArxRosa-2064__3,4759,Ch A,LVis,ArxRosa-2064,Arx(F/y)-Rosa(+/wt)-Sham
ArxRosa-2064__3,4759,Ch B,RMot,ArxRosa-2064,Arx(F/y)-Rosa(+/wt)-Sham
ArxRosa-2064__3,4759,Ch C,LMot,ArxRosa-2064,Arx(F/y)-Rosa(+/wt)-Sham
ArxRosa-2064__3,4759,Ch D,RVis,ArxRosa-2064,Arx(F/y)-Rosa(+/wt)-Sham
ArxRosa-2064__3,4759,Ch E,LBar,ArxRosa-2064,Arx(F/y)-Rosa(+/wt)-Sham
ArxRosa-2064__3,4759,Ch F,LHip,ArxRosa-2064,Arx(F/y)-Rosa(+/wt)-Sham
ArxRosa-2064__3,4759,Ch G,RBar,ArxRosa-2064,Arx(F/y)-Rosa(+/wt)-Sham
ArxRosa-2064__3,4759,Ch H,RHip,ArxRosa-2064,Arx(F/y)-Rosa(+/wt)-Sham
ArxRosa-2064__3,5763,Ch A,RMot,ArxRosa-2064,Arx(F/y)-Rosa(+/wt)-Sham
ArxRosa-2064__3,5763,Ch B,RVis,ArxRosa-2064,Arx(F/y)-Rosa(+/wt)-Sham
ArxRosa-2064__3,5763,Ch C,RHip,ArxRosa-2064,Arx(F/y)-Rosa(+/wt)-Sham
ArxRosa-2064__3,5763,Ch D,LVis,ArxRosa-2064,Arx(F/y)-Rosa(+/wt)-Sham
ArxRosa-2064__3,5763,Ch E,LHip,ArxRosa-2064,Arx(F/y)-Rosa(+/wt)-Sham
ArxRosa-2064__3,5763,Ch F,RBar,ArxRosa-2064,Arx(F/y)-Rosa(+/wt)-Sham
ArxRosa-2064__3,5763,Ch G,LBar,ArxRosa-2064,Arx(F/y)-Rosa(+/wt)-Sham
ArxRosa-2064__3,5763,Ch H,LMot,ArxRosa-2064,Arx(F/y)-Rosa(+/wt)-Sham
AM2__0,77,Ch A,RBar,AM2,WT
AM2__0,77,Ch B,LAud,AM2,WT
AM2__0,77,Ch C,LBar,AM2,WT
AM2__0,77,Ch D,RMot,AM2,WT
AM2__0,77,Ch E,RVis,AM2,WT
AM2__0,77,Ch F,RAud,AM2,WT
AM2__0,77,Ch G,LHip,AM2,WT
AM2__0,77,Ch H,LVis,AM2,WT
AM2__0,77,Ch I,LMot,AM2,WT
AM2__0,77,Ch J,RHip,AM2,WT
AM2__0,434,Ch A,RBar,AM2,WT
AM2__0,434,Ch B,LAud,AM2,WT
AM2__0,434,Ch C,RAud,AM2,WT
AM2__0,434,Ch D,RMot,AM2,WT
AM2__0,434,Ch E,RVis,AM2,WT
AM2__0,434,Ch F,LVis,AM2,WT
AM2__0,434,Ch G,RHip,AM2,WT
AM2__0,434,Ch H,LHip,AM2,WT
AM2__0,434,Ch I,LBar,AM2,WT
AM2__0,434,Ch J,LMot,AM2,WT
AM2__0,484,Ch A,LHip,AM2,WT
AM2__0,484,Ch B,RBar,AM2,WT
AM2__0,484,Ch C,LVis,AM2,WT
AM2__0,484,Ch D,RMot,AM2,WT
AM2__0,484,Ch E,LMot,AM2,WT
AM2__0,484,Ch F,RVis,AM2,WT
AM2__0,484,Ch G,RHip,AM2,WT
AM2__0,484,Ch H,LBar,AM2,WT
AM2__0,484,Ch I,RAud,AM2,WT
AM2__0,484,Ch J,LAud,AM2,WT
AM2__0,723,Ch A,LVis,AM2,WT
AM2__0,723,Ch B,RMot,AM2,WT
AM2__0,723,Ch C,LAud,AM2,WT
AM2__0,723,Ch D,RAud,AM2,WT
AM2__0,723,Ch E,LHip,AM2,WT
AM2__0,723,Ch F,RBar,AM2,WT
AM2__0,723,Ch G,LBar,AM2,WT
AM2__0,723,Ch H,LMot,AM2,WT
AM2__0,723,Ch I,RHip,AM2,WT
AM2__0,723,Ch J,RVis,AM2,WT
AM2__0,1022,Ch A,RHip,AM2,WT
AM2__0,1022,Ch B,RVis,AM2,WT
AM2__0,1022,Ch C,RAud,AM2,WT
AM2__0,1022,Ch D,LVis,AM2,WT
AM2__0,1022,Ch E,LHip,AM2,WT
AM2__0,1022,Ch F,LMot,AM2,WT
AM2__0,1022,Ch G,RBar,AM2,WT
AM2__0,1022,Ch H,RMot,AM2,WT
AM2__0,1022,Ch I,LAud,AM2,WT
AM2__0,1022,Ch J,LBar,AM2,WT
AM2__0,1170,Ch A,LVis,AM2,WT
AM2__0,1170,Ch B,RMot,AM2,WT
AM2__0,1170,Ch C,RVis,AM2,WT
AM2__0,1170,Ch D,LMot,AM2,WT
AM2__0,1170,Ch E,LBar,AM2,WT
AM2__0,1170,Ch F,RHip,AM2,WT
AM2__0,1170,Ch G,RBar,AM2,WT
AM2__0,1170,Ch H,RAud,AM2,WT
AM2__0,1170,Ch I,LAud,AM2,WT
AM2__0,1170,Ch J,LHip,AM2,WT
AM2__0,1186,Ch A,RMot,AM2,WT
AM2__0,1186,Ch B,LAud,AM2,WT
AM2__0,1186,Ch C,RVis,AM2,WT
AM2__0,1186,Ch D,RHip,AM2,WT
AM2__0,1186,Ch E,LMot,AM2,WT
AM2__0,1186,Ch F,RAud,AM2,WT
AM2__0,1186,Ch G,RBar,AM2,WT
AM2__0,1186,Ch H,LVis,AM2,WT
AM2__0,1186,Ch I,LHip,AM2,WT
AM2__0,1186,Ch J,LBar,AM2,WT
AM2__0,1267,Ch A,RVis,AM2,WT
AM2__0,1267,Ch B,LHip,AM2,WT
AM2__0,1267,Ch C,RHip,AM2,WT
AM2__0,1267,Ch D,RAud,AM2,WT
AM2__0,1267,Ch E,LBar,AM2,WT
AM2__0,1267,Ch F,RMot,AM2,WT
AM2__0,1267,Ch G,LMot,AM2,WT
AM2__0,1267,Ch H,RBar,AM2,WT
AM2__0,1267,Ch I,LAud,AM2,WT
AM2__0,1267,Ch J,LVis,AM2,WT
AM2__0,1409,Ch A,RBar,AM2,WT
AM2__0,1409,Ch B,RAud,AM2,WT
AM2__0,1409,Ch C,LMot,AM2,WT
AM2__0,1409,Ch D,RMot,AM2,WT
AM2__0,1409,Ch E,LHip,AM2,WT
AM2__0,1409,Ch F,RHip,AM2,WT
AM2__0,1409,Ch G,LVis,AM2,WT
AM2__0,1409,Ch H,RVis,AM2,WT
AM2__0,1409,Ch I,LBar,AM2,WT
AM2__0,1409,Ch J,LAud,AM2,WT
AM2__0,1682,Ch A,RMot,AM2,WT
AM2__0,1682,Ch B,RBar,AM2,WT
AM2__0,1682,Ch C,LMot,AM2,WT
AM2__0,1682,Ch D,LBar,AM2,WT
AM2__0,1682,Ch E,RHip,AM2,WT
AM2__0,1682,Ch F,RAud,AM2,WT
AM2__0,1682,Ch G,LVis,AM2,WT
AM2__0,1682,Ch H,RVis,AM2,WT
AM2__0,1682,Ch I,LHip,AM2,WT
AM2__0,1682,Ch J,LAud,AM2,WT
AM2__0,1909,Ch A,RVis,AM2,WT
AM2__0,1909,Ch B,LMot,AM2,WT
AM2__0,1909,Ch C,RMot,AM2,WT
AM2__0,1909,Ch D,RBar,AM2,WT
AM2__0,1909,Ch E,LBar,AM2,WT
AM2__0,1909,Ch F,RHip,AM2,WT
AM2__0,1909,Ch G,LHip,AM2,WT
AM2__0,1909,Ch H,RAud,AM2,WT
AM2__0,1909,Ch I,LVis,AM2,WT
AM2__0,1909,Ch J,LAud,AM2,WT
AM2__0,2256,Ch A,LMot,AM2,WT
AM2__0,2256,Ch B,RVis,AM2,WT
AM2__0,2256,Ch C,LVis,AM2,WT
AM2__0,2256,Ch D,RAud,AM2,WT
AM2__0,2256,Ch E,RBar,AM2,WT
AM2__0,2256,Ch F,LHip,AM2,WT
AM2__0,2256,Ch G,LAud,AM2,WT
AM2__0,2256,Ch H,RHip,AM2,WT
AM2__0,2256,Ch I,LBar,AM2,WT
AM2__0,2256,Ch J,RMot,AM2,WT
AM2__0,2299,Ch A,RBar,AM2,WT
AM2__0,2299,Ch B,RHip,AM2,WT
AM2__0,2299,Ch C,LHip,AM2,WT
AM2__0,2299,Ch D,RAud,AM2,WT
AM2__0,2299,Ch E,LAud,AM2,WT
AM2__0,2299,Ch F,LVis,AM2,WT
AM2__0,2299,Ch G,LMot,AM2,WT
AM2__0,2299,Ch H,LBar,AM2,WT
AM2__0,2299,Ch I,RMot,AM2,WT
AM2__0,2299,Ch J,RVis,AM2,WT
AM2__0,2769,Ch A,LAud,AM2,WT
AM2__0,2769,Ch B,LVis,AM2,WT
AM2__0,2769,Ch C,RMot,AM2,WT
AM2__0,2769,Ch D,LBar,AM2,WT
AM2__0,2769,Ch E,LMot,AM2,WT
AM2__0,2769,Ch F,RHip,AM2,WT
AM2__0,2769,Ch G,RAud,AM2,WT
AM2__0,2769,Ch H,LHip,AM2,WT
AM2__0,2769,Ch I,RBar,AM2,WT
AM2__0,2769,Ch J,RVis,AM2,WT
AM2__0,2783,Ch A,RAud,AM2,WT
AM2__0,2783,Ch B,LMot,AM2,WT
AM2__0,2783,Ch C,LHip,AM2,WT
AM2__0,2783,Ch D,RVis,AM2,WT
AM2__0,2783,Ch E,LAud,AM2,WT
AM2__0,2783,Ch F,RBar,AM2,WT
AM2__0,2783,Ch G,LBar,AM2,WT
AM2__0,2783,Ch H,RMot,AM2,WT
AM2__0,2783,Ch I,LVis,AM2,WT
AM2__0,2783,Ch J,RHip,AM2,WT
AM2__0,3157,Ch A,RBar,AM2,WT
AM2__0,3157,Ch B,LVis,AM2,WT
AM2__0,3157,Ch C,LHip,AM2,WT
AM2__0,3157,Ch D,LBar,AM2,WT
AM2__0,3157,Ch E,RAud,AM2,WT
AM2__0,3157,Ch F,RHip,AM2,WT
AM2__0,3157,Ch G,RMot,AM2,WT
AM2__0,3157,Ch H,RVis,AM2,WT
AM2__0,3157,Ch I,LMot,AM2,WT
AM2__0,3157,Ch J,LAud,AM2,WT
AM2__0,3215,Ch A,RVis,AM2,WT
AM2__0,3215,Ch B,LVis,AM2,WT
AM2__0,3215,Ch C,LAud,AM2,WT
AM2__0,3215,Ch D,RAud,AM2,WT
AM2__0,3215,Ch E,LBar,AM2,WT
AM2__0,3215,Ch F,LMot,AM2,WT
AM2__0,3215,Ch G,LHip,AM2,WT
AM2__0,3215,Ch H,RBar,AM2,WT
AM2__0,3215,Ch I,RMot,AM2,WT
AM2__0,3215,Ch J,RHip,AM2,WT
AM2__0,3252,Ch A,RHip,AM2,WT
AM2__0,3252,Ch B,RVis,AM2,WT
AM2__0,3252,Ch C,LMot,AM2,WT
AM2__0,3252,Ch D,RBar,AM2,WT
AM2__0,3252,Ch E,RMot,AM2,WT
AM2__0,3252,Ch F,LBar,AM2,WT
AM2__0,3252,Ch G,LVis,AM2,WT
AM2__0,3252,Ch H,RAud,AM2,WT
AM2__0,3252,Ch I,LAud,AM2,WT
AM2__0,3252,Ch J,LHip,AM2,WT
AM2__0,3291,Ch A,RBar,AM2,WT
AM2__0,3291,Ch B,RHip,AM2,WT
AM2__0,3291,Ch C,LMot,AM2,WT
AM2__0,3291,Ch D,LBar,AM2,WT
AM2__0,3291,Ch E,RMot,AM2,WT
AM2__0,3291,Ch F,LVis,AM2,WT
AM2__0,3291,Ch G,RAud,AM2,WT
AM2__0,3291,Ch H,RVis,AM2,WT
AM2__0,3291,Ch I,LAud,AM2,WT
AM2__0,3291,Ch J,LHip,AM2,WT
AM2__0,3683,Ch A,LHip,AM2,WT
AM2__0,3683,Ch B,LMot,AM2,WT
AM2__0,3683,Ch C,LBar,AM2,WT
AM2__0,3683,Ch D,LVis,AM2,WT
AM2__0,3683,Ch E,RVis,AM2,WT
AM2__0,3683,Ch F,RAud,AM2,WT
AM2__0,3683,Ch G,LAud,AM2,WT
AM2__0,3683,Ch H,RMot,AM2,WT
AM2__0,3683,Ch I,RBar,AM2,WT
AM2__0,3683,Ch J,RHip,AM2,WT
AM2__0,3909,Ch A,RAud,AM2,WT
AM2__0,3909,Ch B,LVis,AM2,WT
AM2__0,3909,Ch C,RBar,AM2,WT
AM2__0,3909,Ch D,RVis,AM2,WT
AM2__0,3909,Ch E,LBar,AM2,WT
AM2__0,3909,Ch F,LMot,AM2,WT
AM2__0,3909,Ch G,LAud,AM2,WT
AM2__0,3909,Ch H,RHip,AM2,WT
AM2__0,3909,Ch I,RMot,AM2,WT
AM2__0,3909,Ch J,LHip,AM2,WT
AM2__0,4160,Ch A,LBar,AM2,WT
AM2__0,4160,Ch B,LAud,AM2,WT
AM2__0,4160,Ch C,RBar,AM2,WT
AM2__0,4160,Ch D,RMot,AM2,WT
AM2__0,4160,Ch E,RAud,AM2,WT
AM2__0,4160,Ch F,LMot,AM2,WT
AM2__0,4160,Ch G,RHip,AM2,WT
AM2__0,4160,Ch H,LVis,AM2,WT
AM2__0,4160,Ch I,RVis,AM2,WT
AM2__0,4160,Ch J,LHip,AM2,WT
AM2__0,4162,Ch A,RHip,AM2,WT
AM2__0,4162,Ch B,RAud,AM2,WT
AM2__0,4162,Ch C,RMot,AM2,WT
AM2__0,4162,Ch D,RBar,AM2,WT
AM2__0,4162,Ch E,LAud,AM2,WT
AM2__0,4162,Ch F,LMot,AM2,WT
AM2__0,4162,Ch G,LVis,AM2,WT
AM2__0,4162,Ch H,LBar,AM2,WT
AM2__0,4162,Ch I,LHip,AM2,WT
AM2__0,4162,Ch J,RVis,AM2,WT
AM2__0,4178,Ch A,RHip,AM2,WT
AM2__0,4178,Ch B,RBar,AM2,WT
AM2__0,4178,Ch C,LHip,AM2,WT
AM2__0,4178,Ch D,LMot,AM2,WT
AM2__0,4178,Ch E,LVis,AM2,WT
AM2__0,4178,Ch F,LBar,AM2,WT
AM2__0,4178,Ch G,RAud,AM2,WT
AM2__0,4178,Ch H,LAud,AM2,WT
AM2__0,4178,Ch I,RVis,AM2,WT
AM2__0,4178,Ch J,RMot,AM2,WT
AM2__0,4811,Ch A,LHip,AM2,WT
AM2__0,4811,Ch B,RAud,AM2,WT
AM2__0,4811,Ch C,LBar,AM2,WT
AM2__0,4811,Ch D,LMot,AM2,WT
AM2__0,4811,Ch E,RHip,AM2,WT
AM2__0,4811,Ch F,RVis,AM2,WT
AM2__0,4811,Ch G,LAud,AM2,WT
AM2__0,4811,Ch H,RMot,AM2,WT
AM2__0,4811,Ch I,RBar,AM2,WT
AM2__0,4811,Ch J,LVis,AM2,WT
FHET_cohort4_group6__0,1065,Ch A,RVis,FHET_cohort4_group6,Het
FHET_cohort4_group6__0,1065,Ch B,RAud,FHET_cohort4_group6,Het
FHET_cohort4_group6__0,1065,Ch C,LVis,FHET_cohort4_group6,Het
FHET_cohort4_group6__0,1065,Ch D,RHip,FHET_cohort4_group6,Het
FHET_cohort4_group6__0,1065,Ch E,LBar,FHET_cohort4_group6,Het
FHET_cohort4_group6__0,1065,Ch F,RMot,FHET_cohort4_group6,Het
FHET_cohort4_group6__0,1065,Ch G,RBar,FHET_cohort4_group6,Het
FHET_cohort4_group6__0,1065,Ch H,LHip,FHET_cohort4_group6,Het
FHET_cohort4_group6__0,1065,Ch I,LAud,FHET_cohort4_group6,Het
FHET_cohort4_group6__0,1065,Ch J,LMot,FHET_cohort4_group6,Het
FHET_cohort4_group6__0,1099,Ch A,LHip,FHET_cohort4_group6,Het
FHET_cohort4_group6__0,1099,Ch B,RHip,FHET_cohort4_group6,Het
FHET_cohort4_group6__0,1099,Ch C,LBar,FHET_cohort4_group6,Het
FHET_cohort4_group6__0,1099,Ch D,RMot,FHET_cohort4_group6,Het
FHET_cohort4_group6__0,1099,Ch E,LAud,FHET_cohort4_group6,Het
FHET_cohort4_group6__0,1099,Ch F,RVis,FHET_cohort4_group6,Het
FHET_cohort4_group6__0,1099,Ch G,LMot,FHET_cohort4_group6,Het
FHET_cohort4_group6__0,1099,Ch H,RBar,FHET_cohort4_group6,Het
FHET_cohort4_group6__0,1099,Ch I,LVis,FHET_cohort4_group6,Het
FHET_cohort4_group6__0,1099,Ch J,RAud,FHET_cohort4_group6,Het
FHET_cohort4_group6__0,2814,Ch A,LHip,FHET_cohort4_group6,Het
FHET_cohort4_group6__0,2814,Ch B,LBar,FHET_cohort4_group6,Het
FHET_cohort4_group6__0,2814,Ch C,RAud,FHET_cohort4_group6,Het
FHET_cohort4_group6__0,2814,Ch D,RMot,FHET_cohort4_group6,Het
FHET_cohort4_group6__0,2814,Ch E,LVis,FHET_cohort4_group6,Het
FHET_cohort4_group6__0,2814,Ch F,RBar,FHET_cohort4_group6,Het
FHET_cohort4_group6__0,2814,Ch G,RVis,FHET_cohort4_group6,Het
FHET_cohort4_group6__0,2814,Ch H,LMot,FHET_cohort4_group6,Het
FHET_cohort4_group6__0,2814,Ch I,LAud,FHET_cohort4_group6,Het
FHET_cohort4_group6__0,2814,Ch J,RHip,FHET_cohort4_group6,Het
FHET_cohort4_group6__0,3127,Ch A,RHip,FHET_cohort4_group6,Het
FHET_cohort4_group6__0,3127,Ch B,LHip,FHET_cohort4_group6,Het
FHET_cohort4_group6__0,3127,Ch C,LAud,FHET_cohort4_group6,Het
FHET_cohort4_group6__0,3127,Ch D,RAud,FHET_cohort4_group6,Het
FHET_cohort4_group6__0,3127,Ch E,LVis,FHET_cohort4_group6,Het
FHET_cohort4_group6__0,3127,Ch F,RBar,FHET_cohort4_group6,Het
FHET_cohort4_group6__0,3127,Ch G,LBar,FHET_cohort4_group6,Het
FHET_cohort4_group6__0,3127,Ch H,RVis,FHET_cohort4_group6,Het
FHET_cohort4_group6__0,3127,Ch I,RMot,FHET_cohort4_group6,Het
FHET_cohort4_group6__0,3127,Ch J,LMot,FHET_cohort4_group6,Het
FHET_cohort4_group6__0,3559,Ch A,LAud,FHET_cohort4_group6,Het
FHET_cohort4_group6__0,3559,Ch B,LMot,FHET_cohort4_group6,Het
FHET_cohort4_group6__0,3559,Ch C,RHip,FHET_cohort4_group6,Het
FHET_cohort4_group6__0,3559,Ch D,LHip,FHET_cohort4_group6,Het
FHET_cohort4_group6__0,3559,Ch E,LVis,FHET_cohort4_group6,Het
FHET_cohort4_group6__0,3559,Ch F,RBar,FHET_cohort4_group6,Het
FHET_cohort4_group6__0,3559,Ch G,RAud,FHET_cohort4_group6,Het
FHET_cohort4_group6__0,3559,Ch H,RMot,FHET_cohort4_group6,Het
FHET_cohort4_group6__0,3559,Ch I,LBar,FHET_cohort4_group6,Het
FHET_cohort4_group6__0,3559,Ch J,RVis,FHET_cohort4_group6,Het
FHET_cohort4_group6__0,3717,Ch A,RHip,FHET_cohort4_group6,Het
FHET_cohort4_group6__0,3717,Ch B,LHip,FHET_cohort4_group6,Het
FHET_cohort4_group6__0,3717,Ch C,RAud,FHET_cohort4_group6,Het
FHET_cohort4_group6__0,3717,Ch D,LBar,FHET_cohort4_group6,Het
FHET_cohort4_group6__0,3717,Ch E,LAud,FHET_cohort4_group6,Het
FHET_cohort4_group6__0,3717,Ch F,LMot,FHET_cohort4_group6,Het
FHET_cohort4_group6__0,3717,Ch G,RBar,FHET_cohort4_group6,Het
FHET_cohort4_group6__0,3717,Ch H,RMot,FHET_cohort4_group6,Het
FHET_cohort4_group6__0,3717,Ch I,RVis,FHET_cohort4_group6,Het
FHET_cohort4_group6__0,3717,Ch J,LVis,FHET_cohort4_group6,Het
FHET_cohort4_group6__0,4110,Ch A,LBar,FHET_cohort4_group6,Het
FHET_cohort4_group6__0,4110,Ch B,RMot,FHET_cohort4_group6,Het
FHET_cohort4_group6__0,4110,Ch C,RBar,FHET_cohort4_group6,Het
FHET_cohort4_group6__0,4110,Ch D,LHip,FHET_cohort4_group6,Het
FHET_cohort4_group6__0,4110,Ch E,RHip,FHET_cohort4_group6,Het
FHET_cohort4_group6__0,4110,Ch F,LMot,FHET_cohort4_group6,Het
FHET_cohort4_group6__0,4110,Ch G,RAud,FHET_cohort4_group6,Het
FHET_cohort4_group6__0,4110,Ch H,LAud,FHET_cohort4_group6,Het
FHET_cohort4_group6__0,4110,Ch I,RVis,FHET_cohort4_group6,Het
FHET_cohort4_group6__0,4110,Ch J,LVis,FHET_cohort4_group6,Het
FHET_cohort4_group6__0,4367,Ch A,LMot,FHET_cohort4_group6,Het
FHET_cohort4_group6__0,4367,Ch B,LAud,FHET_cohort4_group6,Het
FHET_cohort4_group6__0,4367,Ch C,RBar,FHET_cohort4_group6,Het
FHET_cohort4_group6__0,4367,Ch D,RMot,FHET_cohort4_group6,Het
FHET_cohort4_group6__0,4367,Ch E,LVis,FHET_cohort4_group6,Het
FHET_cohort4_group6__0,4367,Ch F,RAud,FHET_cohort4_group6,Het
FHET_cohort4_group6__0,4367,Ch G,RVis,FHET_cohort4_group6,Het
FHET_cohort4_group6__0,4367,Ch H,LHip,FHET_cohort4_group6,Het
FHET_cohort4_group6__0,4367,Ch I,RHip,FHET_cohort4_group6,Het
FHET_cohort4_group6__0,4367,Ch J,LBar,FHET_cohort4_group6,Het
FHET_cohort4_group6__0,5238,Ch A,RVis,FHET_cohort4_group6,Het
FHET_cohort4_group6__0,5238,Ch B,RBar,FHET_cohort4_group6,Het
FHET_cohort4_group6__0,5238,Ch C,LAud,FHET_cohort4_group6,Het
FHET_cohort4_group6__0,5238,Ch D,LVis,FHET_cohort4_group6,Het
FHET_cohort4_group6__0,5238,Ch E,LMot,FHET_cohort4_group6,Het
FHET_cohort4_group6__0,5238,Ch F,LHip,FHET_cohort4_group6,Het
FHET_cohort4_group6__0,5238,Ch G,LBar,FHET_cohort4_group6,Het
FHET_cohort4_group6__0,5238,Ch H,RHip,FHET_cohort4_group6,Het
FHET_cohort4_group6__0,5238,Ch I,RAud,FHET_cohort4_group6,Het
FHET_cohort4_group6__0,5238,Ch J,RMot,FHET_cohort4_group6,Het
FHET_cohort4_group6__0,6113,Ch A,LBar,FHET_cohort4_group6,Het
FHET_cohort4_group6__0,6113,Ch B,LAud,FHET_cohort4_group6,Het
FHET_cohort4_group6__0,6113,Ch C,LVis,FHET_cohort4_group6,Het
FHET_cohort4_group6__0,6113,Ch D,RMot,FHET_cohort4_group6,Het
FHET_cohort4_group6__0,6113,Ch E,LHip,FHET_cohort4_group6,Het
FHET_cohort4_group6__0,6113,Ch F,RAud,FHET_cohort4_group6,Het
FHET_cohort4_group6__0,6113,Ch G,LMot,FHET_cohort4_group6,Het
FHET_cohort4_group6__0,6113,Ch H,RVis,FHET_cohort4_group6,Het
FHET_cohort4_group6__0,6113,Ch I,RBar,FHET_cohort4_group6,Het
FHET_cohort4_group6__0,6113,Ch J,RHip,FHET_cohort4_group6,Het
FHET_cohort4_group6__0,7314,Ch A,LBar,FHET_cohort4_group6,Het
FHET_cohort4_group6__0,7314,Ch B,RBar,FHET_cohort4_group6,Het
FHET_cohort4_group6__0,7314,Ch C,LMot,FHET_cohort4_group6,Het
FHET_cohort4_group6__0,7314,Ch D,LHip,FHET_cohort4_group6,Het
FHET_cohort4_group6__0,7314,Ch E,RAud,FHET_cohort4_group6,Het
FHET_cohort4_group6__0,7314,Ch F,RHip,FHET_cohort4_group6,Het
FHET_cohort4_group6__0,7314,Ch G,RMot,FHET_cohort4_group6,Het
FHET_cohort4_group6__0,7314,Ch H,LVis,FHET_cohort4_group6,Het
FHET_cohort4_group6__0,7314,Ch I,LAud,FHET_cohort4_group6,Het
FHET_cohort4_group6__0,7314,Ch J,RVis,FHET_cohort4_group6,Het
FHET_cohort4_group6__0,7943,Ch A,LVis,FHET_cohort4_group6,Het
FHET_cohort4_group6__0,7943,Ch B,LMot,FHET_cohort4_group6,Het
FHET_cohort4_group6__0,7943,Ch C,LAud,FHET_cohort4_group6,Het
FHET_cohort4_group6__0,7943,Ch D,RVis,FHET_cohort4_group6,Het
FHET_cohort4_group6__0,7943,Ch E,RAud,FHET_cohort4_group6,Het
FHET_cohort4_group6__0,7943,Ch F,LHip,FHET_cohort4_group6,Het
FHET_cohort4_group6__0,7943,Ch G,RMot,FHET_cohort4_group6,Het
FHET_cohort4_group6__0,7943,Ch H,LBar,FHET_cohort4_group6,Het
FHET_cohort4_group6__0,7943,Ch I,RBar,FHET_cohort4_group6,Het
FHET_cohort4_group6__0,7943,Ch J,RHip,FHET_cohort4_group6,Het
FHET_cohort4_group6__0,8229,Ch A,RAud,FHET_cohort4_group6,Het
FHET_cohort4_group6__0,8229,Ch B,RVis,FHET_cohort4_group6,Het
FHET_cohort4_group6__0,8229,Ch C,RHip,FHET_cohort4_group6,Het
FHET_cohort4_group6__0,8229,Ch D,RMot,FHET_cohort4_group6,Het
FHET_cohort4_group6__0,8229,Ch E,RBar,FHET_cohort4_group6,Het
FHET_cohort4_group6__0,8229,Ch F,LBar,FHET_cohort4_group6,Het
FHET_cohort4_group6__0,8229,Ch G,LMot,FHET_cohort4_group6,Het
FHET_cohort4_group6__0,8229,Ch H,LVis,FHET_cohort4_group6,Het
FHET_cohort4_group6__0,8229,Ch I,LHip,FHET_cohort4_group6,Het
FHET_cohort4_group6__0,8229,Ch J,LAud,FHET_cohort4_group6,Het
FHET_cohort4_group6__0,8564,Ch A,RBar,FHET_cohort4_group6,Het
FHET_cohort4_group6__0,8564,Ch B,RVis,FHET_cohort4_group6,Het
FHET_cohort4_group6__0,8564,Ch C,LBar,FHET_cohort4_group6,Het
FHET_cohort4_group6__0,8564,Ch D,LMot,FHET_cohort4_group6,Het
FHET_cohort4_group6__0,8564,Ch E,RHip,FHET_cohort4_group6,Het
FHET_cohort4_group6__0,8564,Ch F,RAud,FHET_cohort4_group6,Het
FHET_cohort4_group6__0,8564,Ch G,LVis,FHET_cohort4_group6,Het
FHET_cohort4_group6__0,8564,Ch H,LHip,FHET_cohort4_group6,Het
FHET_cohort4_group6__0,8564,Ch I,RMot,FHET_cohort4_group6,Het
FHET_cohort4_group6__0,8564,Ch J,LAud,FHET_cohort4_group6,Het
FHET_cohort4_group6__0,9706,Ch A,LAud,FHET_cohort4_group6,Het
FHET_cohort4_group6__0,9706,Ch B,RAud,FHET_cohort4_group6,Het
FHET_cohort4_group6__0,9706,Ch C,RBar,FHET_cohort4_group6,Het
FHET_cohort4_group6__0,9706,Ch D,RHip,FHET_cohort4_group6,Het
FHET_cohort4_group6__0,9706,Ch E,LMot,FHET_cohort4_group6,Het
FHET_cohort4_group6__0,9706,Ch F,LVis,FHET_cohort4_group6,Het
FHET_cohort4_group6__0,9706,Ch G,LBar,FHET_cohort4_group6,Het
FHET_cohort4_group6__0,9706,Ch H,LHip,FHET_cohort4_group6,Het
FHET_cohort4_group6__0,9706,Ch I,RVis,FHET_cohort4_group6,Het
FHET_cohort4_group6__0,9706,Ch J,RMot,FHET_cohort4_group6,Het
FHET_cohort4_group6__0,10393,Ch A,LMot,FHET_cohort4_group6,Het
FHET_cohort4_group6__0,10393,Ch B,RAud,FHET_cohort4_group6,Het
FHET_cohort4_group6__0,10393,Ch C,LBar,FHET_cohort4_group6,Het
FHET_cohort4_group6__0,10393,Ch D,RBar,FHET_cohort4_group6,Het
FHET_cohort4_group6__0,10393,Ch E,RVis,FHET_cohort4_group6,Het
FHET_cohort4_group6__0,10393,Ch F,RHip,FHET_cohort4_group6,Het
FHET_cohort4_group6__0,10393,Ch G,LVis,FHET_cohort4_group6,Het
FHET_cohort4_group6__0,10393,Ch H,RMot,FHET_cohort4_group6,Het
FHET_cohort4_group6__0,10393,Ch I,LAud,FHET_cohort4_group6,Het
FHET_cohort4_group6__0,10393,Ch J,LHip,FHET_cohort4_group6,Het
FHET_cohort4_group6__0,10549,Ch A,LVis,FHET_cohort4_group6,Het
FHET_cohort4_group6__0,10549,Ch B,RAud,FHET_cohort4_group6,Het
FHET_cohort4_group6__0,10549,Ch C,LAud,FHET_cohort4_group6,Het
FHET_cohort4_group6__0,10549,Ch D,LBar,FHET_cohort4_group6,Het
FHET_cohort4_group6__0,10549,Ch E,LHip,FHET_cohort4_group6,Het
FHET_cohort4_group6__0,10549,Ch F,RMot,FHET_cohort4_group6,Het
FHET_cohort4_group6__0,10549,Ch G,LMot,FHET_cohort4_group6,Het
FHET_cohort4_group6__0,10549,Ch H,RVis,FHET_cohort4_group6,Het
FHET_cohort4_group6__0,10549,Ch I,RHip,FHET_cohort4_group6,Het
FHET_cohort4_group6__0,10549,Ch J,RBar,FHET_cohort4_group6,Het
FHET_cohort4_group6__0,10589,Ch A,LHip,FHET_cohort4_group6,Het
FHET_cohort4_group6__0,10589,Ch B,LAud,FHET_cohort4_group6,Het
FHET_cohort4_group6__0,10589,Ch C,RAud,FHET_cohort4_group6,Het
FHET_cohort4_group6__0,10589,Ch D,RMot,FHET_cohort4_group6,Het
FHET_cohort4_group6__0,10589,Ch E,RHip,FHET_cohort4_group6,Het
FHET_cohort4_group6__0,10589,Ch F,LBar,FHET_cohort4_group6,Het
FHET_cohort4_group6__0,10589,Ch G,RVis,FHET_cohort4_group6,Het
FHET_cohort4_group6__0,10589,Ch H,LMot,FHET_cohort4_group6,Het
FHET_cohort4_group6__0,10589,Ch I,LVis,FHET_cohort4_group6,Het
FHET_cohort4_group6__0,10589,Ch J,RBar,FHET_cohort4_group6,Het
FHET_cohort4_group6__0,11645,Ch A,LMot,FHET_cohort4_group6,Het
FHET_cohort4_group6__0,11645,Ch B,RBar,FHET_cohort4_group6,Het
FHET_cohort4_group6__0,11645,Ch C,RVis,FHET_cohort4_group6,Het
FHET_cohort4_group6__0,11645,Ch D,LAud,FHET_cohort4_group6,Het
FHET_cohort4_group6__0,11645,Ch E,RMot,FHET_cohort4_group6,Het
FHET_cohort4_group6__0,11645,Ch F,LBar,FHET_cohort4_group6,Het
FHET_cohort4_group6__0,11645,Ch G,LVis,FHET_cohort4_group6,Het
FHET_cohort4_group6__0,11645,Ch H,LHip,FHET_cohort4_group6,Het
FHET_cohort4_group6__0,11645,Ch I,RAud,FHET_cohort4_group6,Het
FHET_cohort4_group6__0,11645,Ch J,RHip,FHET_cohort4_group6,Het
FHET_cohort4_group6__0,12101,Ch A,RAud,FHET_cohort4_group6,Het
FHET_cohort4_group6__0,12101,Ch B,LBar,FHET_cohort4_group6,Het
FHET_cohort4_group6__0,12101,Ch C,LMot,FHET_cohort4_group6,Het
FHET_cohort4_group6__0,12101,Ch D,RHip,FHET_cohort4_group6,Het
FHET_cohort4_group6__0,12101,Ch E,RBar,FHET_cohort4_group6,Het
FHET_cohort4_group6__0,12101,Ch F,RMot,FHET_cohort4_group6,Het
FHET_cohort4_group6__0,12101,Ch G,LVis,FHET_cohort4_group6,Het
FHET_cohort4_group6__0,12101,Ch H,LHip,FHET_cohort4_group6,Het
FHET_cohort4_group6__0,12101,Ch I,LAud,FHET_cohort4_group6,Het
FHET_cohort4_group6__0,12101,Ch J,RVis,FHET_cohort4_group6,Het
FHET_cohort4_group6__0,12210,Ch A,RAud,FHET_cohort4_group6,Het
FHET_cohort4_group6__0,12210,Ch B,RHip,FHET_cohort4_group6,Het
FHET_cohort4_group6__0,12210,Ch C,LMot,FHET_cohort4_group6,Het
FHET_cohort4_group6__0,12210,Ch D,LHip,FHET_cohort4_group6,Het
FHET_cohort4_group6__0,12210,Ch E,RBar,FHET_cohort4_group6,Het
FHET_cohort4_group6__0,12210,Ch F,LBar,FHET_cohort4_group6,Het
FHET_cohort4_group6__0,12210,Ch G,LAud,FHET_cohort4_group6,Het
FHET_cohort4_group6__0,12210,Ch H,LVis,FHET_cohort4_group6,Het
FHET_cohort4_group6__0,12210,Ch I,RVis,FHET_cohort4_group6,Het
FHET_cohort4_group6__0,12210,Ch J,RMot,FHET_cohort4_group6,Het
FHET_cohort4_group6__0,13263,Ch A,RMot,FHET_cohort4_group6,Het
FHET_cohort4_group6__0,13263,Ch B,LVis,FHET_cohort4_group6,Het
FHET_cohort4_group6__0,13263,Ch C,LHip,FHET_cohort4_group6,Het
FHET_cohort4_group6__0,13263,Ch D,LMot,FHET_cohort4_group6,Het
FHET_cohort4_group6__0,13263,Ch E,RAud,FHET_cohort4_group6,Het
FHET_cohort4_group6__0,13263,Ch F,RBar,FHET_cohort4_group6,Het
FHET_cohort4_group6__0,13263,Ch G,LAud,FHET_cohort4_group6,Het
FHET_cohort4_group6__0,13263,Ch H,LBar,FHET_cohort4_group6,Het
FHET_cohort4_group6__0,13263,Ch I,RHip,FHET_cohort4_group6,Het
FHET_cohort4_group6__0,13263,Ch J,RVis,FHET_cohort4_group6,Het
FHET_cohort4_group6__0,13360,Ch A,RHip,FHET_cohort4_group6,Het
FHET_cohort4_group6__0,13360,Ch B,RAud,FHET_cohort4_group6,Het
FHET_cohort4_group6__0,13360,Ch C,LHip,FHET_cohort4_group6,Het
FHET_cohort4_group6__0,13360,Ch D,LMot,FHET_cohort4_group6,Het
FHET_cohort4_group6__0,13360,Ch E,RBar,FHET_cohort4_group6,Het
FHET_cohort4_group6__0,13360,Ch F,RVis,FHET_cohort4_group6,Het
FHET_cohort4_group6__0,13360,Ch G,RMot,FHET_cohort4_group6,Het
FHET_cohort4_group6__0,13360,Ch H,LBar,FHET_cohort4_group6,Het
FHET_cohort4_group6__0,13360,Ch I,LVis,FHET_cohort4_group6,Het
FHET_cohort4_group6__0,13360,Ch J,LAud,FHET_cohort4_group6,Het
FHET_cohort4_group6__0,13462,Ch A,LBar,FHET_cohort4_group6,Het
FHET_cohort4_group6__0,13462,Ch B,RMot,FHET_cohort4_group6,Het
FHET_cohort4_group6__0,13462,Ch C,LVis,FHET_cohort4_group6,Het
FHET_cohort4_group6__0,13462,Ch D,LHip,FHET_cohort4_group6,Het
FHET_cohort4_group6__0,13462,Ch E,RAud,FHET_cohort4_group6,Het
FHET_cohort4_group6__0,13462,Ch F,RBar,FHET_cohort4_group6,Het
FHET_cohort4_group6__0,13462,Ch G,LAud,FHET_cohort4_group6,Het
FHET_cohort4_group6__0,13462,Ch H,LMot,FHET_cohort4_group6,Het
FHET_cohort4_group6__0,13462,Ch I,RVis,FHET_cohort4_group6,Het
FHET_cohort4_group6__0,13462,Ch J,RHip,FHET_cohort4_group6,Het
FHET_cohort4_group6__0,14563,Ch A,LAud,FHET_cohort4_group6,Het
FHET_cohort4_group6__0,14563,Ch B,LBar,FHET_cohort4_group6,Het
FHET_cohort4_group6__0,14563,Ch C,RAud,FHET_cohort4_group6,Het
FHET_cohort4_group6__0,14563,Ch D,RBar,FHET_cohort4_group6,Het
FHET_cohort4_group6__0,14563,Ch E,RVis,FHET_cohort4_group6,Het
FHET_cohort4_group6__0,14563,Ch F,LVis,FHET_cohort4_group6,Het
FHET_cohort4_group6__0,14563,Ch G,LMot,FHET_cohort4_group6,Het
FHET_cohort4_group6__0,14563,Ch H,RMot,FHET_cohort4_group6,Het
FHET_cohort4_group6__0,14563,Ch I,LHip,FHET_cohort4_group6,Het
FHET_cohort4_group6__0,14563,Ch J,RHip,FHET_cohort4_group6,Het
M3_MT_cohort4_group3__0,316,Ch A,RHip,M3_MT_cohort4_group3,WT
M3_MT_cohort4_group3__0,316,Ch B,LAud,M3_MT_cohort4_group3,WT
M3_MT_cohort4_group3__0,316,Ch C,LVis,M3_MT_cohort4_group3,WT
M3_MT_cohort4_group3__0,316,Ch D,LMot,M3_MT_cohort4_group3,WT
M3_MT_cohort4_group3__0,316,Ch E,LBar,M3_MT_cohort4_group3,WT
M3_MT_cohort4_group3__0,316,Ch F,RMot,M3_MT_cohort4_group3,WT
M3_MT_cohort4_group3__0,316,Ch G,LHip,M3_MT_cohort4_group3,WT
M3_MT_cohort4_group3__0,316,Ch H,RBar,M3_MT_cohort4_group3,WT
M3_MT_cohort4_group3__0,316,Ch I,RVis,M3_MT_cohort4_group3,WT
M3_MT_cohort4_group3__0,316,Ch J,RAud,M3_MT_cohort4_group3,WT
M3_MT_cohort4_group3__0,2227,Ch A,LAud,M3_MT_cohort4_group3,WT
M3_MT_cohort4_group3__0,2227,Ch B,RMot,M3_MT_cohort4_group3,WT
M3_MT_cohort4_group3__0,2227,Ch C,RVis,M3_MT_cohort4_group3,WT
M3_MT_cohort4_group3__0,2227,Ch D,LBar,M3_MT_cohort4_group3,WT
M3_MT_cohort4_group3__0,2227,Ch E,LMot,M3_MT_cohort4_group3,WT
M3_MT_cohort4_group3__0,2227,Ch F,RBar,M3_MT_cohort4_group3,WT
M3_MT_cohort4_group3__0,2227,Ch G,LHip,M3_MT_cohort4_group3,WT
M3_MT_cohort4_group3__0,2227,Ch H,RHip,M3_MT_cohort4_group3,WT
M3_MT_cohort4_group3__0,2227,Ch I,LVis,M3_MT_cohort4_group3,WT
M3_MT_cohort4_group3__0,2227,Ch J,RAud,M3_MT_cohort4_group3,WT
M3_MT_cohort4_group3__0,4238,Ch A,LVis,M3_MT_cohort4_group3,WT
M3_MT_cohort4_group3__0,4238,Ch B,RVis,M3_MT_cohort4_group3,WT
M3_MT_cohort4_group3__0,4238,Ch C,LHip,M3_MT_cohort4_group3,WT
M3_MT_cohort4_group3__0,4238,Ch D,RMot,M3_MT_cohort4_group3,WT
M3_MT_cohort4_group3__0,4238,Ch E,LAud,M3_MT_cohort4_group3,WT
M3_MT_cohort4_group3__0,4238,Ch F,LMot,M3_MT_cohort4_group3,WT
M3_MT_cohort4_group3__0,4238,Ch G,RAud,M3_MT_cohort4_group3,WT
M3_MT_cohort4_group3__0,4238,Ch H,RHip,M3_MT_cohort4_group3,WT
M3_MT_cohort4_group3__0,4238,Ch I,LBar,M3_MT_cohort4_group3,WT
M3_MT_cohort4_group3__0,4238,Ch J,RBar,M3_MT_cohort4_group3,WT
M3_MT_cohort4_group3__0,6310,Ch A,LHip,M3_MT_cohort4_group3,WT
M3_MT_cohort4_group3__0,6310,Ch B,RAud,M3_MT_cohort4_group3,WT
M3_MT_cohort4_group3__0,6310,Ch C,RHip,M3_MT_cohort4_group3,WT
M3_MT_cohort4_group3__0,6310,Ch D,RBar,M3_MT_cohort4_group3,WT
M3_MT_cohort4_group3__0,6310,Ch E,RMot,M3_MT_cohort4_group3,WT
M3_MT_cohort4_group3__0,6310,Ch F,LAud,M3_MT_cohort4_group3,WT
M3_MT_cohort4_group3__0,6310,Ch G,LMot,M3_MT_cohort4_group3,WT
M3_MT_cohort4_group3__0,6310,Ch H,LVis,M3_MT_cohort4_group3,WT
M3_MT_cohort4_group3__0,6310,Ch I,LBar,M3_MT_cohort4_group3,WT
M3_MT_cohort4_group3__0,6310,Ch J,RVis,M3_MT_cohort4_group3,WT
M3_MT_cohort4_group3__0,8119,Ch A,RBar,M3_MT_cohort4_group3,WT
M3_MT_cohort4_group3__0,8119,Ch B,LHip,M3_MT_cohort4_group3,WT
M3_MT_cohort4_group3__0,8119,Ch C,LVis,M3_MT_cohort4_group3,WT
M3_MT_cohort4_group3__0,8119,Ch D,LAud,M3_MT_cohort4_group3,WT
M3_MT_cohort4_group3__0,8119,Ch E,RVis,M3_MT_cohort4_group3,WT
M3_MT_cohort4_group3__0,8119,Ch F,RAud,M3_MT_cohort4_group3,WT
M3_MT_cohort4_group3__0,8119,Ch G,LMot,M3_MT_cohort4_group3,WT
M3_MT_cohort4_group3__0,8119,Ch H,LBar,M3_MT_cohort4_group3,WT
M3_MT_cohort4_group3__0,8119,Ch I,RMot,M3_MT_cohort4_group3,WT
M3_MT_cohort4_group3__0,8119,Ch J,RHip,M3_MT_cohort4_group3,WT
M3_MT_cohort4_group3__0,8651,Ch A,RBar,M3_MT_cohort4_group3,WT
M3_MT_cohort4_group3__0,8651,Ch B,LVis,M3_MT_cohort4_group3,WT
M3_MT_cohort4_group3__0,8651,Ch C,RVis,M3_MT_cohort4_group3,WT
M3_MT_cohort4_group3__0,8651,Ch D,LAud,M3_MT_cohort4_group3,WT
M3_MT_cohort4_group3__0,8651,Ch E,LHip,M3_MT_cohort4_group3,WT
M3_MT_cohort4_group3__0,8651,Ch F,RHip,M3_MT_cohort4_group3,WT
M3_MT_cohort4_group3__0,8651,Ch G,LBar,M3_MT_cohort4_group3,WT
M3_MT_cohort4_group3__0,8651,Ch H,LMot,M3_MT_cohort4_group3,WT
M3_MT_cohort4_group3__0,8651,Ch I,RMot,M3_MT_cohort4_group3,WT
M3_MT_cohort4_group3__0,8651,Ch J,RAud,M3_MT_cohort4_group3,WT
M3_MT_cohort4_group3__0,11935,Ch A,RMot,M3_MT_cohort4_group3,WT
M3_MT_cohort4_group3__0,11935,Ch B,RBar,M3_MT_cohort4_group3,WT
M3_MT_cohort4_group3__0,11935,Ch C,RVis,M3_MT_cohort4_group3,WT
M3_MT_cohort4_group3__0,11935,Ch D,LBar,M3_MT_cohort4_group3,WT
M3_MT_cohort4_group3__0,11935,Ch E,LAud,M3_MT_cohort4_group3,WT
M3_MT_cohort4_group3__0,11935,Ch F,LMot,M3_MT_cohort4_group3,WT
M3_MT_cohort4_group3__0,11935,Ch G,RHip,M3_MT_cohort4_group3,WT
M3_MT_cohort4_group3__0,11935,Ch H,RAud,M3_MT_cohort4_group3,WT
M3_MT_cohort4_group3__0,11935,Ch I,LVis,M3_MT_cohort4_group3,WT
M3_MT_cohort4_group3__0,11935,Ch J,LHip,M3_MT_cohort4_group3,WT
M3_MT_cohort4_group3__1,1229,Ch A,RAud,M3_MT_cohort4_group3,WT
M3_MT_cohort4_group3__1,1229,Ch B,LBar,M3_MT_cohort4_group3,WT
M3_MT_cohort4_group3__1,1229,Ch C,RMot,M3_MT_cohort4_group3,WT
M3_MT_cohort4_group3__1,1229,Ch D,RVis,M3_MT_cohort4_group3,WT
M3_MT_cohort4_group3__1,1229,Ch E,LAud,M3_MT_cohort4_group3,WT
M3_MT_cohort4_group3__1,1229,Ch F,LHip,M3_MT_cohort4_group3,WT
M3_MT_cohort4_group3__1,1229,Ch G,LMot,M3_MT_cohort4_group3,WT
M3_MT_cohort4_group3__1,1229,Ch H,RHip,M3_MT_cohort4_group3,WT
M3_MT_cohort4_group3__1,1229,Ch I,LVis,M3_MT_cohort4_group3,WT
M3_MT_cohort4_group3__1,1229,Ch J,RBar,M3_MT_cohort4_group3,WT
M3_MT_cohort4_group3__1,6478,Ch A,RVis,M3_MT_cohort4_group3,WT
M3_MT_cohort4_group3__1,6478,Ch B,RHip,M3_MT_cohort4_group3,WT
M3_MT_cohort4_group3__1,6478,Ch C,LBar,M3_MT_cohort4_group3,WT
M3_MT_cohort4_group3__1,6478,Ch D,LAud,M3_MT_cohort4_group3,WT
M3_MT_cohort4_group3__1,6478,Ch E,LHip,M3_MT_cohort4_group3,WT
M3_MT_cohort4_group3__1,6478,Ch F,LMot,M3_MT_cohort4_group3,WT
M3_MT_cohort4_group3__1,6478,Ch G,LVis,M3_MT_cohort4_group3,WT
M3_MT_cohort4_group3__1,6478,Ch H,RAud,M3_MT_cohort4_group3,WT
M3_MT_cohort4_group3__1,6478,Ch I,RBar,M3_MT_cohort4_group3,WT
M3_MT_cohort4_group3__1,6478,Ch J,RMot,M3_MT_cohort4_group3,WT
M3_MT_cohort4_group3__1,6661,Ch A,RMot,M3_MT_cohort4_group3,WT
M3_MT_cohort4_group3__1,6661,Ch B,RHip,M3_MT_cohort4_group3,WT
M3_MT_cohort4_group3__1,6661,Ch C,RVis,M3_MT_cohort4_group3,WT
M3_MT_cohort4_group3__1,6661,Ch D,RAud,M3_MT_cohort4_group3,WT
M3_MT_cohort4_group3__1,6661,Ch E,LBar,M3_MT_cohort4_group3,WT
M3_MT_cohort4_group3__1,6661,Ch F,LHip,M3_MT_cohort4_group3,WT
M3_MT_cohort4_group3__1,6661,Ch G,LVis,M3_MT_cohort4_group3,WT
M3_MT_cohort4_group3__1,6661,Ch H,RBar,M3_MT_cohort4_group3,WT
M3_MT_cohort4_group3__1,6661,Ch I,LMot,M3_MT_cohort4_group3,WT
M3_MT_cohort4_group3__1,6661,Ch J,LAud,M3_MT_cohort4_group3,WT
M3_MT_cohort4_group3__1,10315,Ch A,LMot,M3_MT_cohort4_group3,WT
M3_MT_cohort4_group3__1,10315,Ch B,RAud,M3_MT_cohort4_group3,WT
M3_MT_cohort4_group3__1,10315,Ch C,LAud,M3_MT_cohort4_group3,WT
M3_MT_cohort4_group3__1,10315,Ch D,RBar,M3_MT_cohort4_group3,WT
M3_MT_cohort4_group3__1,10315,Ch E,LHip,M3_MT_cohort4_group3,WT
M3_MT_cohort4_group3__1,10315,Ch F,RVis,M3_MT_cohort4_group3,WT
M3_MT_cohort4_group3__1,10315,Ch G,LVis,M3_MT_cohort4_group3,WT
M3_MT_cohort4_group3__1,10315,Ch H,RMot,M3_MT_cohort4_group3,WT
M3_MT_cohort4_group3__1,10315,Ch I,RHip,M3_MT_cohort4_group3,WT
M3_MT_cohort4_group3__1,10315,Ch J,LBar,M3_MT_cohort4_group3,WT
M3_MT_cohort4_group3__1,12846,Ch A,RAud,M3_MT_cohort4_group3,WT
M3_MT_cohort4_group3__1,12846,Ch B,RVis,M3_MT_cohort4_group3,WT
M3_MT_cohort4_group3__1,12846,Ch C,LHip,M3_MT_cohort4_group3,WT
M3_MT_cohort4_group3__1,12846,Ch D,LVis,M3_MT_cohort4_group3,WT
M3_MT_cohort4_group3__1,12846,Ch E,LBar,M3_MT_cohort4_group3,WT
M3_MT_cohort4_group3__1,12846,Ch F,LMot,M3_MT_cohort4_group3,WT
M3_MT_cohort4_group3__1,12846,Ch G,LAud,M3_MT_cohort4_group3,WT
M3_MT_cohort4_group3__1,12846,Ch H,RHip,M3_MT_cohort4_group3,WT
M3_MT_cohort4_group3__1,12846,Ch I,RMot,M3_MT_cohort4_group3,WT
M3_MT_cohort4_group3__1,12846,Ch J,RBar,M3_MT_cohort4_group3,WT
M3_MT_cohort4_group3__1,13777,Ch A,RMot,M3_MT_cohort4_group3,WT
M3_MT_cohort4_group3__1,13777,Ch B,RAud,M3_MT_cohort4_group3,WT
M3_MT_cohort4_group3__1,13777,Ch C,RHip,M3_MT_cohort4_group3,WT
M3_MT_cohort4_group3__1,13777,Ch D,LAud,M3_MT_cohort4_group3,WT
M3_MT_cohort4_group3__1,13777,Ch E,LVis,M3_MT_cohort4_group3,WT
M3_MT_cohort4_group3__1,13777,Ch F,RVis,M3_MT_cohort4_group3,WT
M3_MT_cohort4_group3__1,13777,Ch G,LMot,M3_MT_cohort4_group3,WT
M3_MT_cohort4_group3__1,13777,Ch H,RBar,M3_MT_cohort4_group3,WT
M3_MT_cohort4_group3__1,13777,Ch I,LHip,M3_MT_cohort4_group3,WT
M3_MT_cohort4_group3__1,13777,Ch J,LBar,M3_MT_cohort4_group3,WT
M3_MT_cohort4_group3__2,2628,Ch A,RMot,M3_MT_cohort4_group3,WT
M3_MT_cohort4_group3__2,2628,Ch B,LBar,M3_MT_cohort4_group3,WT
M3_MT_cohort4_group3__2,2628,Ch C,LAud,M3_MT_cohort4_group3,WT
M3_MT_cohort4_group3__2,2628,Ch D,RAud,M3_MT_cohort4_group3,WT
M3_MT_cohort4_group3__2,2628,Ch E,LHip,M3_MT_cohort4_group3,WT
M3_MT_cohort4_group3__2,2628,Ch F,LVis,M3_MT_cohort4_group3,WT
M3_MT_cohort4_group3__2,2628,Ch G,RVis,M3_MT_cohort4_group3,WT
M3_MT_cohort4_group3__2,2628,Ch H,LMot,M3_MT_cohort4_group3,WT
M3_MT_cohort4_group3__2,2628,Ch I,RHip,M3_MT_cohort4_group3,WT
M3_MT_cohort4_group3__2,2628,Ch J,RBar,M3_MT_cohort4_group3,WT
M3_MT_cohort4_group3__2,4412,Ch A,RVis,M3_MT_cohort4_group3,WT
M3_MT_cohort4_group3__2,4412,Ch B,RBar,M3_MT_cohort4_group3,WT
M3_MT_cohort4_group3__2,4412,Ch C,LBar,M3_MT_cohort4_group3,WT
M3_MT_cohort4_group3__2,4412,Ch D,LVis,M3_MT_cohort4_group3,WT
M3_MT_cohort4_group3__2,4412,Ch E,RHip,M3_MT_cohort4_group3,WT
M3_MT_cohort4_group3__2,4412,Ch F,LHip,M3_MT_cohort4_group3,WT
M3_MT_cohort4_group3__2,4412,Ch G,LMot,M3_MT_cohort4_group3,WT
M3_MT_cohort4_group3__2,4412,Ch H,RMot,M3_MT_cohort4_group3,WT
M3_MT_cohort4_group3__2,4412,Ch I,RAud,M3_MT_cohort4_group3,WT
M3_MT_cohort4_group3__2,4412,Ch J,LAud,M3_MT_cohort4_group3,WT
M3_MT_cohort4_group3__2,4530,Ch A,LAud,M3_MT_cohort4_group3,WT
M3_MT_cohort4_group3__2,4530,Ch B,RHip,M3_MT_cohort4_group3,WT
M3_MT_cohort4_group3__2,4530,Ch C,LVis,M3_MT_cohort4_group3,WT
M3_MT_cohort4_group3__2,4530,Ch D,LBar,M3_MT_cohort4_group3,WT
M3_MT_cohort4_group3__2,4530,Ch E,LHip,M3_MT_cohort4_group3,WT
M3_MT_cohort4_group3__2,4530,Ch F,RBar,M3_MT_cohort4_group3,WT
M3_MT_cohort4_group3__2,4530,Ch G,RMot,M3_MT_cohort4_group3,WT
M3_MT_cohort4_group3__2,4530,Ch H,LMot,M3_MT_cohort4_group3,WT
M3_MT_cohort4_group3__2,4530,Ch I,RVis,M3_MT_cohort4_group3,WT
M3_MT_cohort4_group3__2,4530,Ch J,RAud,M3_MT_cohort4_group3,WT
M3_MT_cohort4_group3__2,5966,Ch A,LVis,M3_MT_cohort4_group3,WT
M3_MT_cohort4_group3__2,5966,Ch B,RVis,M3_MT_cohort4_group3,WT
M3_MT_cohort4_group3__2,5966,Ch C,LMot,M3_MT_cohort4_group3,WT
M3_MT_cohort4_group3__2,5966,Ch D,RAud,M3_MT_cohort4_group3,WT
M3_MT_cohort4_group3__2,5966,Ch E,RBar,M3_MT_cohort4_group3,WT
M3_MT_cohort4_group3__2,5966,Ch F,LAud,M3_MT_cohort4_group3,WT
M3_MT_cohort4_group3__2,5966,Ch G,RMot,M3_MT_cohort4_group3,WT
M3_MT_cohort4_group3__2,5966,Ch H,LHip,M3_MT_cohort4_group3,WT
M3_MT_cohort4_group3__2,5966,Ch I,LBar,M3_MT_cohort4_group3,WT
M3_MT_cohort4_group3__2,5966,Ch J,RHip,M3_MT_cohort4_group3,WT
M3_MT_cohort4_group3__2,11802,Ch A,RHip,M3_MT_cohort4_group3,WT
M3_MT_cohort4_group3__2,11802,Ch B,RVis,M3_MT_cohort4_group3,WT
M3_MT_cohort4_group3__2,11802,Ch C,RBar,M3_MT_cohort4_group3,WT
M3_MT_cohort4_group3__2,11802,Ch D,LVis,M3_MT_cohort4_group3,WT
M3_MT_cohort4_group3__2,11802,Ch E,RAud,M3_MT_cohort4_group3,WT
M3_MT_cohort4_group3__2,11802,Ch F,LBar,M3_MT_cohort4_group3,WT
M3_MT_cohort4_group3__2,11802,Ch G,LMot,M3_MT_cohort4_group3,WT
M3_MT_cohort4_group3__2,11802,Ch H,RMot,M3_MT_cohort4_group3,WT
M3_MT_cohort4_group3__2,11802,Ch I,LAud,M3_MT_cohort4_group3,WT
M3_MT_cohort4_group3__2,11802,Ch J,LHip,M3_MT_cohort4_group3,WT
M3_MT_cohort4_group3__2,15500,Ch A,LMot,M3_MT_cohort4_group3,WT
M3_MT_cohort4_group3__2,15500,Ch B,RAud,M3_MT_cohort4_group3,WT
M3_MT_cohort4_group3__2,15500,Ch C,LAud,M3_MT_cohort4_group3,WT
M3_MT_cohort4_group3__2,15500,Ch D,RHip,M3_MT_cohort4_group3,WT
M3_MT_cohort4_group3__2,15500,Ch E,RMot,M3_MT_cohort4_group3,WT
M3_MT_cohort4_group3__2,15500,Ch F,RVis,M3_MT_cohort4_group3,WT
M3_MT_cohort4_group3__2,15500,Ch G,LHip,M3_MT_cohort4_group3,WT
M3_MT_cohort4_group3__2,15500,Ch H,LVis,M3_MT_cohort4_group3,WT
M3_MT_cohort4_group3__2,15500,Ch I,RBar,M3_MT_cohort4_group3,WT
M3_MT_cohort4_group3__2,15500,Ch J,LBar,M3_MT_cohort4_group3,WT
M3_MT_cohort4_group3__3,362,Ch A,RVis,M3_MT_cohort4_group3,WT
M3_MT_cohort4_group3__3,362,Ch B,LVis,M3_MT_cohort4_group3,WT
M3_MT_cohort4_group3__3,362,Ch C,RBar,M3_MT_cohort4_group3,WT
M3_MT_cohort4_group3__3,362,Ch D,LMot,M3_MT_cohort4_group3,WT
M3_MT_cohort4_group3__3,362,Ch E,LBar,M3_MT_cohort4_group3,WT
M3_MT_cohort4_group3__3,362,Ch F,RMot,M3_MT_cohort4_group3,WT
M3_MT_cohort4_group3__3,362,Ch G,LHip,M3_MT_cohort4_group3,WT
M3_MT_cohort4_group3__3,362,Ch H,RHip,M3_MT_cohort4_group3,WT
M3_MT_cohort4_group3__3,362,Ch I,RAud,M3_MT_cohort4_group3,WT
M3_MT_cohort4_group3__3,362,Ch J,LAud,M3_MT_cohort4_group3,WT
M3_MT_cohort4_group3__3,680,Ch A,LAud,M3_MT_cohort4_group3,WT
M3_MT_cohort4_group3__3,680,Ch B,LHip,M3_MT_cohort4_group3,WT
M3_MT_cohort4_group3__3,680,Ch C,RAud,M3_MT_cohort4_group3,WT
M3_MT_cohort4_group3__3,680,Ch D,RMot,M3_MT_cohort4_group3,WT
M3_MT_cohort4_group3__3,680,Ch E,RBar,M3_MT_cohort4_group3,WT
M3_MT_cohort4_group3__3,680,Ch F,LMot,M3_MT_cohort4_group3,WT
M3_MT_cohort4_group3__3,680,Ch G,LVis,M3_MT_cohort4_group3,WT
M3_MT_cohort4_group3__3,680,Ch H,RVis,M3_MT_cohort4_group3,WT
M3_MT_cohort4_group3__3,680,Ch I,LBar,M3_MT_cohort4_group3,WT
M3_MT_cohort4_group3__3,680,Ch J,RHip,M3_MT_cohort4_group3,WT
M3_MT_cohort4_group3__3,820,Ch A,LAud,M3_MT_cohort4_group3,WT
M3_MT_cohort4_group3__3,820,Ch B,RHip,M3_MT_cohort4_group3,WT
M3_MT_cohort4_group3__3,820,Ch C,LHip,M3_MT_cohort4_group3,WT
M3_MT_cohort4_group3__3,820,Ch D,LBar,M3_MT_cohort4_group3,WT
M3_MT_cohort4_group3__3,820,Ch E,RAud,M3_MT_cohort4_group3,WT
M3_MT_cohort4_group3__3,820,Ch F,LMot,M3_MT_cohort4_group3,WT
M3_MT_cohort4_group3__3,820,Ch G,RMot,M3_MT_cohort4_group3,WT
M3_MT_cohort4_group3__3,820,Ch H,RBar,M3_MT_cohort4_group3,WT
M3_MT_cohort4_group3__3,820,Ch I,LVis,M3_MT_cohort4_group3,WT
M3_MT_cohort4_group3__3,820,Ch J,RVis,M3_MT_cohort4_group3,WT
M3_MT_cohort4_group3__3,1919,Ch A,RVis,M3_MT_cohort4_group3,WT
M3_MT_cohort4_group3__3,1919,Ch B,LHip,M3_MT_cohort4_group3,WT
M3_MT_cohort4_group3__3,1919,Ch C,RAud,M3_MT_cohort4_group3,WT
M3_MT_cohort4_group3__3,1919,Ch D,LVis,M3_MT_cohort4_group3,WT
M3_MT_cohort4_group3__3,1919,Ch E,RMot,M3_MT_cohort4_group3,WT
M3_MT_cohort4_group3__3,1919,Ch F,LAud,M3_MT_cohort4_group3,WT
M3_MT_cohort4_group3__3,1919,Ch G,LBar,M3_MT_cohort4_group3,WT
M3_MT_cohort4_group3__3,1919,Ch H,RBar,M3_MT_cohort4_group3,WT
M3_MT_cohort4_group3__3,1919,Ch I,RHip,M3_MT_cohort4_group3,WT
M3_MT_cohort4_group3__3,1919,Ch J,LMot,M3_MT_cohort4_group3,WT
M3_MT_cohort4_group3__3,1972,Ch A,RBar,M3_MT_cohort4_group3,WT
M3_MT_cohort4_group3__3,1972,Ch B,LBar,M3_MT_cohort4_group3,WT
M3_MT_cohort4_group3__3,1972,Ch C,LAud,M3_MT_cohort4_group3,WT
M3_MT_cohort4_group3__3,1972,Ch D,RHip,M3_MT_cohort4_group3,WT
M3_MT_cohort4_group3__3,1972,Ch E,RVis,M3_MT_cohort4_group3,WT
M3_MT_cohort4_group3__3,1972,Ch F,LHip,M3_MT_cohort4_group3,WT
M3_MT_cohort4_group3__3,1972,Ch G,RMot,M3_MT_cohort4_group3,WT
M3_MT_cohort4_group3__3,1972,Ch H,LVis,M3_MT_cohort4_group3,WT
M3_MT_cohort4_group3__3,1972,Ch I,RAud,M3_MT_cohort4_group3,WT
M3_MT_cohort4_group3__3,1972,Ch J,LMot,M3_MT_cohort4_group3,WT
M3_MT_cohort4_group3__3,2094,Ch A,RVis,M3_MT_cohort4_group3,WT
M3_MT_cohort4_group3__3,2094,Ch B,LBar,M3_MT_cohort4_group3,WT
M3_MT_cohort4_group3__3,2094,Ch C,RAud,M3_MT_cohort4_group3,WT
M3_MT_cohort4_group3__3,2094,Ch D,RBar,M3_MT_cohort4_group3,WT
M3_MT_cohort4_group3__3,2094,Ch E,LVis,M3_MT_cohort4_group3,WT
M3_MT_cohort4_group3__3,2094,Ch F,RMot,M3_MT_cohort4_group3,WT
M3_MT_cohort4_group3__3,2094,Ch G,LMot,M3_MT_cohort4_group3,WT
M3_MT_cohort4_group3__3,2094,Ch H,LHip,M3_MT_cohort4_group3,WT
M3_MT_cohort4_group3__3,2094,Ch I,RHip,M3_MT_cohort4_group3,WT
M3_MT_cohort4_group3__3,2094,Ch J,LAud,M3_MT_cohort4_group3,WT
MMUT(2)_cohort6_group1__0,573,Ch A,LAud,MMUT(2)_cohort6_group1,Mut
MMUT(2)_cohort6_group1__0,573,Ch B,RMot,MMUT(2)_cohort6_group1,Mut
MMUT(2)_cohort6_group1__0,573,Ch C,RVis,MMUT(2)_cohort6_group1,Mut
MMUT(2)_cohort6_group1__0,573,Ch D,LVis,MMUT(2)_cohort6_group1,Mut
MMUT(2)_cohort6_group1__0,573,Ch E,LHip,MMUT(2)_cohort6_group1,Mut
MMUT(2)_cohort6_group1__0,573,Ch F,RAud,MMUT(2)_cohort6_group1,Mut
MMUT(2)_cohort6_group1__0,573,Ch G,LBar,MMUT(2)_cohort6_group1,Mut
MMUT(2)_cohort6_group1__0,573,Ch H,RHip,MMUT(2)_cohort6_group1,Mut
MMUT(2)_cohort6_group1__0,573,Ch I,LMot,MMUT(2)_cohort6_group1,Mut
MMUT(2)_cohort6_group1__0,573,Ch J,RBar,MMUT(2)_cohort6_group1,Mut
MMUT(2)_cohort6_group1__0,1495,Ch A,RBar,MMUT(2)_cohort6_group1,Mut
MMUT(2)_cohort6_group1__0,1495,Ch B,LBar,MMUT(2)_cohort6_group1,Mut
MMUT(2)_cohort6_group1__0,1495,Ch C,LVis,MMUT(2)_cohort6_group1,Mut
MMUT(2)_cohort6_group1__0,1495,Ch D,LMot,MMUT(2)_cohort6_group1,Mut
MMUT(2)_cohort6_group1__0,1495,Ch E,RVis,MMUT(2)_cohort6_group1,Mut
MMUT(2)_cohort6_group1__0,1495,Ch F,RMot,MMUT(2)_cohort6_group1,Mut
MMUT(2)_cohort6_group1__0,1495,Ch G,RHip,MMUT(2)_cohort6_group1,Mut
MMUT(2)_cohort6_group1__0,1495,Ch H,LAud,MMUT(2)_cohort6_group1,Mut
MMUT(2)_cohort6_group1__0,1495,Ch I,RAud,MMUT(2)_cohort6_group1,Mut
MMUT(2)_cohort6_group1__0,1495,Ch J,LHip,MMUT(2)_cohort6_group1,Mut
MMUT(2)_cohort6_group1__0,2351,Ch A,RVis,MMUT(2)_cohort6_group1,Mut
MMUT(2)_cohort6_group1__0,2351,Ch B,LMot,MMUT(2)_cohort6_group1,Mut
MMUT(2)_cohort6_group1__0,2351,Ch C,RAud,MMUT(2)_cohort6_group1,Mut
MMUT(2)_cohort6_group1__0,2351,Ch D,LAud,MMUT(2)_cohort6_group1,Mut
MMUT(2)_cohort6_group1__0,2351,Ch E,LBar,MMUT(2)_cohort6_group1,Mut
MMUT(2)_cohort6_group1__0,2351,Ch F,RMot,MMUT(2)_cohort6_group1,Mut
MMUT(2)_cohort6_group1__0,2351,Ch G,RHip,MMUT(2)_cohort6_group1,Mut
MMUT(2)_cohort6_group1__0,2351,Ch H,LHip,MMUT(2)_cohort6_group1,Mut
MMUT(2)_cohort6_group1__0,2351,Ch I,LVis,MMUT(2)_cohort6_group1,Mut
MMUT(2)_cohort6_group1__0,2351,Ch J,RBar,MMUT(2)_cohort6_group1,Mut
MMUT(2)_cohort6_group1__0,3894,Ch A,RMot,MMUT(2)_cohort6_group1,Mut
MMUT(2)_cohort6_group1__0,3894,Ch B,RAud,MMUT(2)_cohort6_group1,Mut
MMUT(2)_cohort6_group1__0,3894,Ch C,RHip,MMUT(2)_cohort6_group1,Mut
MMUT(2)_cohort6_group1__0,3894,Ch D,LHip,MMUT(2)_cohort6_group1,Mut
MMUT(2)_cohort6_group1__0,3894,Ch E,RVis,MMUT(2)_cohort6_group1,Mut
MMUT(2)_cohort6_group1__0,3894,Ch F,LAud,MMUT(2)_cohort6_group1,Mut
MMUT(2)_cohort6_group1__0,3894,Ch G,LVis,MMUT(2)_cohort6_group1,Mut
MMUT(2)_cohort6_group1__0,3894,Ch H,LBar,MMUT(2)_cohort6_group1,Mut
MMUT(2)_cohort6_group1__0,3894,Ch I,RBar,MMUT(2)_cohort6_group1,Mut
MMUT(2)_cohort6_group1__0,3894,Ch J,LMot,MMUT(2)_cohort6_group1,Mut
MMUT(2)_cohort6_group1__0,5892,Ch A,LBar,MMUT(2)_cohort6_group1,Mut
MMUT(2)_cohort6_group1__0,5892,Ch B,LHip,MMUT(2)_cohort6_group1,Mut
MMUT(2)_cohort6_group1__0,5892,Ch C,LAud,MMUT(2)_cohort6_group1,Mut
MMUT(2)_cohort6_group1__0,5892,Ch D,RAud,MMUT(2)_cohort6_group1,Mut
MMUT(2)_cohort6_group1__0,5892,Ch E,RVis,MMUT(2)_cohort6_group1,Mut
MMUT(2)_cohort6_group1__0,5892,Ch F,RHip,MMUT(2)_cohort6_group1,Mut
MMUT(2)_cohort6_group1__0,5892,Ch G,RBar,MMUT(2)_cohort6_group1,Mut
MMUT(2)_cohort6_group1__0,5892,Ch H,LVis,MMUT(2)_cohort6_group1,Mut
MMUT(2)_cohort6_group1__0,5892,Ch I,LMot,MMUT(2)_cohort6_group1,Mut
MMUT(2)_cohort6_group1__0,5892,Ch J,RMot,MMUT(2)_cohort6_group1,Mut
MMUT(2)_cohort6_group1__1,573,Ch A,RBar,MMUT(2)_cohort6_group1,Mut
MMUT(2)_cohort6_group1__1,573,Ch B,LVis,MMUT(2)_cohort6_group1,Mut
MMUT(2)_cohort6_group1__1,573,Ch C,RHip,MMUT(2)_cohort6_group1,Mut
MMUT(2)_cohort6_group1__1,573,Ch D,LBar,MMUT(2)_cohort6_group1,Mut
MMUT(2)_cohort6_group1__1,573,Ch E,LHip,MMUT(2)_cohort6_group1,Mut
MMUT(2)_cohort6_group1__1,573,Ch F,LMot,MMUT(2)_cohort6_group1,Mut
MMUT(2)_cohort6_group1__1,573,Ch G,RAud,MMUT(2)_cohort6_group1,Mut
MMUT(2)_cohort6_group1__1,573,Ch H,RMot,MMUT(2)_cohort6_group1,Mut
MMUT(2)_cohort6_group1__1,573,Ch I,RVis,MMUT(2)_cohort6_group1,Mut
MMUT(2)_cohort6_group1__1,573,Ch J,LAud,MMUT(2)_cohort6_group1,Mut
MMUT(2)_cohort6_group1__1,1495,Ch A,RAud,MMUT(2)_cohort6_group1,Mut
MMUT(2)_cohort6_group1__1,1495,Ch B,RBar,MMUT(2)_cohort6_group1,Mut
MMUT(2)_cohort6_group1__1,1495,Ch C,LBar,MMUT(2)_cohort6_group1,Mut
MMUT(2)_cohort6_group1__1,1495,Ch D,LMot,MMUT(2)_cohort6_group1,Mut
MMUT(2)_cohort6_group1__1,1495,Ch E,RHip,MMUT(2)_cohort6_group1,Mut
MMUT(2)_cohort6_group1__1,1495,Ch F,RMot,MMUT(2)_cohort6_group1,Mut
MMUT(2)_cohort6_group1__1,1495,Ch G,LVis,MMUT(2)_cohort6_group1,Mut
MMUT(2)_cohort6_group1__1,1495,Ch H,LAud,MMUT(2)_cohort6_group1,Mut
MMUT(2)_cohort6_group1__1,1495,Ch I,LHip,MMUT(2)_cohort6_group1,Mut
MMUT(2)_cohort6_group1__1,1495,Ch J,RVis,MMUT(2)_cohort6_group1,Mut
MMUT(2)_cohort6_group1__1,2351,Ch A,RAud,MMUT(2)_cohort6_group1,Mut
MMUT(2)_cohort6_group1__1,2351,Ch B,RHip,MMUT(2)_cohort6_group1,Mut
MMUT(2)_cohort6_group1__1,2351,Ch C,RBar,MMUT(2)_cohort6_group1,Mut
MMUT(2)_cohort6_group1__1,2351,Ch D,LAud,MMUT(2)_cohort6_group1,Mut
MMUT(2)_cohort6_group1__1,2351,Ch E,LVis,MMUT(2)_cohort6_group1,Mut
MMUT(2)_cohort6_group1__1,2351,Ch F,LBar,MMUT(2)_cohort6_group1,Mut
MMUT(2)_cohort6_group1__1,2351,Ch G,RVis,MMUT(2)_cohort6_group1,Mut
MMUT(2)_cohort6_group1__1,2351,Ch H,LMot,MMUT(2)_cohort6_group1,Mut
MMUT(2)_cohort6_group1__1,2351,Ch I,LHip,MMUT(2)_cohort6_group1,Mut
MMUT(2)_cohort6_group1__1,2351,Ch J,RMot,MMUT(2)_cohort6_group1,Mut
MMUT(2)_cohort6_group1__1,3894,Ch A,RMot,MMUT(2)_cohort6_group1,Mut
MMUT(2)_cohort6_group1__1,3894,Ch B,RAud,MMUT(2)_cohort6_group1,Mut
MMUT(2)_cohort6_group1__1,3894,Ch C,RVis,MMUT(2)_cohort6_group1,Mut
MMUT(2)_cohort6_group1__1,3894,Ch D,LAud,MMUT(2)_cohort6_group1,Mut
MMUT(2)_cohort6_group1__1,3894,Ch E,LBar,MMUT(2)_cohort6_group1,Mut
MMUT(2)_cohort6_group1__1,3894,Ch F,LVis,MMUT(2)_cohort6_group1,Mut
MMUT(2)_cohort6_group1__1,3894,Ch G,RHip,MMUT(2)_cohort6_group1,Mut
MMUT(2)_cohort6_group1__1,3894,Ch H,LMot,MMUT(2)_cohort6_group1,Mut
MMUT(2)_cohort6_group1__1,3894,Ch I,LHip,MMUT(2)_cohort6_group1,Mut
MMUT(2)_cohort6_group1__1,3894,Ch J,RBar,MMUT(2)_cohort6_group1,Mut
MMUT(2)_cohort6_group1__1,5892,Ch A,RVis,MMUT(2)_cohort6_group1,Mut
MMUT(2)_cohort6_group1__1,5892,Ch B,LBar,MMUT(2)_cohort6_group1,Mut
MMUT(2)_cohort6_group1__1,5892,Ch C,RAud,MMUT(2)_cohort6_group1,Mut
MMUT(2)_cohort6_group1__1,5892,Ch D,LMot,MMUT(2)_cohort6_group1,Mut
MMUT(2)_cohort6_group1__1,5892,Ch E,LVis,MMUT(2)_cohort6_group1,Mut
MMUT(2)_cohort6_group1__1,5892,Ch F,RMot,MMUT(2)_cohort6_group1,Mut
MMUT(2)_cohort6_group1__1,5892,Ch G,RBar,MMUT(2)_cohort6_group1,Mut
MMUT(2)_cohort6_group1__1,5892,Ch H,RHip,MMUT(2)_cohort6_group1,Mut
MMUT(2)_cohort6_group1__1,5892,Ch I,LHip,MMUT(2)_cohort6_group1,Mut
MMUT(2)_cohort6_group1__1,5892,Ch J,LAud,MMUT(2)_cohort6_group1,Mut
MMUT(2)_cohort6_group1__2,756,Ch A,LAud,MMUT(2)_cohort6_group1,Mut
MMUT(2)_cohort6_group1__2,756,Ch B,RBar,MMUT(2)_cohort6_group1,Mut
MMUT(2)_cohort6_group1__2,756,Ch C,RHip,MMUT(2)_cohort6_group1,Mut
MMUT(2)_cohort6_group1__2,756,Ch D,LMot,MMUT(2)_cohort6_group1,Mut
MMUT(2)_cohort6_group1__2,756,Ch E,LHip,MMUT(2)_cohort6_group1,Mut
MMUT(2)_cohort6_group1__2,756,Ch F,RMot,MMUT(2)_cohort6_group1,Mut
MMUT(2)_cohort6_group1__2,756,Ch G,LBar,MMUT(2)_cohort6_group1,Mut
MMUT(2)_cohort6_group1__2,756,Ch H,RVis,MMUT(2)_cohort6_group1,Mut
MMUT(2)_cohort6_group1__2,756,Ch I,RAud,MMUT(2)_cohort6_group1,Mut
MMUT(2)_cohort6_group1__2,756,Ch J,LVis,MMUT(2)_cohort6_group1,Mut
MMUT(2)_cohort6_group1__2,6898,Ch A,RMot,MMUT(2)_cohort6_group1,Mut
MMUT(2)_cohort6_group1__2,6898,Ch B,RHip,MMUT(2)_cohort6_group1,Mut
MMUT(2)_cohort6_group1__2,6898,Ch C,RAud,MMUT(2)_cohort6_group1,Mut
MMUT(2)_cohort6_group1__2,6898,Ch D,LAud,MMUT(2)_cohort6_group1,Mut
MMUT(2)_cohort6_group1__2,6898,Ch E,LBar,MMUT(2)_cohort6_group1,Mut
MMUT(2)_cohort6_group1__2,6898,Ch F,LVis,MMUT(2)_cohort6_group1,Mut
MMUT(2)_cohort6_group1__2,6898,Ch G,RVis,MMUT(2)_cohort6_group1,Mut
MMUT(2)_cohort6_group1__2,6898,Ch H,LMot,MMUT(2)_cohort6_group1,Mut
MMUT(2)_cohort6_group1__2,6898,Ch I,LHip,MMUT(2)_cohort6_group1,Mut
MMUT(2)_cohort6_group1__2,6898,Ch J,RBar,MMUT(2)_cohort6_group1,Mut
MMUT(2)_cohort6_group1__2,9729,Ch A,RAud,MMUT(2)_cohort6_group1,Mut
MMUT(2)_cohort6_group1__2,9729,Ch B,LBar,MMUT(2)_cohort6_group1,Mut
MMUT(2)_cohort6_group1__2,9729,Ch C,LMot,MMUT(2)_cohort6_group1,Mut
MMUT(2)_cohort6_group1__2,9729,Ch D,LVis,MMUT(2)_cohort6_group1,Mut
MMUT(2)_cohort6_group1__2,9729,Ch E,RBar,MMUT(2)_cohort6_group1,Mut
MMUT(2)_cohort6_group1__2,9729,Ch F,RMot,MMUT(2)_cohort6_group1,Mut
MMUT(2)_cohort6_group1__2,9729,Ch G,RHip,MMUT(2)_cohort6_group1,Mut
MMUT(2)_cohort6_group1__2,9729,Ch H,LAud,MMUT(2)_cohort6_group1,Mut
MMUT(2)_cohort6_group1__2,9729,Ch I,LHip,MMUT(2)_cohort6_group1,Mut
MMUT(2)_cohort6_group1__2,9729,Ch J,RVis,MMUT(2)_cohort6_group1,Mut
MMUT(2)_cohort6_group1__2,11369,Ch A,RAud,MMUT(2)_cohort6_group1,Mut
MMUT(2)_cohort6_group1__2,11369,Ch B,LBar,MMUT(2)_cohort6_group1,Mut
MMUT(2)_cohort6_group1__2,11369,Ch C,RVis,MMUT(2)_cohort6_group1,Mut
MMUT(2)_cohort6_group1__2,11369,Ch D,LVis,MMUT(2)_cohort6_group1,Mut
MMUT(2)_cohort6_group1__2,11369,Ch E,RBar,MMUT(2)_cohort6_group1,Mut
MMUT(2)_cohort6_group1__2,11369,Ch F,RHip,MMUT(2)_cohort6_group1,Mut
MMUT(2)_cohort6_group1__2,11369,Ch G,RMot,MMUT(2)_cohort6_group1,Mut
MMUT(2)_cohort6_group1__2,11369,Ch H,LAud,MMUT(2)_cohort6_group1,Mut
MMUT(2)_cohort6_group1__2,11369,Ch I,LMot,MMUT(2)_cohort6_group1,Mut
MMUT(2)_cohort6_group1__2,11369,Ch J,LHip,MMUT(2)_cohort6_group1,Mut
MMUT(2)_cohort6_group1__2,11949,Ch A,RBar,MMUT(2)_cohort6_group1,Mut
MMUT(2)_cohort6_group1__2,11949,Ch B,LAud,MMUT(2)_cohort6_group1,Mut
MMUT(2)_cohort6_group1__2,11949,Ch C,RVis,MMUT(2)_cohort6_group1,Mut
MMUT(2)_cohort6_group1__2,11949,Ch D,RAud,MMUT(2)_cohort6_group1,Mut
MMUT(2)_cohort6_group1__2,11949,Ch E,LBar,MMUT(2)_cohort6_group1,Mut
MMUT(2)_cohort6_group1__2,11949,Ch F,LHip,MMUT(2)_cohort6_group1,Mut
MMUT(2)_cohort6_group1__2,11949,Ch G,RMot,MMUT(2)_cohort6_group1,Mut
MMUT(2)_cohort6_group1__2,11949,Ch H,LVis,MMUT(2)_cohort6_group1,Mut
MMUT(2)_cohort6_group1__2,11949,Ch I,RHip,MMUT(2)_cohort6_group1,Mut
MMUT(2)_cohort6_group1__2,11949,Ch J,LMot,MMUT(2)_cohort6_group1,Mut
MMUT(2)_cohort6_group1__3,31,Ch A,RVis,MMUT(2)_cohort6_group1,Mut
MMUT(2)_cohort6_group1__3,31,Ch B,LMot,MMUT(2)_cohort6_group1,Mut
MMUT(2)_cohort6_group1__3,31,Ch C,LAud,MMUT(2)_cohort6_group1,Mut
MMUT(2)_cohort6_group1__3,31,Ch D,LVis,MMUT(2)_cohort6_group1,Mut
MMUT(2)_cohort6_group1__3,31,Ch E,RHip,MMUT(2)_cohort6_group1,Mut
MMUT(2)_cohort6_group1__3,31,Ch F,RBar,MMUT(2)_cohort6_group1,Mut
MMUT(2)_cohort6_group1__3,31,Ch G,RAud,MMUT(2)_cohort6_group1,Mut
MMUT(2)_cohort6_group1__3,31,Ch H,LBar,MMUT(2)_cohort6_group1,Mut
MMUT(2)_cohort6_group1__3,31,Ch I,RMot,MMUT(2)_cohort6_group1,Mut
MMUT(2)_cohort6_group1__3,31,Ch J,LHip,MMUT(2)_cohort6_group1,Mut
MMUT(2)_cohort6_group1__3,1605,Ch A,LBar,MMUT(2)_cohort6_group1,Mut
MMUT(2)_cohort6_group1__3,1605,Ch B,RBar,MMUT(2)_cohort6_group1,Mut
MMUT(2)_cohort6_group1__3,1605,Ch C,RVis,MMUT(2)_cohort6_group1,Mut
MMUT(2)_cohort6_group1__3,1605,Ch D,LHip,MMUT(2)_cohort6_group1,Mut
MMUT(2)_cohort6_group1__3,1605,Ch E,LAud,MMUT(2)_cohort6_group1,Mut
MMUT(2)_cohort6_group1__3,1605,Ch F,RAud,MMUT(2)_cohort6_group1,Mut
MMUT(2)_cohort6_group1__3,1605,Ch G,LMot,MMUT(2)_cohort6_group1,Mut
MMUT(2)_cohort6_group1__3,1605,Ch H,RMot,MMUT(2)_cohort6_group1,Mut
MMUT(2)_cohort6_group1__3,1605,Ch I,RHip,MMUT(2)_cohort6_group1,Mut
MMUT(2)_cohort6_group1__3,1605,Ch J,LVis,MMUT(2)_cohort6_group1,Mut
MMUT(2)_cohort6_group1__3,2282,Ch A,LAud,MMUT(2)_cohort6_group1,Mut
MMUT(2)_cohort6_group1__3,2282,Ch B,LBar,MMUT(2)_cohort6_group1,Mut
MMUT(2)_cohort6_group1__3,2282,Ch C,LHip,MMUT(2)_cohort6_group1,Mut
MMUT(2)_cohort6_group1__3,2282,Ch D,RHip,MMUT(2)_cohort6_group1,Mut
MMUT(2)_cohort6_group1__3,2282,Ch E,RMot,MMUT(2)_cohort6_group1,Mut
MMUT(2)_cohort6_group1__3,2282,Ch F,LMot,MMUT(2)_cohort6_group1,Mut
MMUT(2)_cohort6_group1__3,2282,Ch G,RAud,MMUT(2)_cohort6_group1,Mut
MMUT(2)_cohort6_group1__3,2282,Ch H,LVis,MMUT(2)_cohort6_group1,Mut
MMUT(2)_cohort6_group1__3,2282,Ch I,RBar,MMUT(2)_cohort6_group1,Mut
MMUT(2)_cohort6_group1__3,2282,Ch J,RVis,MMUT(2)_cohort6_group1,Mut
MMUT(2)_cohort6_group1__3,5622,Ch A,RMot,MMUT(2)_cohort6_group1,Mut
MMUT(2)_cohort6_group1__3,5622,Ch B,RHip,MMUT(2)_cohort6_group1,Mut
MMUT(2)_cohort6_group1__3,5622,Ch C,LBar,MMUT(2)_cohort6_group1,Mut
MMUT(2)_cohort6_group1__3,5622,Ch D,RAud,MMUT(2)_cohort6_group1,Mut
MMUT(2)_cohort6_group1__3,5622,Ch E,RBar,MMUT(2)_cohort6_group1,Mut
MMUT(2)_cohort6_group1__3,5622,Ch F,RVis,MMUT(2)_cohort6_group1,Mut
MMUT(2)_cohort6_group1__3,5622,Ch G,LMot,MMUT(2)_cohort6_group1,Mut
MMUT(2)_cohort6_group1__3,5622,Ch H,LVis,MMUT(2)_cohort6_group1,Mut
MMUT(2)_cohort6_group1__3,5622,Ch I,LHip,MMUT(2)_cohort6_group1,Mut
MMUT(2)_cohort6_group1__3,5622,Ch J,LAud,MMUT(2)_cohort6_group1,Mut
MMUT(2)_cohort6_group1__3,14268,Ch A,RVis,MMUT(2)_cohort6_group1,Mut
MMUT(2)_cohort6_group1__3,14268,Ch B,LMot,MMUT(2)_cohort6_group1,Mut
MMUT(2)_cohort6_group1__3,14268,Ch C,LAud,MMUT(2)_cohort6_group1,Mut
MMUT(2)_cohort6_group1__3,14268,Ch D,RBar,MMUT(2)_cohort6_group1,Mut
MMUT(2)_cohort6_group1__3,14268,Ch E,RHip,MMUT(2)_cohort6_group1,Mut
MMUT(2)_cohort6_group1__3,14268,Ch F,LHip,MMUT(2)_cohort6_group1,Mut
MMUT(2)_cohort6_group1__3,14268,Ch G,RAud,MMUT(2)_cohort6_group1,Mut
MMUT(2)_cohort6_group1__3,14268,Ch H,LVis,MMUT(2)_cohort6_group1,Mut
MMUT(2)_cohort6_group1__3,14268,Ch I,LBar,MMUT(2)_cohort6_group1,Mut
MMUT(2)_cohort6_group1__3,14268,Ch J,RMot,MMUT(2)_cohort6_group1,Mut
MMUT(2)_cohort6_group1__4,91,Ch A,RHip,MMUT(2)_cohort6_group1,Mut
MMUT(2)_cohort6_group1__4,91,Ch B,RMot,MMUT(2)_cohort6_group1,Mut
MMUT(2)_cohort6_group1__4,91,Ch C,LMot,MMUT(2)_cohort6_group1,Mut
MMUT(2)_cohort6_group1__4,91,Ch D,RVis,MMUT(2)_cohort6_group1,Mut
MMUT(2)_cohort6_group1__4,91,Ch E,RAud,MMUT(2)_cohort6_group1,Mut
MMUT(2)_cohort6_group1__4,91,Ch F,LVis,MMUT(2)_cohort6_group1,Mut
MMUT(2)_cohort6_group1__4,91,Ch G,RBar,MMUT(2)_cohort6_group1,Mut
MMUT(2)_cohort6_group1__4,91,Ch H,LBar,MMUT(2)_cohort6_group1,Mut
MMUT(2)_cohort6_group1__4,91,Ch I,LHip,MMUT(2)_cohort6_group1,Mut
MMUT(2)_cohort6_group1__4,91,Ch J,LAud,MMUT(2)_cohort6_group1,Mut
MMUT(2)_cohort6_group1__4,542,Ch A,LBar,MMUT(2)_cohort6_group1,Mut
MMUT(2)_cohort6_group1__4,542,Ch B,LVis,MMUT(2)_cohort6_group1,Mut
MMUT(2)_cohort6_group1__4,542,Ch C,RAud,MMUT(2)_cohort6_group1,Mut
MMUT(2)_cohort6_group1__4,542,Ch D,LHip,MMUT(2)_cohort6_group1,Mut
MMUT(2)_cohort6_group1__4,542,Ch E,RBar,MMUT(2)_cohort6_group1,Mut
MMUT(2)_cohort6_group1__4,542,Ch F,RVis,MMUT(2)_cohort6_group1,Mut
MMUT(2)_cohort6_group1__4,542,Ch G,RHip,MMUT(2)_cohort6_group1,Mut
MMUT(2)_cohort6_group1__4,542,Ch H,LMot,MMUT(2)_cohort6_group1,Mut
MMUT(2)_cohort6_group1__4,542,Ch I,LAud,MMUT(2)_cohort6_group1,Mut
MMUT(2)_cohort6_group1__4,542,Ch J,RMot,MMUT(2)_cohort6_group1,Mut
MMUT(2)_cohort6_group1__4,2407,Ch A,RBar,MMUT(2)_cohort6_group1,Mut
MMUT(2)_cohort6_group1__4,2407,Ch B,LMot,MMUT(2)_cohort6_group1,Mut
MMUT(2)_cohort6_group1__4,2407,Ch C,LBar,MMUT(2)_cohort6_group1,Mut
MMUT(2)_cohort6_group1__4,2407,Ch D,RAud,MMUT(2)_cohort6_group1,Mut
MMUT(2)_cohort6_group1__4,2407,Ch E,RMot,MMUT(2)_cohort6_group1,Mut
MMUT(2)_cohort6_group1__4,2407,Ch F,LVis,MMUT(2)_cohort6_group1,Mut
MMUT(2)_cohort6_group1__4,2407,Ch G,RHip,MMUT(2)_cohort6_group1,Mut
MMUT(2)_cohort6_group1__4,2407,Ch H,LHip,MMUT(2)_cohort6_group1,Mut
MMUT(2)_cohort6_group1__4,2407,Ch I,LAud,MMUT(2)_cohort6_group1,Mut
MMUT(2)_cohort6_group1__4,2407,Ch J,RVis,MMUT(2)_cohort6_group1,Mut
MMUT(2)_cohort6_group1__4,3177,Ch A,LMot,MMUT(2)_cohort6_group1,Mut
MMUT(2)_cohort6_group1__4,3177,Ch B,LVis,MMUT(2)_cohort6_group1,Mut
MMUT(2)_cohort6_group1__4,3177,Ch C,LHip,MMUT(2)_cohort6_group1,Mut
MMUT(2)_cohort6_group1__4,3177,Ch D,RHip,MMUT(2)_cohort6_group1,Mut
MMUT(2)_cohort6_group1__4,3177,Ch E,RAud,MMUT(2)_cohort6_group1,Mut
MMUT(2)_cohort6_group1__4,3177,Ch F,LBar,MMUT(2)_cohort6_group1,Mut
MMUT(2)_cohort6_group1__4,3177,Ch G,RMot,MMUT(2)_cohort6_group1,Mut
MMUT(2)_cohort6_group1__4,3177,Ch H,RVis,MMUT(2)_cohort6_group1,Mut
MMUT(2)_cohort6_group1__4,3177,Ch I,RBar,MMUT(2)_cohort6_group1,Mut
MMUT(2)_cohort6_group1__4,3177,Ch J,LAud,MMUT(2)_cohort6_group1,Mut
MMUT(2)_cohort6_group1__4,3539,Ch A,LVis,MMUT(2)_cohort6_group1,Mut
MMUT(2)_cohort6_group1__4,3539,Ch B,LMot,MMUT(2)_cohort6_group1,Mut
MMUT(2)_cohort6_group1__4,3539,Ch C,RVis,MMUT(2)_cohort6_group1,Mut
MMUT(2)_cohort6_group1__4,3539,Ch D,RBar,MMUT(2)_cohort6_group1,Mut
MMUT(2)_cohort6_group1__4,3539,Ch E,LBar,MMUT(2)_cohort6_group1,Mut
MMUT(2)_cohort6_group1__4,3539,Ch F,RHip,MMUT(2)_cohort6_group1,Mut
MMUT(2)_cohort6_group1__4,3539,Ch G,RMot,MMUT(2)_cohort6_group1,Mut
MMUT(2)_cohort6_group1__4,3539,Ch H,RAud,MMUT(2)_cohort6_group1,Mut
MMUT(2)_cohort6_group1__4,3539,Ch I,LHip,MMUT(2)_cohort6_group1,Mut
MMUT(2)_cohort6_group1__4,3539,Ch J,LAud,MMUT(2)_cohort6_group1,Mut
cohort 2 group 6 mouse M3 cage3A__0,303,Ch A,LMot,cohort 2 group 6 mouse M3 cage3A,Het
cohort 2 group 6 mouse M3 cage3A__0,303,Ch B,LBar,cohort 2 group 6 mouse M3 cage3A,Het
cohort 2 group 6 mouse M3 cage3A__0,303,Ch C,LHip,cohort 2 group 6 mouse M3 cage3A,Het
cohort 2 group 6 mouse M3 cage3A__0,303,Ch D,RAud,cohort 2 group 6 mouse M3 cage3A,Het
cohort 2 group 6 mouse M3 cage3A__0,303,Ch E,LVis,cohort 2 group 6 mouse M3 cage3A,Het
cohort 2 group 6 mouse M3 cage3A__0,303,Ch F,RVis,cohort 2 group 6 mouse M3 cage3A,Het
cohort 2 group 6 mouse M3 cage3A__0,303,Ch G,RBar,cohort 2 group 6 mouse M3 cage3A,Het
cohort 2 group 6 mouse M3 cage3A__0,303,Ch H,RMot,cohort 2 group 6 mouse M3 cage3A,Het
cohort 2 group 6 mouse M3 cage3A__0,303,Ch I,RHip,cohort 2 group 6 mouse M3 cage3A,Het
cohort 2 group 6 mouse M3 cage3A__0,303,Ch J,LAud,cohort 2 group 6 mouse M3 cage3A,Het
cohort 2 group 6 mouse M3 cage3A__0,462,Ch A,LHip,cohort 2 group 6 mouse M3 cage3A,Het
cohort 2 group 6 mouse M3 cage3A__0,462,Ch B,RAud,cohort 2 group 6 mouse M3 cage3A,Het
cohort 2 group 6 mouse M3 cage3A__0,462,Ch C,RHip,cohort 2 group 6 mouse M3 cage3A,Het
cohort 2 group 6 mouse M3 cage3A__0,462,Ch D,LMot,cohort 2 group 6 mouse M3 cage3A,Het
cohort 2 group 6 mouse M3 cage3A__0,462,Ch E,RMot,cohort 2 group 6 mouse M3 cage3A,Het
cohort 2 group 6 mouse M3 cage3A__0,462,Ch F,LVis,cohort 2 group 6 mouse M3 cage3A,Het
cohort 2 group 6 mouse M3 cage3A__0,462,Ch G,RBar,cohort 2 group 6 mouse M3 cage3A,Het
cohort 2 group 6 mouse M3 cage3A__0,462,Ch H,RVis,cohort 2 group 6 mouse M3 cage3A,Het
cohort 2 group 6 mouse M3 cage3A__0,462,Ch I,LBar,cohort 2 group 6 mouse M3 cage3A,Het
cohort 2 group 6 mouse M3 cage3A__0,462,Ch J,LAud,cohort 2 group 6 mouse M3 cage3A,Het
cohort 2 group 6 mouse M3 cage3A__0,1083,Ch A,RMot,cohort 2 group 6 mouse M3 cage3A,Het
cohort 2 group 6 mouse M3 cage3A__0,1083,Ch B,LAud,cohort 2 group 6 mouse M3 cage3A,Het
cohort 2 group 6 mouse M3 cage3A__0,1083,Ch C,LBar,cohort 2 group 6 mouse M3 cage3A,Het
cohort 2 group 6 mouse M3 cage3A__0,1083,Ch D,LVis,cohort 2 group 6 mouse M3 cage3A,Het
cohort 2 group 6 mouse M3 cage3A__0,1083,Ch E,RAud,cohort 2 group 6 mouse M3 cage3A,Het
cohort 2 group 6 mouse M3 cage3A__0,1083,Ch F,LMot,cohort 2 group 6 mouse M3 cage3A,Het
cohort 2 group 6 mouse M3 cage3A__0,1083,Ch G,RVis,cohort 2 group 6 mouse M3 cage3A,Het
cohort 2 group 6 mouse M3 cage3A__0,1083,Ch H,RHip,cohort 2 group 6 mouse M3 cage3A,Het
cohort 2 group 6 mouse M3 cage3A__0,1083,Ch I,RBar,cohort 2 group 6 mouse M3 cage3A,Het
cohort 2 group 6 mouse M3 cage3A__0,1083,Ch J,LHip,cohort 2 group 6 mouse M3 cage3A,Het
cohort 2 group 6 mouse M3 cage3A__0,1974,Ch A,RHip,cohort 2 group 6 mouse M3 cage3A,Het
cohort 2 group 6 mouse M3 cage3A__0,1974,Ch B,LMot,cohort 2 group 6 mouse M3 cage3A,Het
cohort 2 group 6 mouse M3 cage3A__0,1974,Ch C,RVis,cohort 2 group 6 mouse M3 cage3A,Het
cohort 2 group 6 mouse M3 cage3A__0,1974,Ch D,LHip,cohort 2 group 6 mouse M3 cage3A,Het
cohort 2 group 6 mouse M3 cage3A__0,1974,Ch E,LAud,cohort 2 group 6 mouse M3 cage3A,Het
cohort 2 group 6 mouse M3 cage3A__0,1974,Ch F,RAud,cohort 2 group 6 mouse M3 cage3A,Het
cohort 2 group 6 mouse M3 cage3A__0,1974,Ch G,LBar,cohort 2 group 6 mouse M3 cage3A,Het
cohort 2 group 6 mouse M3 cage3A__0,1974,Ch H,RBar,cohort 2 group 6 mouse M3 cage3A,Het
cohort 2 group 6 mouse M3 cage3A__0,1974,Ch I,LVis,cohort 2 group 6 mouse M3 cage3A,Het
cohort 2 group 6 mouse M3 cage3A__0,1974,Ch J,RMot,cohort 2 group 6 mouse M3 cage3A,Het
cohort 2 group 6 mouse M3 cage3A__0,9611,Ch A,RHip,cohort 2 group 6 mouse M3 cage3A,Het
cohort 2 group 6 mouse M3 cage3A__0,9611,Ch B,LBar,cohort 2 group 6 mouse M3 cage3A,Het
cohort 2 group 6 mouse M3 cage3A__0,9611,Ch C,LVis,cohort 2 group 6 mouse M3 cage3A,Het
cohort 2 group 6 mouse M3 cage3A__0,9611,Ch D,LHip,cohort 2 group 6 mouse M3 cage3A,Het
cohort 2 group 6 mouse M3 cage3A__0,9611,Ch E,RBar,cohort 2 group 6 mouse M3 cage3A,Het
cohort 2 group 6 mouse M3 cage3A__0,9611,Ch F,LMot,cohort 2 group 6 mouse M3 cage3A,Het
cohort 2 group 6 mouse M3 cage3A__0,9611,Ch G,LAud,cohort 2 group 6 mouse M3 cage3A,Het
cohort 2 group 6 mouse M3 cage3A__0,9611,Ch H,RAud,cohort 2 group 6 mouse M3 cage3A,Het
cohort 2 group 6 mouse M3 cage3A__0,9611,Ch I,RVis,cohort 2 group 6 mouse M3 cage3A,Het
cohort 2 group 6 mouse M3 cage3A__0,9611,Ch J,RMot,cohort 2 group 6 mouse M3 cage3A,Het
cohort 2 group 6 mouse M3 cage3A__0,9959,Ch A,RMot,cohort 2 group 6 mouse M3 cage3A,Het
cohort 2 group 6 mouse M3 cage3A__0,9959,Ch B,LVis,cohort 2 group 6 mouse M3 cage3A,Het
cohort 2 group 6 mouse M3 cage3A__0,9959,Ch C,LMot,cohort 2 group 6 mouse M3 cage3A,Het
cohort 2 group 6 mouse M3 cage3A__0,9959,Ch D,RAud,cohort 2 group 6 mouse M3 cage3A,Het
cohort 2 group 6 mouse M3 cage3A__0,9959,Ch E,RVis,cohort 2 group 6 mouse M3 cage3A,Het
cohort 2 group 6 mouse M3 cage3A__0,9959,Ch F,LHip,cohort 2 group 6 mouse M3 cage3A,Het
cohort 2 group 6 mouse M3 cage3A__0,9959,Ch G,RHip,cohort 2 group 6 mouse M3 cage3A,Het
cohort 2 group 6 mouse M3 cage3A__0,9959,Ch H,RBar,cohort 2 group 6 mouse M3 cage3A,Het
cohort 2 group 6 mouse M3 cage3A__0,9959,Ch I,LBar,cohort 2 group 6 mouse M3 cage3A,Het
cohort 2 group 6 mouse M3 cage3A__0,9959,Ch J,LAud,cohort 2 group 6 mouse M3 cage3A,Het
cohort 2 group 6 mouse M3 cage3A__0,10702,Ch A,LAud,cohort 2 group 6 mouse M3 cage3A,Het
cohort 2 group 6 mouse M3 cage3A__0,10702,Ch B,RHip,cohort 2 group 6 mouse M3 cage3A,Het
cohort 2 group 6 mouse M3 cage3A__0,10702,Ch C,LMot,cohort 2 group 6 mouse M3 cage3A,Het
cohort 2 group 6 mouse M3 cage3A__0,10702,Ch D,LVis,cohort 2 group 6 mouse M3 cage3A,Het
cohort 2 group 6 mouse M3 cage3A__0,10702,Ch E,LBar,cohort 2 group 6 mouse M3 cage3A,Het
cohort 2 group 6 mouse M3 cage3A__0,10702,Ch F,RBar,cohort 2 group 6 mouse M3 cage3A,Het
cohort 2 group 6 mouse M3 cage3A__0,10702,Ch G,RVis,cohort 2 group 6 mouse M3 cage3A,Het
cohort 2 group 6 mouse M3 cage3A__0,10702,Ch H,RMot,cohort 2 group 6 mouse M3 cage3A,Het
cohort 2 group 6 mouse M3 cage3A__0,10702,Ch I,LHip,cohort 2 group 6 mouse M3 cage3A,Het
cohort 2 group 6 mouse M3 cage3A__0,10702,Ch J,RAud,cohort 2 group 6 mouse M3 cage3A,Het
cohort 2 group 6 mouse M3 cage3A__0,11742,Ch A,LMot,cohort 2 group 6 mouse M3 cage3A,Het
cohort 2 group 6 mouse M3 cage3A__0,11742,Ch B,LHip,cohort 2 group 6 mouse M3 cage3A,Het
cohort 2 group 6 mouse M3 cage3A__0,11742,Ch C,RAud,cohort 2 group 6 mouse M3 cage3A,Het
cohort 2 group 6 mouse M3 cage3A__0,11742,Ch D,RBar,cohort 2 group 6 mouse M3 cage3A,Het
cohort 2 group 6 mouse M3 cage3A__0,11742,Ch E,RVis,cohort 2 group 6 mouse M3 cage3A,Het
cohort 2 group 6 mouse M3 cage3A__0,11742,Ch F,LAud,cohort 2 group 6 mouse M3 cage3A,Het
cohort 2 group 6 mouse M3 cage3A__0,11742,Ch G,LVis,cohort 2 group 6 mouse M3 cage3A,Het
cohort 2 group 6 mouse M3 cage3A__0,11742,Ch H,RMot,cohort 2 group 6 mouse M3 cage3A,Het
cohort 2 group 6 mouse M3 cage3A__0,11742,Ch I,LBar,cohort 2 group 6 mouse M3 cage3A,Het
cohort 2 group 6 mouse M3 cage3A__0,11742,Ch J,RHip,cohort 2 group 6 mouse M3 cage3A,Het
cohort 2 group 6 mouse M3 cage3A__0,14154,Ch A,LBar,cohort 2 group 6 mouse M3 cage3A,Het
cohort 2 group 6 mouse M3 cage3A__0,14154,Ch B,LMot,cohort 2 group 6 mouse M3 cage3A,Het
cohort 2 group 6 mouse M3 cage3A__0,14154,Ch C,RAud,cohort 2 group 6 mouse M3 cage3A,Het
cohort 2 group 6 mouse M3 cage3A__0,14154,Ch D,LAud,cohort 2 group 6 mouse M3 cage3A,Het
cohort 2 group 6 mouse M3 cage3A__0,14154,Ch E,LVis,cohort 2 group 6 mouse M3 cage3A,Het
cohort 2 group 6 mouse M3 cage3A__0,14154,Ch F,RHip,cohort 2 group 6 mouse M3 cage3A,Het
cohort 2 group 6 mouse M3 cage3A__0,14154,Ch G,LHip,cohort 2 group 6 mouse M3 cage3A,Het
cohort 2 group 6 mouse M3 cage3A__0,14154,Ch H,RVis,cohort 2 group 6 mouse M3 cage3A,Het
cohort 2 group 6 mouse M3 cage3A__0,14154,Ch I,RBar,cohort 2 group 6 mouse M3 cage3A,Het
cohort 2 group 6 mouse M3 cage3A__0,14154,Ch J,RMot,cohort 2 group 6 mouse M3 cage3A,Het
cohort 2 group 6 mouse M3 cage3A__1,31,Ch A,RVis,cohort 2 group 6 mouse M3 cage3A,Het
cohort 2 group 6 mouse M3 cage3A__1,31,Ch B,RMot,cohort 2 group 6 mouse M3 cage3A,Het
cohort 2 group 6 mouse M3 cage3A__1,31,Ch C,RBar,cohort 2 group 6 mouse M3 cage3A,Het
cohort 2 group 6 mouse M3 cage3A__1,31,Ch D,LBar,cohort 2 group 6 mouse M3 cage3A,Het
cohort 2 group 6 mouse M3 cage3A__1,31,Ch E,LVis,cohort 2 group 6 mouse M3 cage3A,Het
cohort 2 group 6 mouse M3 cage3A__1,31,Ch F,LHip,cohort 2 group 6 mouse M3 cage3A,Het
cohort 2 group 6 mouse M3 cage3A__1,31,Ch G,LAud,cohort 2 group 6 mouse M3 cage3A,Het
cohort 2 group 6 mouse M3 cage3A__1,31,Ch H,LMot,cohort 2 group 6 mouse M3 cage3A,Het
cohort 2 group 6 mouse M3 cage3A__1,31,Ch I,RHip,cohort 2 group 6 mouse M3 cage3A,Het
cohort 2 group 6 mouse M3 cage3A__1,31,Ch J,RAud,cohort 2 group 6 mouse M3 cage3A,Het
cohort 2 group 6 mouse M3 cage3A__1,4985,Ch A,RAud,cohort 2 group 6 mouse M3 cage3A,Het
cohort 2 group 6 mouse M3 cage3A__1,4985,Ch B,LMot,cohort 2 group 6 mouse M3 cage3A,Het
cohort 2 group 6 mouse M3 cage3A__1,4985,Ch C,LHip,cohort 2 group 6 mouse M3 cage3A,Het
cohort 2 group 6 mouse M3 cage3A__1,4985,Ch D,LAud,cohort 2 group 6 mouse M3 cage3A,Het
cohort 2 group 6 mouse M3 cage3A__1,4985,Ch E,RMot,cohort 2 group 6 mouse M3 cage3A,Het
cohort 2 group 6 mouse M3 cage3A__1,4985,Ch F,RBar,cohort 2 group 6 mouse M3 cage3A,Het
cohort 2 group 6 mouse M3 cage3A__1,4985,Ch G,LVis,cohort 2 group 6 mouse M3 cage3A,Het
cohort 2 group 6 mouse M3 cage3A__1,4985,Ch H,RHip,cohort 2 group 6 mouse M3 cage3A,Het
cohort 2 group 6 mouse M3 cage3A__1,4985,Ch I,LBar,cohort 2 group 6 mouse M3 cage3A,Het
cohort 2 group 6 mouse M3 cage3A__1,4985,Ch J,RVis,cohort 2 group 6 mouse M3 cage3A,Het
cohort 2 group 6 mouse M3 cage3A__1,9014,Ch A,RHip,cohort 2 group 6 mouse M3 cage3A,Het
cohort 2 group 6 mouse M3 cage3A__1,9014,Ch B,RMot,cohort 2 group 6 mouse M3 cage3A,Het
cohort 2 group 6 mouse M3 cage3A__1,9014,Ch C,LVis,cohort 2 group 6 mouse M3 cage3A,Het
cohort 2 group 6 mouse M3 cage3A__1,9014,Ch D,LHip,cohort 2 group 6 mouse M3 cage3A,Het
cohort 2 group 6 mouse M3 cage3A__1,9014,Ch E,LMot,cohort 2 group 6 mouse M3 cage3A,Het
cohort 2 group 6 mouse M3 cage3A__1,9014,Ch F,LBar,cohort 2 group 6 mouse M3 cage3A,Het
cohort 2 group 6 mouse M3 cage3A__1,9014,Ch G,LAud,cohort 2 group 6 mouse M3 cage3A,Het
cohort 2 group 6 mouse M3 cage3A__1,9014,Ch H,RAud,cohort 2 group 6 mouse M3 cage3A,Het
cohort 2 group 6 mouse M3 cage3A__1,9014,Ch I,RVis,cohort 2 group 6 mouse M3 cage3A,Het
cohort 2 group 6 mouse M3 cage3A__1,9014,Ch J,RBar,cohort 2 group 6 mouse M3 cage3A,Het
cohort 2 group 6 mouse M3 cage3A__1,9762,Ch A,LVis,cohort 2 group 6 mouse M3 cage3A,Het
cohort 2 group 6 mouse M3 cage3A__1,9762,Ch B,RVis,cohort 2 group 6 mouse M3 cage3A,Het
cohort 2 group 6 mouse M3 cage3A__1,9762,Ch C,LAud,cohort 2 group 6 mouse M3 cage3A,Het
cohort 2 group 6 mouse M3 cage3A__1,9762,Ch D,LBar,cohort 2 group 6 mouse M3 cage3A,Het
cohort 2 group 6 mouse M3 cage3A__1,9762,Ch E,RBar,cohort 2 group 6 mouse M3 cage3A,Het
cohort 2 group 6 mouse M3 cage3A__1,9762,Ch F,RMot,cohort 2 group 6 mouse M3 cage3A,Het
cohort 2 group 6 mouse M3 cage3A__1,9762,Ch G,RAud,cohort 2 group 6 mouse M3 cage3A,Het
cohort 2 group 6 mouse M3 cage3A__1,9762,Ch H,LHip,cohort 2 group 6 mouse M3 cage3A,Het
cohort 2 group 6 mouse M3 cage3A__1,9762,Ch I,RHip,cohort 2 group 6 mouse M3 cage3A,Het
cohort 2 group 6 mouse M3 cage3A__1,9762,Ch J,LMot,cohort 2 group 6 mouse M3 cage3A,Het
cohort 2 group 6 mouse M3 cage3A__1,10359,Ch A,LMot,cohort 2 group 6 mouse M3 cage3A,Het
cohort 2 group 6 mouse M3 cage3A__1,10359,Ch B,LHip,cohort 2 group 6 mouse M3 cage3A,Het
cohort 2 group 6 mouse M3 cage3A__1,10359,Ch C,LAud,cohort 2 group 6 mouse M3 cage3A,Het
cohort 2 group 6 mouse M3 cage3A__1,10359,Ch D,RVis,cohort 2 group 6 mouse M3 cage3A,Het
cohort 2 group 6 mouse M3 cage3A__1,10359,Ch E,RHip,cohort 2 group 6 mouse M3 cage3A,Het
cohort 2 group 6 mouse M3 cage3A__1,10359,Ch F,RAud,cohort 2 group 6 mouse M3 cage3A,Het
cohort 2 group 6 mouse M3 cage3A__1,10359,Ch G,RBar,cohort 2 group 6 mouse M3 cage3A,Het
cohort 2 group 6 mouse M3 cage3A__1,10359,Ch H,LBar,cohort 2 group 6 mouse M3 cage3A,Het
cohort 2 group 6 mouse M3 cage3A__1,10359,Ch I,RMot,cohort 2 group 6 mouse M3 cage3A,Het
cohort 2 group 6 mouse M3 cage3A__1,10359,Ch J,LVis,cohort 2 group 6 mouse M3 cage3A,Het
cohort 2 group 6 mouse M3 cage3A__1,11358,Ch A,LMot,cohort 2 group 6 mouse M3 cage3A,Het
cohort 2 group 6 mouse M3 cage3A__1,11358,Ch B,RHip,cohort 2 group 6 mouse M3 cage3A,Het
cohort 2 group 6 mouse M3 cage3A__1,11358,Ch C,LAud,cohort 2 group 6 mouse M3 cage3A,Het
cohort 2 group 6 mouse M3 cage3A__1,11358,Ch D,RBar,cohort 2 group 6 mouse M3 cage3A,Het
cohort 2 group 6 mouse M3 cage3A__1,11358,Ch E,RAud,cohort 2 group 6 mouse M3 cage3A,Het
cohort 2 group 6 mouse M3 cage3A__1,11358,Ch F,LHip,cohort 2 group 6 mouse M3 cage3A,Het
cohort 2 group 6 mouse M3 cage3A__1,11358,Ch G,LBar,cohort 2 group 6 mouse M3 cage3A,Het
cohort 2 group 6 mouse M3 cage3A__1,11358,Ch H,LVis,cohort 2 group 6 mouse M3 cage3A,Het
cohort 2 group 6 mouse M3 cage3A__1,11358,Ch I,RVis,cohort 2 group 6 mouse M3 cage3A,Het
cohort 2 group 6 mouse M3 cage3A__1,11358,Ch J,RMot,cohort 2 group 6 mouse M3 cage3A,Het
cohort 2 group 6 mouse M3 cage3A__1,16873,Ch A,LBar,cohort 2 group 6 mouse M3 cage3A,Het
cohort 2 group 6 mouse M3 cage3A__1,16873,Ch B,LAud,cohort 2 group 6 mouse M3 cage3A,Het
cohort 2 group 6 mouse M3 cage3A__1,16873,Ch C,RVis,cohort 2 group 6 mouse M3 cage3A,Het
cohort 2 group 6 mouse M3 cage3A__1,16873,Ch D,LVis,cohort 2 group 6 mouse M3 cage3A,Het
cohort 2 group 6 mouse M3 cage3A__1,16873,Ch E,RAud,cohort 2 group 6 mouse M3 cage3A,Het
cohort 2 group 6 mouse M3 cage3A__1,16873,Ch F,LHip,cohort 2 group 6 mouse M3 cage3A,Het
cohort 2 group 6 mouse M3 cage3A__1,16873,Ch G,RBar,cohort 2 group 6 mouse M3 cage3A,Het
cohort 2 group 6 mouse M3 cage3A__1,16873,Ch H,RMot,cohort 2 group 6 mouse M3 cage3A,Het
cohort 2 group 6 mouse M3 cage3A__1,16873,Ch I,RHip,cohort 2 group 6 mouse M3 cage3A,Het
cohort 2 group 6 mouse M3 cage3A__1,16873,Ch J,LMot,cohort 2 group 6 mouse M3 cage3A,Het
cohort 2 group 6 mouse M3 cage3A__1,17244,Ch A,RVis,cohort 2 group 6 mouse M3 cage3A,Het
cohort 2 group 6 mouse M3 cage3A__1,17244,Ch B,RAud,cohort 2 group 6 mouse M3 cage3A,Het
cohort 2 group 6 mouse M3 cage3A__1,17244,Ch C,RHip,cohort 2 group 6 mouse M3 cage3A,Het
cohort 2 group 6 mouse M3 cage3A__1,17244,Ch D,RMot,cohort 2 group 6 mouse M3 cage3A,Het
cohort 2 group 6 mouse M3 cage3A__1,17244,Ch E,LBar,cohort 2 group 6 mouse M3 cage3A,Het
cohort 2 group 6 mouse M3 cage3A__1,17244,Ch F,LMot,cohort 2 group 6 mouse M3 cage3A,Het
cohort 2 group 6 mouse M3 cage3A__1,17244,Ch G,LHip,cohort 2 group 6 mouse M3 cage3A,Het
cohort 2 group 6 mouse M3 cage3A__1,17244,Ch H,RBar,cohort 2 group 6 mouse M3 cage3A,Het
cohort 2 group 6 mouse M3 cage3A__1,17244,Ch I,LVis,cohort 2 group 6 mouse M3 cage3A,Het
cohort 2 group 6 mouse M3 cage3A__1,17244,Ch J,LAud,cohort 2 group 6 mouse M3 cage3A,Het
cohort 2 group 6 mouse M3 cage3A__2,303,Ch A,LAud,cohort 2 group 6 mouse M3 cage3A,Het
cohort 2 group 6 mouse M3 cage3A__2,303,Ch B,RMot,cohort 2 group 6 mouse M3 cage3A,Het
cohort 2 group 6 mouse M3 cage3A__2,303,Ch C,LHip,cohort 2 group 6 mouse M3 cage3A,Het
cohort 2 group 6 mouse M3 cage3A__2,303,Ch D,RBar,cohort 2 group 6 mouse M3 cage3A,Het
cohort 2 group 6 mouse M3 cage3A__2,303,Ch E,RAud,cohort 2 group 6 mouse M3 cage3A,Het
cohort 2 group 6 mouse M3 cage3A__2,303,Ch F,RVis,cohort 2 group 6 mouse M3 cage3A,Het
cohort 2 group 6 mouse M3 cage3A__2,303,Ch G,LMot,cohort 2 group 6 mouse M3 cage3A,Het
cohort 2 group 6 mouse M3 cage3A__2,303,Ch H,LBar,cohort 2 group 6 mouse M3 cage3A,Het
cohort 2 group 6 mouse M3 cage3A__2,303,Ch I,RHip,cohort 2 group 6 mouse M3 cage3A,Het
cohort 2 group 6 mouse M3 cage3A__2,303,Ch J,LVis,cohort 2 group 6 mouse M3 cage3A,Het
cohort 2 group 6 mouse M3 cage3A__2,462,Ch A,LBar,cohort 2 group 6 mouse M3 cage3A,Het
cohort 2 group 6 mouse M3 cage3A__2,462,Ch B,RAud,cohort 2 group 6 mouse M3 cage3A,Het
cohort 2 group 6 mouse M3 cage3A__2,462,Ch C,RVis,cohort 2 group 6 mouse M3 cage3A,Het
cohort 2 group 6 mouse M3 cage3A__2,462,Ch D,LHip,cohort 2 group 6 mouse M3 cage3A,Het
cohort 2 group 6 mouse M3 cage3A__2,462,Ch E,LVis,cohort 2 group 6 mouse M3 cage3A,Het
cohort 2 group 6 mouse M3 cage3A__2,462,Ch F,RBar,cohort 2 group 6 mouse M3 cage3A,Het
cohort 2 group 6 mouse M3 cage3A__2,462,Ch G,LAud,cohort 2 group 6 mouse M3 cage3A,Het
cohort 2 group 6 mouse M3 cage3A__2,462,Ch H,RHip,cohort 2 group 6 mouse M3 cage3A,Het
cohort 2 group 6 mouse M3 cage3A__2,462,Ch I,LMot,cohort 2 group 6 mouse M3 cage3A,Het
cohort 2 group 6 mouse M3 cage3A__2,462,Ch J,RMot,cohort 2 group 6 mouse M3 cage3A,Het
cohort 2 group 6 mouse M3 cage3A__2,1083,Ch A,RMot,cohort 2 group 6 mouse M3 cage3A,Het
cohort 2 group 6 mouse M3 cage3A__2,1083,Ch B,LVis,cohort 2 group 6 mouse M3 cage3A,Het
cohort 2 group 6 mouse M3 cage3A__2,1083,Ch C,RAud,cohort 2 group 6 mouse M3 cage3A,Het
cohort 2 group 6 mouse M3 cage3A__2,1083,Ch D,LAud,cohort 2 group 6 mouse M3 cage3A,Het
cohort 2 group 6 mouse M3 cage3A__2,1083,Ch E,RHip,cohort 2 group 6 mouse M3 cage3A,Het
cohort 2 group 6 mouse M3 cage3A__2,1083,Ch F,LBar,cohort 2 group 6 mouse M3 cage3A,Het
cohort 2 group 6 mouse M3 cage3A__2,1083,Ch G,RBar,cohort 2 group 6 mouse M3 cage3A,Het
cohort 2 group 6 mouse M3 cage3A__2,1083,Ch H,LMot,cohort 2 group 6 mouse M3 cage3A,Het
cohort 2 group 6 mouse M3 cage3A__2,1083,Ch I,LHip,cohort 2 group 6 mouse M3 cage3A,Het
cohort 2 group 6 mouse M3 cage3A__2,1083,Ch J,RVis,cohort 2 group 6 mouse M3 cage3A,Het
cohort 2 group 6 mouse M3 cage3A__2,1974,Ch A,RAud,cohort 2 group 6 mouse M3 cage3A,Het
cohort 2 group 6 mouse M3 cage3A__2,1974,Ch B,RHip,cohort 2 group 6 mouse M3 cage3A,Het
cohort 2 group 6 mouse M3 cage3A__2,1974,Ch C,RBar,cohort 2 group 6 mouse M3 cage3A,Het
cohort 2 group 6 mouse M3 cage3A__2,1974,Ch D,RMot,cohort 2 group 6 mouse M3 cage3A,Het
cohort 2 group 6 mouse M3 cage3A__2,1974,Ch E,LBar,cohort 2 group 6 mouse M3 cage3A,Het
cohort 2 group 6 mouse M3 cage3A__2,1974,Ch F,LHip,cohort 2 group 6 mouse M3 cage3A,Het
cohort 2 group 6 mouse M3 cage3A__2,1974,Ch G,RVis,cohort 2 group 6 mouse M3 cage3A,Het
cohort 2 group 6 mouse M3 cage3A__2,1974,Ch H,LVis,cohort 2 group 6 mouse M3 cage3A,Het
cohort 2 group 6 mouse M3 cage3A__2,1974,Ch I,LMot,cohort 2 group 6 mouse M3 cage3A,Het
cohort 2 group 6 mouse M3 cage3A__2,1974,Ch J,LAud,cohort 2 group 6 mouse M3 cage3A,Het
cohort 2 group 6 mouse M3 cage3A__2,9611,Ch A,LMot,cohort 2 group 6 mouse M3 cage3A,Het
cohort 2 group 6 mouse M3 cage3A__2,9611,Ch B,LHip,cohort 2 group 6 mouse M3 cage3A,Het
cohort 2 group 6 mouse M3 cage3A__2,9611,Ch C,RAud,cohort 2 group 6 mouse M3 cage3A,Het
cohort 2 group 6 mouse M3 cage3A__2,9611,Ch D,LVis,cohort 2 group 6 mouse M3 cage3A,Het
cohort 2 group 6 mouse M3 cage3A__2,9611,Ch E,LBar,cohort 2 group 6 mouse M3 cage3A,Het
cohort 2 group 6 mouse M3 cage3A__2,9611,Ch F,RHip,cohort 2 group 6 mouse M3 cage3A,Het
cohort 2 group 6 mouse M3 cage3A__2,9611,Ch G,RMot,cohort 2 group 6 mouse M3 cage3A,Het
cohort 2 group 6 mouse M3 cage3A__2,9611,Ch H,RBar,cohort 2 group 6 mouse M3 cage3A,Het
cohort 2 group 6 mouse M3 cage3A__2,9611,Ch I,RVis,cohort 2 group 6 mouse M3 cage3A,Het
cohort 2 group 6 mouse M3 cage3A__2,9611,Ch J,LAud,cohort 2 group 6 mouse M3 cage3A,Het
cohort 2 group 6 mouse M3 cage3A__2,9959,Ch A,LHip,cohort 2 group 6 mouse M3 cage3A,Het
cohort 2 group 6 mouse M3 cage3A__2,9959,Ch B,LBar,cohort 2 group 6 mouse M3 cage3A,Het
cohort 2 group 6 mouse M3 cage3A__2,9959,Ch C,RMot,cohort 2 group 6 mouse M3 cage3A,Het
cohort 2 group 6 mouse M3 cage3A__2,9959,Ch D,RAud,cohort 2 group 6 mouse M3 cage3A,Het
cohort 2 group 6 mouse M3 cage3A__2,9959,Ch E,LVis,cohort 2 group 6 mouse M3 cage3A,Het
cohort 2 group 6 mouse M3 cage3A__2,9959,Ch F,RVis,cohort 2 group 6 mouse M3 cage3A,Het
cohort 2 group 6 mouse M3 cage3A__2,9959,Ch G,RBar,cohort 2 group 6 mouse M3 cage3A,Het
cohort 2 group 6 mouse M3 cage3A__2,9959,Ch H,LAud,cohort 2 group 6 mouse M3 cage3A,Het
cohort 2 group 6 mouse M3 cage3A__2,9959,Ch I,LMot,cohort 2 group 6 mouse M3 cage3A,Het
cohort 2 group 6 mouse M3 cage3A__2,9959,Ch J,RHip,cohort 2 group 6 mouse M3 cage3A,Het
cohort 2 group 6 mouse M3 cage3A__2,11742,Ch A,RMot,cohort 2 group 6 mouse M3 cage3A,Het
cohort 2 group 6 mouse M3 cage3A__2,11742,Ch B,RVis,cohort 2 group 6 mouse M3 cage3A,Het
cohort 2 group 6 mouse M3 cage3A__2,11742,Ch C,LAud,cohort 2 group 6 mouse M3 cage3A,Het
cohort 2 group 6 mouse M3 cage3A__2,11742,Ch D,LMot,cohort 2 group 6 mouse M3 cage3A,Het
cohort 2 group 6 mouse M3 cage3A__2,11742,Ch E,LBar,cohort 2 group 6 mouse M3 cage3A,Het
cohort 2 group 6 mouse M3 cage3A__2,11742,Ch F,LVis,cohort 2 group 6 mouse M3 cage3A,Het
cohort 2 group 6 mouse M3 cage3A__2,11742,Ch G,RHip,cohort 2 group 6 mouse M3 cage3A,Het
cohort 2 group 6 mouse M3 cage3A__2,11742,Ch H,RAud,cohort 2 group 6 mouse M3 cage3A,Het
cohort 2 group 6 mouse M3 cage3A__2,11742,Ch I,RBar,cohort 2 group 6 mouse M3 cage3A,Het
cohort 2 group 6 mouse M3 cage3A__2,11742,Ch J,LHip,cohort 2 group 6 mouse M3 cage3A,Het
cohort 2 group 6 mouse M3 cage3A__2,14154,Ch A,RHip,cohort 2 group 6 mouse M3 cage3A,Het
cohort 2 group 6 mouse M3 cage3A__2,14154,Ch B,RBar,cohort 2 group 6 mouse M3 cage3A,Het
cohort 2 group 6 mouse M3 cage3A__2,14154,Ch C,LBar,cohort 2 group 6 mouse M3 cage3A,Het
cohort 2 group 6 mouse M3 cage3A__2,14154,Ch D,LHip,cohort 2 group 6 mouse M3 cage3A,Het
cohort 2 group 6 mouse M3 cage3A__2,14154,Ch E,RAud,cohort 2 group 6 mouse M3 cage3A,Het
cohort 2 group 6 mouse M3 cage3A__2,14154,Ch F,RMot,cohort 2 group 6 mouse M3 cage3A,Het
cohort 2 group 6 mouse M3 cage3A__2,14154,Ch G,LAud,cohort 2 group 6 mouse M3 cage3A,Het
cohort 2 group 6 mouse M3 cage3A__2,14154,Ch H,LMot,cohort 2 group 6 mouse M3 cage3A,Het
cohort 2 group 6 mouse M3 cage3A__2,14154,Ch I,LVis,cohort 2 group 6 mouse M3 cage3A,Het
cohort 2 group 6 mouse M3 cage3A__2,14154,Ch J,RVis,cohort 2 group 6 mouse M3 cage3A,Het
AP3B2het-207-M__0,652,Ch A,LAud,AP3B2het-207-M,HET
AP3B2het-207-M__0,652,Ch B,LVis,AP3B2het-207-M,HET
AP3B2het-207-M__0,652,Ch C,RAud,AP3B2het-207-M,HET
AP3B2het-207-M__0,652,Ch D,LMot,AP3B2het-207-M,HET
AP3B2het-207-M__0,652,Ch E,RVis,AP3B2het-207-M,HET
AP3B2het-207-M__0,652,Ch F,RMot,AP3B2het-207-M,HET
AP3B2het-207-M__0,652,Ch G,RBar,AP3B2het-207-M,HET
AP3B2het-207-M__0,652,Ch H,RHip,AP3B2het-207-M,HET
AP3B2het-207-M__0,652,Ch I,LBar,AP3B2het-207-M,HET
AP3B2het-207-M__0,652,Ch J,LHip,AP3B2het-207-M,HET
AP3B2het-207-M__0,3996,Ch A,LMot,AP3B2het-207-M,HET
AP3B2het-207-M__0,3996,Ch B,RMot,AP3B2het-207-M,HET
AP3B2het-207-M__0,3996,Ch C,RHip,AP3B2het-207-M,HET
AP3B2het-207-M__0,3996,Ch D,RAud,AP3B2het-207-M,HET
AP3B2het-207-M__0,3996,Ch E,LBar,AP3B2het-207-M,HET
AP3B2het-207-M__0,3996,Ch F,RVis,AP3B2het-207-M,HET
AP3B2het-207-M__0,3996,Ch G,RBar,AP3B2het-207-M,HET
AP3B2het-207-M__0,3996,Ch H,LHip,AP3B2het-207-M,HET
AP3B2het-207-M__0,3996,Ch I,LAud,AP3B2het-207-M,HET
AP3B2het-207-M__0,3996,Ch J,LVis,AP3B2het-207-M,HET
AP3B2het-207-M__0,5128,Ch A,LAud,AP3B2het-207-M,HET
AP3B2het-207-M__0,5128,Ch B,RBar,AP3B2het-207-M,HET
AP3B2het-207-M__0,5128,Ch C,RAud,AP3B2het-207-M,HET
AP3B2het-207-M__0,5128,Ch D,LBar,AP3B2het-207-M,HET
AP3B2het-207-M__0,5128,Ch E,RMot,AP3B2het-207-M,HET
AP3B2het-207-M__0,5128,Ch F,RVis,AP3B2het-207-M,HET
AP3B2het-207-M__0,5128,Ch G,RHip,AP3B2het-207-M,HET
AP3B2het-207-M__0,5128,Ch H,LVis,AP3B2het-207-M,HET
AP3B2het-207-M__0,5128,Ch I,LMot,AP3B2het-207-M,HET
AP3B2het-207-M__0,5128,Ch J,LHip,AP3B2het-207-M,HET
AP3B2het-207-M__0,5574,Ch A,LAud,AP3B2het-207-M,HET
AP3B2het-207-M__0,5574,Ch B,RMot,AP3B2het-207-M,HET
AP3B2het-207-M__0,5574,Ch C,LMot,AP3B2het-207-M,HET
AP3B2het-207-M__0,5574,Ch D,LVis,AP3B2het-207-M,HET
AP3B2het-207-M__0,5574,Ch E,LHip,AP3B2het-207-M,HET
AP3B2het-207-M__0,5574,Ch F,LBar,AP3B2het-207-M,HET
AP3B2het-207-M__0,5574,Ch G,RAud,AP3B2het-207-M,HET
AP3B2het-207-M__0,5574,Ch H,RBar,AP3B2het-207-M,HET
AP3B2het-207-M__0,5574,Ch I,RVis,AP3B2het-207-M,HET
AP3B2het-207-M__0,5574,Ch J,RHip,AP3B2het-207-M,HET
AP3B2het-207-M__0,8868,Ch A,LBar,AP3B2het-207-M,HET
AP3B2het-207-M__0,8868,Ch B,RMot,AP3B2het-207-M,HET
AP3B2het-207-M__0,8868,Ch C,RBar,AP3B2het-207-M,HET
AP3B2het-207-M__0,8868,Ch D,RVis,AP3B2het-207-M,HET
AP3B2het-207-M__0,8868,Ch E,LVis,AP3B2het-207-M,HET
AP3B2het-207-M__0,8868,Ch F,RAud,AP3B2het-207-M,HET
AP3B2het-207-M__0,8868,Ch G,LHip,AP3B2het-207-M,HET
AP3B2het-207-M__0,8868,Ch H,LAud,AP3B2het-207-M,HET
AP3B2het-207-M__0,8868,Ch I,LMot,AP3B2het-207-M,HET
AP3B2het-207-M__0,8868,Ch J,RHip,AP3B2het-207-M,HET
AP3B2het-207-M__0,9832,Ch A,LMot,AP3B2het-207-M,HET
AP3B2het-207-M__0,9832,Ch B,RMot,AP3B2het-207-M,HET
AP3B2het-207-M__0,9832,Ch C,RHip,AP3B2het-207-M,HET
AP3B2het-207-M__0,9832,Ch D,RBar,AP3B2het-207-M,HET
AP3B2het-207-M__0,9832,Ch E,RVis,AP3B2het-207-M,HET
AP3B2het-207-M__0,9832,Ch F,LHip,AP3B2het-207-M,HET
AP3B2het-207-M__0,9832,Ch G,LAud,AP3B2het-207-M,HET
AP3B2het-207-M__0,9832,Ch H,LBar,AP3B2het-207-M,HET
AP3B2het-207-M__0,9832,Ch I,RAud,AP3B2het-207-M,HET
AP3B2het-207-M__0,9832,Ch J,LVis,AP3B2het-207-M,HET
AP3B2het-207-M__0,10930,Ch A,RHip,AP3B2het-207-M,HET
AP3B2het-207-M__0,10930,Ch B,LVis,AP3B2het-207-M,HET
AP3B2het-207-M__0,10930,Ch C,RMot,AP3B2het-207-M,HET
AP3B2het-207-M__0,10930,Ch D,RBar,AP3B2het-207-M,HET
AP3B2het-207-M__0,10930,Ch E,LMot,AP3B2het-207-M,HET
AP3B2het-207-M__0,10930,Ch F,LAud,AP3B2het-207-M,HET
AP3B2het-207-M__0,10930,Ch G,RAud,AP3B2het-207-M,HET
AP3B2het-207-M__0,10930,Ch H,LBar,AP3B2het-207-M,HET
AP3B2het-207-M__0,10930,Ch I,RVis,AP3B2het-207-M,HET
AP3B2het-207-M__0,10930,Ch J,LHip,AP3B2het-207-M,HET
AP3B2het-207-M__0,12311,Ch A,RBar,AP3B2het-207-M,HET
AP3B2het-207-M__0,12311,Ch B,LMot,AP3B2het-207-M,HET
AP3B2het-207-M__0,12311,Ch C,LBar,AP3B2het-207-M,HET
AP3B2het-207-M__0,12311,Ch D,RHip,AP3B2het-207-M,HET
AP3B2het-207-M__0,12311,Ch E,LVis,AP3B2het-207-M,HET
AP3B2het-207-M__0,12311,Ch F,RVis,AP3B2het-207-M,HET
AP3B2het-207-M__0,12311,Ch G,RMot,AP3B2het-207-M,HET
AP3B2het-207-M__0,12311,Ch H,LAud,AP3B2het-207-M,HET
AP3B2het-207-M__0,12311,Ch I,LHip,AP3B2het-207-M,HET
AP3B2het-207-M__0,12311,Ch J,RAud,AP3B2het-207-M,HET
AP3B2het-207-M__0,13904,Ch A,RAud,AP3B2het-207-M,HET
AP3B2het-207-M__0,13904,Ch B,RBar,AP3B2het-207-M,HET
AP3B2het-207-M__0,13904,Ch C,RMot,AP3B2het-207-M,HET
AP3B2het-207-M__0,13904,Ch D,LAud,AP3B2het-207-M,HET
AP3B2het-207-M__0,13904,Ch E,LMot,AP3B2het-207-M,HET
AP3B2het-207-M__0,13904,Ch F,LHip,AP3B2het-207-M,HET
AP3B2het-207-M__0,13904,Ch G,RVis,AP3B2het-207-M,HET
AP3B2het-207-M__0,13904,Ch H,LBar,AP3B2het-207-M,HET
AP3B2het-207-M__0,13904,Ch I,LVis,AP3B2het-207-M,HET
AP3B2het-207-M__0,13904,Ch J,RHip,AP3B2het-207-M,HET
AP3B2het-207-M__1,397,Ch A,LMot,AP3B2het-207-M,HET
AP3B2het-207-M__1,397,Ch B,LBar,AP3B2het-207-M,HET
AP3B2het-207-M__1,397,Ch C,RAud,AP3B2het-207-M,HET
AP3B2het-207-M__1,397,Ch D,LAud,AP3B2het-207-M,HET
AP3B2het-207-M__1,397,Ch E,RVis,AP3B2het-207-M,HET
AP3B2het-207-M__1,397,Ch F,LHip,AP3B2het-207-M,HET
AP3B2het-207-M__1,397,Ch G,RBar,AP3B2het-207-M,HET
AP3B2het-207-M__1,397,Ch H,LVis,AP3B2het-207-M,HET
AP3B2het-207-M__1,397,Ch I,RMot,AP3B2het-207-M,HET
AP3B2het-207-M__1,397,Ch J,RHip,AP3B2het-207-M,HET
AP3B2het-207-M__1,2737,Ch A,RVis,AP3B2het-207-M,HET
AP3B2het-207-M__1,2737,Ch B,RHip,AP3B2het-207-M,HET
AP3B2het-207-M__1,2737,Ch C,RMot,AP3B2het-207-M,HET
AP3B2het-207-M__1,2737,Ch D,LMot,AP3B2het-207-M,HET
AP3B2het-207-M__1,2737,Ch E,LHip,AP3B2het-207-M,HET
AP3B2het-207-M__1,2737,Ch F,RBar,AP3B2het-207-M,HET
AP3B2het-207-M__1,2737,Ch G,RAud,AP3B2het-207-M,HET
AP3B2het-207-M__1,2737,Ch H,LVis,AP3B2het-207-M,HET
AP3B2het-207-M__1,2737,Ch I,LBar,AP3B2het-207-M,HET
AP3B2het-207-M__1,2737,Ch J,LAud,AP3B2het-207-M,HET
AP3B2het-207-M__1,6445,Ch A,LBar,AP3B2het-207-M,HET
AP3B2het-207-M__1,6445,Ch B,RAud,AP3B2het-207-M,HET
AP3B2het-207-M__1,6445,Ch C,RMot,AP3B2het-207-M,HET
AP3B2het-207-M__1,6445,Ch D,LHip,AP3B2het-207-M,HET
AP3B2het-207-M__1,6445,Ch E,LMot,AP3B2het-207-M,HET
AP3B2het-207-M__1,6445,Ch F,RVis,AP3B2het-207-M,HET
AP3B2het-207-M__1,6445,Ch G,LVis,AP3B2het-207-M,HET
AP3B2het-207-M__1,6445,Ch H,LAud,AP3B2het-207-M,HET
AP3B2het-207-M__1,6445,Ch I,RBar,AP3B2het-207-M,HET
AP3B2het-207-M__1,6445,Ch J,RHip,AP3B2het-207-M,HET
AP3B2het-207-M__1,10670,Ch A,RBar,AP3B2het-207-M,HET
AP3B2het-207-M__1,10670,Ch B,LMot,AP3B2het-207-M,HET
AP3B2het-207-M__1,10670,Ch C,LBar,AP3B2het-207-M,HET
AP3B2het-207-M__1,10670,Ch D,LVis,AP3B2het-207-M,HET
AP3B2het-207-M__1,10670,Ch E,RVis,AP3B2het-207-M,HET
AP3B2het-207-M__1,10670,Ch F,LHip,AP3B2het-207-M,HET
AP3B2het-207-M__1,10670,Ch G,LAud,AP3B2het-207-M,HET
AP3B2het-207-M__1,10670,Ch H,RHip,AP3B2het-207-M,HET
AP3B2het-207-M__1,10670,Ch I,RMot,AP3B2het-207-M,HET
AP3B2het-207-M__1,10670,Ch J,RAud,AP3B2het-207-M,HET
AP3B2het-207-M__1,18232,Ch A,LHip,AP3B2het-207-M,HET
AP3B2het-207-M__1,18232,Ch B,RHip,AP3B2het-207-M,HET
AP3B2het-207-M__1,18232,Ch C,LAud,AP3B2het-207-M,HET
AP3B2het-207-M__1,18232,Ch D,RVis,AP3B2het-207-M,HET
AP3B2het-207-M__1,18232,Ch E,LVis,AP3B2het-207-M,HET
AP3B2het-207-M__1,18232,Ch F,LBar,AP3B2het-207-M,HET
AP3B2het-207-M__1,18232,Ch G,RAud,AP3B2het-207-M,HET
AP3B2het-207-M__1,18232,Ch H,RBar,AP3B2het-207-M,HET
AP3B2het-207-M__1,18232,Ch I,LMot,AP3B2het-207-M,HET
AP3B2het-207-M__1,18232,Ch J,RMot,AP3B2het-207-M,HET
AP3B2het-207-M__1,18753,Ch A,LVis,AP3B2het-207-M,HET
AP3B2het-207-M__1,18753,Ch B,LMot,AP3B2het-207-M,HET
AP3B2het-207-M__1,18753,Ch C,RMot,AP3B2het-207-M,HET
AP3B2het-207-M__1,18753,Ch D,RAud,AP3B2het-207-M,HET
AP3B2het-207-M__1,18753,Ch E,RBar,AP3B2het-207-M,HET
AP3B2het-207-M__1,18753,Ch F,RHip,AP3B2het-207-M,HET
AP3B2het-207-M__1,18753,Ch G,LHip,AP3B2het-207-M,HET
AP3B2het-207-M__1,18753,Ch H,LAud,AP3B2het-207-M,HET
AP3B2het-207-M__1,18753,Ch I,RVis,AP3B2het-207-M,HET
AP3B2het-207-M__1,18753,Ch J,LBar,AP3B2het-207-M,HET
AP3B2het-207-M__1,18838,Ch A,RAud,AP3B2het-207-M,HET
AP3B2het-207-M__1,18838,Ch B,LBar,AP3B2het-207-M,HET
AP3B2het-207-M__1,18838,Ch C,LAud,AP3B2het-207-M,HET
AP3B2het-207-M__1,18838,Ch D,RMot,AP3B2het-207-M,HET
AP3B2het-207-M__1,18838,Ch E,RBar,AP3B2het-207-M,HET
AP3B2het-207-M__1,18838,Ch F,RHip,AP3B2het-207-M,HET
AP3B2het-207-M__1,18838,Ch G,LMot,AP3B2het-207-M,HET
AP3B2het-207-M__1,18838,Ch H,LVis,AP3B2het-207-M,HET
AP3B2het-207-M__1,18838,Ch I,LHip,AP3B2het-207-M,HET
AP3B2het-207-M__1,18838,Ch J,RVis,AP3B2het-207-M,HET
AP3B2het-207-M__1,18961,Ch A,RHip,AP3B2het-207-M,HET
AP3B2het-207-M__1,18961,Ch B,LBar,AP3B2het-207-M,HET
AP3B2het-207-M__1,18961,Ch C,RVis,AP3B2het-207-M,HET
AP3B2het-207-M__1,18961,Ch D,LVis,AP3B2het-207-M,HET
AP3B2het-207-M__1,18961,Ch E,RAud,AP3B2het-207-M,HET
AP3B2het-207-M__1,18961,Ch F,RMot,AP3B2het-207-M,HET
AP3B2het-207-M__1,18961,Ch G,LMot,AP3B2het-207-M,HET
AP3B2het-207-M__1,18961,Ch H,LHip,AP3B2het-207-M,HET
AP3B2het-207-M__1,18961,Ch I,RBar,AP3B2het-207-M,HET
AP3B2het-207-M__1,18961,Ch J,LAud,AP3B2het-207-M,HET
AP3B2het-207-M__2,2225,Ch A,LBar,AP3B2het-207-M,HET
AP3B2het-207-M__2,2225,Ch B,RVis,AP3B2het-207-M,HET
AP3B2het-207-M__2,2225,Ch C,RHip,AP3B2het-207-M,HET
AP3B2het-207-M__2,2225,Ch D,LMot,AP3B2het-207-M,HET
AP3B2het-207-M__2,2225,Ch E,LAud,AP3B2het-207-M,HET
AP3B2het-207-M__2,2225,Ch F,LVis,AP3B2het-207-M,HET
AP3B2het-207-M__2,2225,Ch G,RBar,AP3B2het-207-M,HET
AP3B2het-207-M__2,2225,Ch H,RAud,AP3B2het-207-M,HET
AP3B2het-207-M__2,2225,Ch I,LHip,AP3B2het-207-M,HET
AP3B2het-207-M__2,2225,Ch J,RMot,AP3B2het-207-M,HET
AP3B2het-207-M__2,9266,Ch A,LBar,AP3B2het-207-M,HET
AP3B2het-207-M__2,9266,Ch B,LAud,AP3B2het-207-M,HET
AP3B2het-207-M__2,9266,Ch C,LVis,AP3B2het-207-M,HET
AP3B2het-207-M__2,9266,Ch D,RHip,AP3B2het-207-M,HET
AP3B2het-207-M__2,9266,Ch E,RAud,AP3B2het-207-M,HET
AP3B2het-207-M__2,9266,Ch F,LMot,AP3B2het-207-M,HET
AP3B2het-207-M__2,9266,Ch G,RMot,AP3B2het-207-M,HET
AP3B2het-207-M__2,9266,Ch H,LHip,AP3B2het-207-M,HET
AP3B2het-207-M__2,9266,Ch I,RVis,AP3B2het-207-M,HET
AP3B2het-207-M__2,9266,Ch J,RBar,AP3B2het-207-M,HET
AP3B2het-207-M__2,12276,Ch A,RBar,AP3B2het-207-M,HET
AP3B2het-207-M__2,12276,Ch B,RHip,AP3B2het-207-M,HET
AP3B2het-207-M__2,12276,Ch C,RAud,AP3B2het-207-M,HET
AP3B2het-207-M__2,12276,Ch D,LVis,AP3B2het-207-M,HET
AP3B2het-207-M__2,12276,Ch E,LMot,AP3B2het-207-M,HET
AP3B2het-207-M__2,12276,Ch F,LHip,AP3B2het-207-M,HET
AP3B2het-207-M__2,12276,Ch G,RMot,AP3B2het-207-M,HET
AP3B2het-207-M__2,12276,Ch H,LBar,AP3B2het-207-M,HET
AP3B2het-207-M__2,12276,Ch I,LAud,AP3B2het-207-M,HET
AP3B2het-207-M__2,12276,Ch J,RVis,AP3B2het-207-M,HET
AP3B2het-207-M__2,24129,Ch A,LAud,AP3B2het-207-M,HET
AP3B2het-207-M__2,24129,Ch B,RMot,AP3B2het-207-M,HET
AP3B2het-207-M__2,24129,Ch C,RHip,AP3B2het-207-M,HET
AP3B2het-207-M__2,24129,Ch D,RAud,AP3B2het-207-M,HET
AP3B2het-207-M__2,24129,Ch E,LHip,AP3B2het-207-M,HET
AP3B2het-207-M__2,24129,Ch F,RVis,AP3B2het-207-M,HET
AP3B2het-207-M__2,24129,Ch G,LMot,AP3B2het-207-M,HET
AP3B2het-207-M__2,24129,Ch H,LVis,AP3B2het-207-M,HET
AP3B2het-207-M__2,24129,Ch I,RBar,AP3B2het-207-M,HET
AP3B2het-207-M__2,24129,Ch J,LBar,AP3B2het-207-M,HET
AP3B2het-207-M__2,24852,Ch A,RAud,AP3B2het-207-M,HET
AP3B2het-207-M__2,24852,Ch B,LAud,AP3B2het-207-M,HET
AP3B2het-207-M__2,24852,Ch C,LMot,AP3B2het-207-M,HET
AP3B2het-207-M__2,24852,Ch D,RVis,AP3B2het-207-M,HET
AP3B2het-207-M__2,24852,Ch E,LBar,AP3B2het-207-M,HET
AP3B2het-207-M__2,24852,Ch F,LVis,AP3B2het-207-M,HET
AP3B2het-207-M__2,24852,Ch G,RBar,AP3B2het-207-M,HET
AP3B2het-207-M__2,24852,Ch H,RHip,AP3B2het-207-M,HET
AP3B2het-207-M__2,24852,Ch I,RMot,AP3B2het-207-M,HET
AP3B2het-207-M__2,24852,Ch J,LHip,AP3B2het-207-M,HET
AP3B2het-207-M__2,27166,Ch A,LHip,AP3B2het-207-M,HET
AP3B2het-207-M__2,27166,Ch B,RMot,AP3B2het-207-M,HET
AP3B2het-207-M__2,27166,Ch C,LVis,AP3B2het-207-M,HET
AP3B2het-207-M__2,27166,Ch D,RAud,AP3B2het-207-M,HET
AP3B2het-207-M__2,27166,Ch E,LBar,AP3B2het-207-M,HET
AP3B2het-207-M__2,27166,Ch F,RBar,AP3B2het-207-M,HET
AP3B2het-207-M__2,27166,Ch G,LMot,AP3B2het-207-M,HET
AP3B2het-207-M__2,27166,Ch H,RHip,AP3B2het-207-M,HET
AP3B2het-207-M__2,27166,Ch I,LAud,AP3B2het-207-M,HET
AP3B2het-207-M__2,27166,Ch J,RVis,AP3B2het-207-M,HET
AP3B2het-207-M__2,27890,Ch A,LHip,AP3B2het-207-M,HET
AP3B2het-207-M__2,27890,Ch B,RBar,AP3B2het-207-M,HET
AP3B2het-207-M__2,27890,Ch C,RHip,AP3B2het-207-M,HET
AP3B2het-207-M__2,27890,Ch D,RAud,AP3B2het-207-M,HET
AP3B2het-207-M__2,27890,Ch E,RMot,AP3B2het-207-M,HET
AP3B2het-207-M__2,27890,Ch F,LMot,AP3B2het-207-M,HET
AP3B2het-207-M__2,27890,Ch G,LAud,AP3B2het-207-M,HET
AP3B2het-207-M__2,27890,Ch H,LBar,AP3B2het-207-M,HET
AP3B2het-207-M__2,27890,Ch I,RVis,AP3B2het-207-M,HET
AP3B2het-207-M__2,27890,Ch J,LVis,AP3B2het-207-M,HET
AP3B2het-207-M__2,30911,Ch A,LAud,AP3B2het-207-M,HET
AP3B2het-207-M__2,30911,Ch B,LMot,AP3B2het-207-M,HET
AP3B2het-207-M__2,30911,Ch C,LHip,AP3B2het-207-M,HET
AP3B2het-207-M__2,30911,Ch D,LVis,AP3B2het-207-M,HET
AP3B2het-207-M__2,30911,Ch E,RVis,AP3B2het-207-M,HET
AP3B2het-207-M__2,30911,Ch F,RBar,AP3B2het-207-M,HET
AP3B2het-207-M__2,30911,Ch G,RMot,AP3B2het-207-M,HET
AP3B2het-207-M__2,30911,Ch H,RHip,AP3B2het-207-M,HET
AP3B2het-207-M__2,30911,Ch I,RAud,AP3B2het-207-M,HET
AP3B2het-207-M__2,30911,Ch J,LBar,AP3B2het-207-M,HET
AP3B2het-221-M__0,1901,Ch A,LAud,AP3B2het-221-M,HET
AP3B2het-221-M__0,1901,Ch B,LMot,AP3B2het-221-M,HET
AP3B2het-221-M__0,1901,Ch C,RAud,AP3B2het-221-M,HET
AP3B2het-221-M__0,1901,Ch D,LBar,AP3B2het-221-M,HET
AP3B2het-221-M__0,1901,Ch E,RVis,AP3B2het-221-M,HET
AP3B2het-221-M__0,1901,Ch F,LVis,AP3B2het-221-M,HET
AP3B2het-221-M__0,1901,Ch G,LHip,AP3B2het-221-M,HET
AP3B2het-221-M__0,1901,Ch H,RBar,AP3B2het-221-M,HET
AP3B2het-221-M__0,1901,Ch I,RHip,AP3B2het-221-M,HET
AP3B2het-221-M__0,1901,Ch J,RMot,AP3B2het-221-M,HET
AP3B2het-221-M__0,4009,Ch A,RVis,AP3B2het-221-M,HET
AP3B2het-221-M__0,4009,Ch B,LBar,AP3B2het-221-M,HET
AP3B2het-221-M__0,4009,Ch C,RMot,AP3B2het-221-M,HET
AP3B2het-221-M__0,4009,Ch D,LMot,AP3B2het-221-M,HET
AP3B2het-221-M__0,4009,Ch E,RAud,AP3B2het-221-M,HET
AP3B2het-221-M__0,4009,Ch F,LHip,AP3B2het-221-M,HET
AP3B2het-221-M__0,4009,Ch G,LVis,AP3B2het-221-M,HET
AP3B2het-221-M__0,4009,Ch H,LAud,AP3B2het-221-M,HET
AP3B2het-221-M__0,4009,Ch I,RHip,AP3B2het-221-M,HET
AP3B2het-221-M__0,4009,Ch J,RBar,AP3B2het-221-M,HET
AP3B2het-221-M__0,9003,Ch A,RHip,AP3B2het-221-M,HET
AP3B2het-221-M__0,9003,Ch B,LBar,AP3B2het-221-M,HET
AP3B2het-221-M__0,9003,Ch C,LAud,AP3B2het-221-M,HET
AP3B2het-221-M__0,9003,Ch D,LHip,AP3B2het-221-M,HET
AP3B2het-221-M__0,9003,Ch E,LVis,AP3B2het-221-M,HET
AP3B2het-221-M__0,9003,Ch F,RVis,AP3B2het-221-M,HET
AP3B2het-221-M__0,9003,Ch G,RMot,AP3B2het-221-M,HET
AP3B2het-221-M__0,9003,Ch H,LMot,AP3B2het-221-M,HET
AP3B2het-221-M__0,9003,Ch I,RBar,AP3B2het-221-M,HET
AP3B2het-221-M__0,9003,Ch J,RAud,AP3B2het-221-M,HET
AP3B2het-221-M__0,9882,Ch A,RHip,AP3B2het-221-M,HET
AP3B2het-221-M__0,9882,Ch B,LBar,AP3B2het-221-M,HET
AP3B2het-221-M__0,9882,Ch C,RBar,AP3B2het-221-M,HET
AP3B2het-221-M__0,9882,Ch D,LMot,AP3B2het-221-M,HET
AP3B2het-221-M__0,9882,Ch E,LAud,AP3B2het-221-M,HET
AP3B2het-221-M__0,9882,Ch F,RAud,AP3B2het-221-M,HET
AP3B2het-221-M__0,9882,Ch G,RMot,AP3B2het-221-M,HET
AP3B2het-221-M__0,9882,Ch H,RVis,AP3B2het-221-M,HET
AP3B2het-221-M__0,9882,Ch I,LHip,AP3B2het-221-M,HET
AP3B2het-221-M__0,9882,Ch J,LVis,AP3B2het-221-M,HET
AP3B2het-221-M__0,12043,Ch A,LAud,AP3B2het-221-M,HET
AP3B2het-221-M__0,12043,Ch B,RBar,AP3B2het-221-M,HET
AP3B2het-221-M__0,12043,Ch C,LMot,AP3B2het-221-M,HET
AP3B2het-221-M__0,12043,Ch D,LHip,AP3B2het-221-M,HET
AP3B2het-221-M__0,12043,Ch E,LBar,AP3B2het-221-M,HET
AP3B2het-221-M__0,12043,Ch F,RMot,AP3B2het-221-M,HET
AP3B2het-221-M__0,12043,Ch G,RAud,AP3B2het-221-M,HET
AP3B2het-221-M__0,12043,Ch H,RHip,AP3B2het-221-M,HET
AP3B2het-221-M__0,12043,Ch I,LVis,AP3B2het-221-M,HET
AP3B2het-221-M__0,12043,Ch J,RVis,AP3B2het-221-M,HET
AP3B2het-221-M__1,2711,Ch A,LVis,AP3B2het-221-M,HET
AP3B2het-221-M__1,2711,Ch B,RBar,AP3B2het-221-M,HET
AP3B2het-221-M__1,2711,Ch C,LHip,AP3B2het-221-M,HET
AP3B2het-221-M__1,2711,Ch D,RAud,AP3B2het-221-M,HET
AP3B2het-221-M__1,2711,Ch E,LBar,AP3B2het-221-M,HET
AP3B2het-221-M__1,2711,Ch F,LMot,AP3B2het-221-M,HET
AP3B2het-221-M__1,2711,Ch G,RHip,AP3B2het-221-M,HET
AP3B2het-221-M__1,2711,Ch H,RMot,AP3B2het-221-M,HET
AP3B2het-221-M__1,2711,Ch I,RVis,AP3B2het-221-M,HET
AP3B2het-221-M__1,2711,Ch J,LAud,AP3B2het-221-M,HET
AP3B2het-221-M__1,4101,Ch A,LHip,AP3B2het-221-M,HET
AP3B2het-221-M__1,4101,Ch B,RBar,AP3B2het-221-M,HET
AP3B2het-221-M__1,4101,Ch C,LAud,AP3B2het-221-M,HET
AP3B2het-221-M__1,4101,Ch D,RAud,AP3B2het-221-M,HET
AP3B2het-221-M__1,4101,Ch E,RHip,AP3B2het-221-M,HET
AP3B2het-221-M__1,4101,Ch F,RVis,AP3B2het-221-M,HET
AP3B2het-221-M__1,4101,Ch G,LBar,AP3B2het-221-M,HET
AP3B2het-221-M__1,4101,Ch H,LMot,AP3B2het-221-M,HET
AP3B2het-221-M__1,4101,Ch I,RMot,AP3B2het-221-M,HET
AP3B2het-221-M__1,4101,Ch J,LVis,AP3B2het-221-M,HET
AP3B2het-221-M__1,11921,Ch A,LMot,AP3B2het-221-M,HET
AP3B2het-221-M__1,11921,Ch B,LBar,AP3B2het-221-M,HET
AP3B2het-221-M__1,11921,Ch C,RAud,AP3B2het-221-M,HET
AP3B2het-221-M__1,11921,Ch D,RHip,AP3B2het-221-M,HET
AP3B2het-221-M__1,11921,Ch E,RBar,AP3B2het-221-M,HET
AP3B2het-221-M__1,11921,Ch F,RMot,AP3B2het-221-M,HET
AP3B2het-221-M__1,11921,Ch G,LAud,AP3B2het-221-M,HET
AP3B2het-221-M__1,11921,Ch H,RVis,AP3B2het-221-M,HET
AP3B2het-221-M__1,11921,Ch I,LHip,AP3B2het-221-M,HET
AP3B2het-221-M__1,11921,Ch J,LVis,AP3B2het-221-M,HET
AP3B2het-221-M__1,12924,Ch A,LHip,AP3B2het-221-M,HET
AP3B2het-221-M__1,12924,Ch B,RBar,AP3B2het-221-M,HET
AP3B2het-221-M__1,12924,Ch C,LAud,AP3B2het-221-M,HET
AP3B2het-221-M__1,12924,Ch D,RAud,AP3B2het-221-M,HET
AP3B2het-221-M__1,12924,Ch E,RVis,AP3B2het-221-M,HET
AP3B2het-221-M__1,12924,Ch F,LMot,AP3B2het-221-M,HET
AP3B2het-221-M__1,12924,Ch G,LVis,AP3B2het-221-M,HET
AP3B2het-221-M__1,12924,Ch H,LBar,AP3B2het-221-M,HET
AP3B2het-221-M__1,12924,Ch I,RHip,AP3B2het-221-M,HET
AP3B2het-221-M__1,12924,Ch J,RMot,AP3B2het-221-M,HET
AP3B2het-221-M__1,16571,Ch A,LAud,AP3B2het-221-M,HET
AP3B2het-221-M__1,16571,Ch B,RHip,AP3B2het-221-M,HET
AP3B2het-221-M__1,16571,Ch C,LBar,AP3B2het-221-M,HET
AP3B2het-221-M__1,16571,Ch D,RAud,AP3B2het-221-M,HET
AP3B2het-221-M__1,16571,Ch E,LVis,AP3B2het-221-M,HET
AP3B2het-221-M__1,16571,Ch F,RVis,AP3B2het-221-M,HET
AP3B2het-221-M__1,16571,Ch G,LHip,AP3B2het-221-M,HET
AP3B2het-221-M__1,16571,Ch H,LMot,AP3B2het-221-M,HET
AP3B2het-221-M__1,16571,Ch I,RBar,AP3B2het-221-M,HET
AP3B2het-221-M__1,16571,Ch J,RMot,AP3B2het-221-M,HET
AP3B2het-221-M__2,4518,Ch A,RHip,AP3B2het-221-M,HET
AP3B2het-221-M__2,4518,Ch B,RAud,AP3B2het-221-M,HET
AP3B2het-221-M__2,4518,Ch C,LVis,AP3B2het-221-M,HET
AP3B2het-221-M__2,4518,Ch D,RMot,AP3B2het-221-M,HET
AP3B2het-221-M__2,4518,Ch E,LAud,AP3B2het-221-M,HET
AP3B2het-221-M__2,4518,Ch F,RBar,AP3B2het-221-M,HET
AP3B2het-221-M__2,4518,Ch G,LBar,AP3B2het-221-M,HET
AP3B2het-221-M__2,4518,Ch H,LHip,AP3B2het-221-M,HET
AP3B2het-221-M__2,4518,Ch I,LMot,AP3B2het-221-M,HET
AP3B2het-221-M__2,4518,Ch J,RVis,AP3B2het-221-M,HET
AP3B2het-221-M__2,4812,Ch A,RBar,AP3B2het-221-M,HET
AP3B2het-221-M__2,4812,Ch B,RAud,AP3B2het-221-M,HET
AP3B2het-221-M__2,4812,Ch C,RVis,AP3B2het-221-M,HET
AP3B2het-221-M__2,4812,Ch D,RMot,AP3B2het-221-M,HET
AP3B2het-221-M__2,4812,Ch E,LVis,AP3B2het-221-M,HET
AP3B2het-221-M__2,4812,Ch F,LBar,AP3B2het-221-M,HET
AP3B2het-221-M__2,4812,Ch G,RHip,AP3B2het-221-M,HET
AP3B2het-221-M__2,4812,Ch H,LAud,AP3B2het-221-M,HET
AP3B2het-221-M__2,4812,Ch I,LMot,AP3B2het-221-M,HET
AP3B2het-221-M__2,4812,Ch J,LHip,AP3B2het-221-M,HET
AP3B2het-221-M__2,9527,Ch A,LHip,AP3B2het-221-M,HET
AP3B2het-221-M__2,9527,Ch B,LVis,AP3B2het-221-M,HET
AP3B2het-221-M__2,9527,Ch C,LAud,AP3B2het-221-M,HET
AP3B2het-221-M__2,9527,Ch D,RVis,AP3B2het-221-M,HET
AP3B2het-221-M__2,9527,Ch E,LBar,AP3B2het-221-M,HET
AP3B2het-221-M__2,9527,Ch F,LMot,AP3B2het-221-M,HET
AP3B2het-221-M__2,9527,Ch G,RHip,AP3B2het-221-M,HET
AP3B2het-221-M__2,9527,Ch H,RMot,AP3B2het-221-M,HET
AP3B2het-221-M__2,9527,Ch I,RAud,AP3B2het-221-M,HET
AP3B2het-221-M__2,9527,Ch J,RBar,AP3B2het-221-M,HET
AP3B2het-221-M__2,12390,Ch A,RMot,AP3B2het-221-M,HET
AP3B2het-221-M__2,12390,Ch B,RVis,AP3B2het-221-M,HET
AP3B2het-221-M__2,12390,Ch C,RHip,AP3B2het-221-M,HET
AP3B2het-221-M__2,12390,Ch D,LMot,AP3B2het-221-M,HET
AP3B2het-221-M__2,12390,Ch E,LAud,AP3B2het-221-M,HET
AP3B2het-221-M__2,12390,Ch F,RBar,AP3B2het-221-M,HET
AP3B2het-221-M__2,12390,Ch G,RAud,AP3B2het-221-M,HET
AP3B2het-221-M__2,12390,Ch H,LHip,AP3B2het-221-M,HET
AP3B2het-221-M__2,12390,Ch I,LVis,AP3B2het-221-M,HET
AP3B2het-221-M__2,12390,Ch J,LBar,AP3B2het-221-M,HET
AP3B2het-221-M__2,13794,Ch A,RMot,AP3B2het-221-M,HET
AP3B2het-221-M__2,13794,Ch B,LBar,AP3B2het-221-M,HET
AP3B2het-221-M__2,13794,Ch C,RHip,AP3B2het-221-M,HET
AP3B2het-221-M__2,13794,Ch D,LVis,AP3B2het-221-M,HET
AP3B2het-221-M__2,13794,Ch E,LAud,AP3B2het-221-M,HET
AP3B2het-221-M__2,13794,Ch F,RVis,AP3B2het-221-M,HET
AP3B2het-221-M__2,13794,Ch G,RBar,AP3B2het-221-M,HET
AP3B2het-221-M__2,13794,Ch H,LHip,AP3B2het-221-M,HET
AP3B2het-221-M__2,13794,Ch I,LMot,AP3B2het-221-M,HET
AP3B2het-221-M__2,13794,Ch J,RAud,AP3B2het-221-M,HET
AP3B2het-221-M__3,4828,Ch A,LBar,AP3B2het-221-M,HET
AP3B2het-221-M__3,4828,Ch B,LVis,AP3B2het-221-M,HET
AP3B2het-221-M__3,4828,Ch C,RHip,AP3B2het-221-M,HET
AP3B2het-221-M__3,4828,Ch D,RBar,AP3B2het-221-M,HET
AP3B2het-221-M__3,4828,Ch E,RMot,AP3B2het-221-M,HET
AP3B2het-221-M__3,4828,Ch F,LAud,AP3B2het-221-M,HET
AP3B2het-221-M__3,4828,Ch G,RAud,AP3B2het-221-M,HET
AP3B2het-221-M__3,4828,Ch H,LMot,AP3B2het-221-M,HET
AP3B2het-221-M__3,4828,Ch I,LHip,AP3B2het-221-M,HET
AP3B2het-221-M__3,4828,Ch J,RVis,AP3B2het-221-M,HET
AP3B2het-221-M__3,6608,Ch A,LBar,AP3B2het-221-M,HET
AP3B2het-221-M__3,6608,Ch B,RVis,AP3B2het-221-M,HET
AP3B2het-221-M__3,6608,Ch C,RBar,AP3B2het-221-M,HET
AP3B2het-221-M__3,6608,Ch D,RMot,AP3B2het-221-M,HET
AP3B2het-221-M__3,6608,Ch E,LAud,AP3B2het-221-M,HET
AP3B2het-221-M__3,6608,Ch F,LMot,AP3B2het-221-M,HET
AP3B2het-221-M__3,6608,Ch G,RAud,AP3B2het-221-M,HET
AP3B2het-221-M__3,6608,Ch H,RHip,AP3B2het-221-M,HET
AP3B2het-221-M__3,6608,Ch I,LHip,AP3B2het-221-M,HET
AP3B2het-221-M__3,6608,Ch J,LVis,AP3B2het-221-M,HET
AP3B2het-221-M__3,7752,Ch A,RVis,AP3B2het-221-M,HET
AP3B2het-221-M__3,7752,Ch B,LMot,AP3B2het-221-M,HET
AP3B2het-221-M__3,7752,Ch C,LVis,AP3B2het-221-M,HET
AP3B2het-221-M__3,7752,Ch D,RAud,AP3B2het-221-M,HET
AP3B2het-221-M__3,7752,Ch E,LBar,AP3B2het-221-M,HET
AP3B2het-221-M__3,7752,Ch F,LHip,AP3B2het-221-M,HET
AP3B2het-221-M__3,7752,Ch G,RHip,AP3B2het-221-M,HET
AP3B2het-221-M__3,7752,Ch H,LAud,AP3B2het-221-M,HET
AP3B2het-221-M__3,7752,Ch I,RMot,AP3B2het-221-M,HET
AP3B2het-221-M__3,7752,Ch J,RBar,AP3B2het-221-M,HET
AP3B2het-221-M__3,8023,Ch A,RMot,AP3B2het-221-M,HET
AP3B2het-221-M__3,8023,Ch B,LMot,AP3B2het-221-M,HET
AP3B2het-221-M__3,8023,Ch C,RAud,AP3B2het-221-M,HET
AP3B2het-221-M__3,8023,Ch D,LAud,AP3B2het-221-M,HET
AP3B2het-221-M__3,8023,Ch E,RBar,AP3B2het-221-M,HET
AP3B2het-221-M__3,8023,Ch F,LHip,AP3B2het-221-M,HET
AP3B2het-221-M__3,8023,Ch G,LVis,AP3B2het-221-M,HET
AP3B2het-221-M__3,8023,Ch H,LBar,AP3B2het-221-M,HET
AP3B2het-221-M__3,8023,Ch I,RVis,AP3B2het-221-M,HET
AP3B2het-221-M__3,8023,Ch J,RHip,AP3B2het-221-M,HET
AP3B2het-221-M__3,9362,Ch A,LAud,AP3B2het-221-M,HET
AP3B2het-221-M__3,9362,Ch B,RBar,AP3B2het-221-M,HET
AP3B2het-221-M__3,9362,Ch C,RAud,AP3B2het-221-M,HET
AP3B2het-221-M__3,9362,Ch D,LHip,AP3B2het-221-M,HET
AP3B2het-221-M__3,9362,Ch E,RHip,AP3B2het-221-M,HET
AP3B2het-221-M__3,9362,Ch F,RMot,AP3B2het-221-M,HET
AP3B2het-221-M__3,9362,Ch G,LMot,AP3B2het-221-M,HET
AP3B2het-221-M__3,9362,Ch H,RVis,AP3B2het-221-M,HET
AP3B2het-221-M__3,9362,Ch I,LBar,AP3B2het-221-M,HET
AP3B2het-221-M__3,9362,Ch J,LVis,AP3B2het-221-M,HET
AP3B2het-221-M__4,3085,Ch A,LHip,AP3B2het-221-M,HET
AP3B2het-221-M__4,3085,Ch B,RMot,AP3B2het-221-M,HET
AP3B2het-221-M__4,3085,Ch C,LMot,AP3B2het-221-M,HET
AP3B2het-221-M__4,3085,Ch D,LAud,AP3B2het-221-M,HET
AP3B2het-221-M__4,3085,Ch E,RHip,AP3B2het-221-M,HET
AP3B2het-221-M__4,3085,Ch F,RVis,AP3B2het-221-M,HET
AP3B2het-221-M__4,3085,Ch G,RBar,AP3B2het-221-M,HET
AP3B2het-221-M__4,3085,Ch H,RAud,AP3B2het-221-M,HET
AP3B2het-221-M__4,3085,Ch I,LVis,AP3B2het-221-M,HET
AP3B2het-221-M__4,3085,Ch J,LBar,AP3B2het-221-M,HET
AP3B2het-221-M__4,5058,Ch A,LAud,AP3B2het-221-M,HET
AP3B2het-221-M__4,5058,Ch B,LVis,AP3B2het-221-M,HET
AP3B2het-221-M__4,5058,Ch C,LHip,AP3B2het-221-M,HET
AP3B2het-221-M__4,5058,Ch D,RBar,AP3B2het-221-M,HET
AP3B2het-221-M__4,5058,Ch E,LBar,AP3B2het-221-M,HET
AP3B2het-221-M__4,5058,Ch F,RHip,AP3B2het-221-M,HET
AP3B2het-221-M__4,5058,Ch G,RMot,AP3B2het-221-M,HET
AP3B2het-221-M__4,5058,Ch H,LMot,AP3B2het-221-M,HET
AP3B2het-221-M__4,5058,Ch I,RAud,AP3B2het-221-M,HET
AP3B2het-221-M__4,5058,Ch J,RVis,AP3B2het-221-M,HET
AP3B2het-221-M__4,5573,Ch A,LHip,AP3B2het-221-M,HET
AP3B2het-221-M__4,5573,Ch B,RAud,AP3B2het-221-M,HET
AP3B2het-221-M__4,5573,Ch C,LBar,AP3B2het-221-M,HET
AP3B2het-221-M__4,5573,Ch D,RVis,AP3B2het-221-M,HET
AP3B2het-221-M__4,5573,Ch E,RMot,AP3B2het-221-M,HET
AP3B2het-221-M__4,5573,Ch F,LAud,AP3B2het-221-M,HET
AP3B2het-221-M__4,5573,Ch G,RHip,AP3B2het-221-M,HET
AP3B2het-221-M__4,5573,Ch H,LVis,AP3B2het-221-M,HET
AP3B2het-221-M__4,5573,Ch I,LMot,AP3B2het-221-M,HET
AP3B2het-221-M__4,5573,Ch J,RBar,AP3B2het-221-M,HET
AP3B2het-221-M__4,12006,Ch A,LMot,AP3B2het-221-M,HET
AP3B2het-221-M__4,12006,Ch B,LVis,AP3B2het-221-M,HET
AP3B2het-221-M__4,12006,Ch C,RAud,AP3B2het-221-M,HET
AP3B2het-221-M__4,12006,Ch D,LBar,AP3B2het-221-M,HET
AP3B2het-221-M__4,12006,Ch E,RHip,AP3B2het-221-M,HET
AP3B2het-221-M__4,12006,Ch F,LAud,AP3B2het-221-M,HET
AP3B2het-221-M__4,12006,Ch G,RMot,AP3B2het-221-M,HET
AP3B2het-221-M__4,12006,Ch H,RVis,AP3B2het-221-M,HET
AP3B2het-221-M__4,12006,Ch I,LHip,AP3B2het-221-M,HET
AP3B2het-221-M__4,12006,Ch J,RBar,AP3B2het-221-M,HET
AP3B2het-221-M__4,13606,Ch A,RVis,AP3B2het-221-M,HET
AP3B2het-221-M__4,13606,Ch B,RBar,AP3B2het-221-M,HET
AP3B2het-221-M__4,13606,Ch C,LHip,AP3B2het-221-M,HET
AP3B2het-221-M__4,13606,Ch D,LVis,AP3B2het-221-M,HET
AP3B2het-221-M__4,13606,Ch E,RHip,AP3B2het-221-M,HET
AP3B2het-221-M__4,13606,Ch F,LAud,AP3B2het-221-M,HET
AP3B2het-221-M__4,13606,Ch G,RMot,AP3B2het-221-M,HET
AP3B2het-221-M__4,13606,Ch H,LBar,AP3B2het-221-M,HET
AP3B2het-221-M__4,13606,Ch I,LMot,AP3B2het-221-M,HET
AP3B2het-221-M__4,13606,Ch J,RAud,AP3B2het-221-M,HET
AP3B2wt-241-M__0,545,Ch A,RHip,AP3B2wt-241-M,WT
AP3B2wt-241-M__0,545,Ch B,LHip,AP3B2wt-241-M,WT
AP3B2wt-241-M__0,545,Ch C,RVis,AP3B2wt-241-M,WT
AP3B2wt-241-M__0,545,Ch D,LAud,AP3B2wt-241-M,WT
AP3B2wt-241-M__0,545,Ch E,LMot,AP3B2wt-241-M,WT
AP3B2wt-241-M__0,545,Ch F,LVis,AP3B2wt-241-M,WT
AP3B2wt-241-M__0,545,Ch G,RAud,AP3B2wt-241-M,WT
AP3B2wt-241-M__0,545,Ch H,LBar,AP3B2wt-241-M,WT
AP3B2wt-241-M__0,545,Ch I,RBar,AP3B2wt-241-M,WT
AP3B2wt-241-M__0,545,Ch J,RMot,AP3B2wt-241-M,WT
AP3B2wt-241-M__0,745,Ch A,RMot,AP3B2wt-241-M,WT
AP3B2wt-241-M__0,745,Ch B,LHip,AP3B2wt-241-M,WT
AP3B2wt-241-M__0,745,Ch C,LAud,AP3B2wt-241-M,WT
AP3B2wt-241-M__0,745,Ch D,RHip,AP3B2wt-241-M,WT
AP3B2wt-241-M__0,745,Ch E,RVis,AP3B2wt-241-M,WT
AP3B2wt-241-M__0,745,Ch F,LVis,AP3B2wt-241-M,WT
AP3B2wt-241-M__0,745,Ch G,LBar,AP3B2wt-241-M,WT
AP3B2wt-241-M__0,745,Ch H,LMot,AP3B2wt-241-M,WT
AP3B2wt-241-M__0,745,Ch I,RAud,AP3B2wt-241-M,WT
AP3B2wt-241-M__0,745,Ch J,RBar,AP3B2wt-241-M,WT
AP3B2wt-241-M__0,1681,Ch A,LMot,AP3B2wt-241-M,WT
AP3B2wt-241-M__0,1681,Ch B,RMot,AP3B2wt-241-M,WT
AP3B2wt-241-M__0,1681,Ch C,RHip,AP3B2wt-241-M,WT
AP3B2wt-241-M__0,1681,Ch D,LHip,AP3B2wt-241-M,WT
AP3B2wt-241-M__0,1681,Ch E,LBar,AP3B2wt-241-M,WT
AP3B2wt-241-M__0,1681,Ch F,LVis,AP3B2wt-241-M,WT
AP3B2wt-241-M__0,1681,Ch G,RBar,AP3B2wt-241-M,WT
AP3B2wt-241-M__0,1681,Ch H,LAud,AP3B2wt-241-M,WT
AP3B2wt-241-M__0,1681,Ch I,RAud,AP3B2wt-241-M,WT
AP3B2wt-241-M__0,1681,Ch J,RVis,AP3B2wt-241-M,WT
AP3B2wt-241-M__0,1815,Ch A,RAud,AP3B2wt-241-M,WT
AP3B2wt-241-M__0,1815,Ch B,LAud,AP3B2wt-241-M,WT
AP3B2wt-241-M__0,1815,Ch C,RHip,AP3B2wt-241-M,WT
AP3B2wt-241-M__0,1815,Ch D,RMot,AP3B2wt-241-M,WT
AP3B2wt-241-M__0,1815,Ch E,RVis,AP3B2wt-241-M,WT
AP3B2wt-241-M__0,1815,Ch F,LVis,AP3B2wt-241-M,WT
AP3B2wt-241-M__0,1815,Ch G,LBar,AP3B2wt-241-M,WT
AP3B2wt-241-M__0,1815,Ch H,LMot,AP3B2wt-241-M,WT
AP3B2wt-241-M__0,1815,Ch I,LHip,AP3B2wt-241-M,WT
AP3B2wt-241-M__0,1815,Ch J,RBar,AP3B2wt-241-M,WT
AP3B2wt-241-M__0,2685,Ch A,LHip,AP3B2wt-241-M,WT
AP3B2wt-241-M__0,2685,Ch B,LMot,AP3B2wt-241-M,WT
AP3B2wt-241-M__0,2685,Ch C,LAud,AP3B2wt-241-M,WT
AP3B2wt-241-M__0,2685,Ch D,RAud,AP3B2wt-241-M,WT
AP3B2wt-241-M__0,2685,Ch E,LBar,AP3B2wt-241-M,WT
AP3B2wt-241-M__0,2685,Ch F,LVis,AP3B2wt-241-M,WT
AP3B2wt-241-M__0,2685,Ch G,RHip,AP3B2wt-241-M,WT
AP3B2wt-241-M__0,2685,Ch H,RVis,AP3B2wt-241-M,WT
AP3B2wt-241-M__0,2685,Ch I,RMot,AP3B2wt-241-M,WT
AP3B2wt-241-M__0,2685,Ch J,RBar,AP3B2wt-241-M,WT
AP3B2wt-241-M__0,3454,Ch A,LBar,AP3B2wt-241-M,WT
AP3B2wt-241-M__0,3454,Ch B,RBar,AP3B2wt-241-M,WT
AP3B2wt-241-M__0,3454,Ch C,RAud,AP3B2wt-241-M,WT
AP3B2wt-241-M__0,3454,Ch D,LVis,AP3B2wt-241-M,WT
AP3B2wt-241-M__0,3454,Ch E,LHip,AP3B2wt-241-M,WT
AP3B2wt-241-M__0,3454,Ch F,RMot,AP3B2wt-241-M,WT
AP3B2wt-241-M__0,3454,Ch G,RVis,AP3B2wt-241-M,WT
AP3B2wt-241-M__0,3454,Ch H,RHip,AP3B2wt-241-M,WT
AP3B2wt-241-M__0,3454,Ch I,LMot,AP3B2wt-241-M,WT
AP3B2wt-241-M__0,3454,Ch J,LAud,AP3B2wt-241-M,WT
AP3B2wt-241-M__0,5748,Ch A,LMot,AP3B2wt-241-M,WT
AP3B2wt-241-M__0,5748,Ch B,RHip,AP3B2wt-241-M,WT
AP3B2wt-241-M__0,5748,Ch C,LHip,AP3B2wt-241-M,WT
AP3B2wt-241-M__0,5748,Ch D,LAud,AP3B2wt-241-M,WT
AP3B2wt-241-M__0,5748,Ch E,RBar,AP3B2wt-241-M,WT
AP3B2wt-241-M__0,5748,Ch F,RMot,AP3B2wt-241-M,WT
AP3B2wt-241-M__0,5748,Ch G,RAud,AP3B2wt-241-M,WT
AP3B2wt-241-M__0,5748,Ch H,RVis,AP3B2wt-241-M,WT
AP3B2wt-241-M__0,5748,Ch I,LVis,AP3B2wt-241-M,WT
AP3B2wt-241-M__0,5748,Ch J,LBar,AP3B2wt-241-M,WT
AP3B2wt-241-M__0,7629,Ch A,RBar,AP3B2wt-241-M,WT
AP3B2wt-241-M__0,7629,Ch B,RAud,AP3B2wt-241-M,WT
AP3B2wt-241-M__0,7629,Ch C,RMot,AP3B2wt-241-M,WT
AP3B2wt-241-M__0,7629,Ch D,LBar,AP3B2wt-241-M,WT
AP3B2wt-241-M__0,7629,Ch E,LVis,AP3B2wt-241-M,WT
AP3B2wt-241-M__0,7629,Ch F,LAud,AP3B2wt-241-M,WT
AP3B2wt-241-M__0,7629,Ch G,LMot,AP3B2wt-241-M,WT
AP3B2wt-241-M__0,7629,Ch H,LHip,AP3B2wt-241-M,WT
AP3B2wt-241-M__0,7629,Ch I,RVis,AP3B2wt-241-M,WT
AP3B2wt-241-M__0,7629,Ch J,RHip,AP3B2wt-241-M,WT
AP3B2wt-241-M__0,7772,Ch A,RMot,AP3B2wt-241-M,WT
AP3B2wt-241-M__0,7772,Ch B,RAud,AP3B2wt-241-M,WT
AP3B2wt-241-M__0,7772,Ch C,LMot,AP3B2wt-241-M,WT
AP3B2wt-241-M__0,7772,Ch D,LAud,AP3B2wt-241-M,WT
AP3B2wt-241-M__0,7772,Ch E,RHip,AP3B2wt-241-M,WT
AP3B2wt-241-M__0,7772,Ch F,LBar,AP3B2wt-241-M,WT
AP3B2wt-241-M__0,7772,Ch G,RVis,AP3B2wt-241-M,WT
AP3B2wt-241-M__0,7772,Ch H,LHip,AP3B2wt-241-M,WT
AP3B2wt-241-M__0,7772,Ch I,RBar,AP3B2wt-241-M,WT
AP3B2wt-241-M__0,7772,Ch J,LVis,AP3B2wt-241-M,WT
AP3B2wt-241-M__1,3864,Ch A,LBar,AP3B2wt-241-M,WT
AP3B2wt-241-M__1,3864,Ch B,LAud,AP3B2wt-241-M,WT
AP3B2wt-241-M__1,3864,Ch C,LMot,AP3B2wt-241-M,WT
AP3B2wt-241-M__1,3864,Ch D,RAud,AP3B2wt-241-M,WT
AP3B2wt-241-M__1,3864,Ch E,RMot,AP3B2wt-241-M,WT
AP3B2wt-241-M__1,3864,Ch F,RBar,AP3B2wt-241-M,WT
AP3B2wt-241-M__1,3864,Ch G,RHip,AP3B2wt-241-M,WT
AP3B2wt-241-M__1,3864,Ch H,RVis,AP3B2wt-241-M,WT
AP3B2wt-241-M__1,3864,Ch I,LVis,AP3B2wt-241-M,WT
AP3B2wt-241-M__1,3864,Ch J,LHip,AP3B2wt-241-M,WT
AP3B2wt-241-M__1,4406,Ch A,LBar,AP3B2wt-241-M,WT
AP3B2wt-241-M__1,4406,Ch B,RVis,AP3B2wt-241-M,WT
AP3B2wt-241-M__1,4406,Ch C,RHip,AP3B2wt-241-M,WT
AP3B2wt-241-M__1,4406,Ch D,RAud,AP3B2wt-241-M,WT
AP3B2wt-241-M__1,4406,Ch E,LAud,AP3B2wt-241-M,WT
AP3B2wt-241-M__1,4406,Ch F,RBar,AP3B2wt-241-M,WT
AP3B2wt-241-M__1,4406,Ch G,LHip,AP3B2wt-241-M,WT
AP3B2wt-241-M__1,4406,Ch H,LVis,AP3B2wt-241-M,WT
AP3B2wt-241-M__1,4406,Ch I,RMot,AP3B2wt-241-M,WT
AP3B2wt-241-M__1,4406,Ch J,LMot,AP3B2wt-241-M,WT
AP3B2wt-241-M__1,4665,Ch A,LMot,AP3B2wt-241-M,WT
AP3B2wt-241-M__1,4665,Ch B,LBar,AP3B2wt-241-M,WT
AP3B2wt-241-M__1,4665,Ch C,RHip,AP3B2wt-241-M,WT
AP3B2wt-241-M__1,4665,Ch D,LAud,AP3B2wt-241-M,WT
AP3B2wt-241-M__1,4665,Ch E,LHip,AP3B2wt-241-M,WT
AP3B2wt-241-M__1,4665,Ch F,RVis,AP3B2wt-241-M,WT
AP3B2wt-241-M__1,4665,Ch G,RAud,AP3B2wt-241-M,WT
AP3B2wt-241-M__1,4665,Ch H,RBar,AP3B2wt-241-M,WT
AP3B2wt-241-M__1,4665,Ch I,LVis,AP3B2wt-241-M,WT
AP3B2wt-241-M__1,4665,Ch J,RMot,AP3B2wt-241-M,WT
AP3B2wt-241-M__1,5411,Ch A,LHip,AP3B2wt-241-M,WT
AP3B2wt-241-M__1,5411,Ch B,RVis,AP3B2wt-241-M,WT
AP3B2wt-241-M__1,5411,Ch C,LVis,AP3B2wt-241-M,WT
AP3B2wt-241-M__1,5411,Ch D,LAud,AP3B2wt-241-M,WT
AP3B2wt-241-M__1,5411,Ch E,RBar,AP3B2wt-241-M,WT
AP3B2wt-241-M__1,5411,Ch F,RAud,AP3B2wt-241-M,WT
AP3B2wt-241-M__1,5411,Ch G,RHip,AP3B2wt-241-M,WT
AP3B2wt-241-M__1,5411,Ch H,RMot,AP3B2wt-241-M,WT
AP3B2wt-241-M__1,5411,Ch I,LMot,AP3B2wt-241-M,WT
AP3B2wt-241-M__1,5411,Ch J,LBar,AP3B2wt-241-M,WT
AP3B2wt-241-M__1,7946,Ch A,RVis,AP3B2wt-241-M,WT
AP3B2wt-241-M__1,7946,Ch B,RMot,AP3B2wt-241-M,WT
AP3B2wt-241-M__1,7946,Ch C,LHip,AP3B2wt-241-M,WT
AP3B2wt-241-M__1,7946,Ch D,RHip,AP3B2wt-241-M,WT
AP3B2wt-241-M__1,7946,Ch E,LVis,AP3B2wt-241-M,WT
AP3B2wt-241-M__1,7946,Ch F,RAud,AP3B2wt-241-M,WT
AP3B2wt-241-M__1,7946,Ch G,LBar,AP3B2wt-241-M,WT
AP3B2wt-241-M__1,7946,Ch H,LMot,AP3B2wt-241-M,WT
AP3B2wt-241-M__1,7946,Ch I,RBar,AP3B2wt-241-M,WT
AP3B2wt-241-M__1,7946,Ch J,LAud,AP3B2wt-241-M,WT
AP3B2wt-241-M__1,11179,Ch A,LBar,AP3B2wt-241-M,WT
AP3B2wt-241-M__1,11179,Ch B,LAud,AP3B2wt-241-M,WT
AP3B2wt-241-M__1,11179,Ch C,LMot,AP3B2wt-241-M,WT
AP3B2wt-241-M__1,11179,Ch D,RHip,AP3B2wt-241-M,WT
AP3B2wt-241-M__1,11179,Ch E,LHip,AP3B2wt-241-M,WT
AP3B2wt-241-M__1,11179,Ch F,RMot,AP3B2wt-241-M,WT
AP3B2wt-241-M__1,11179,Ch G,RAud,AP3B2wt-241-M,WT
AP3B2wt-241-M__1,11179,Ch H,RVis,AP3B2wt-241-M,WT
AP3B2wt-241-M__1,11179,Ch I,LVis,AP3B2wt-241-M,WT
AP3B2wt-241-M__1,11179,Ch J,RBar,AP3B2wt-241-M,WT
AP3B2wt-241-M__1,11958,Ch A,RHip,AP3B2wt-241-M,WT
AP3B2wt-241-M__1,11958,Ch B,RMot,AP3B2wt-241-M,WT
AP3B2wt-241-M__1,11958,Ch C,RBar,AP3B2wt-241-M,WT
AP3B2wt-241-M__1,11958,Ch D,LAud,AP3B2wt-241-M,WT
AP3B2wt-241-M__1,11958,Ch E,LMot,AP3B2wt-241-M,WT
AP3B2wt-241-M__1,11958,Ch F,LHip,AP3B2wt-241-M,WT
AP3B2wt-241-M__1,11958,Ch G,LBar,AP3B2wt-241-M,WT
AP3B2wt-241-M__1,11958,Ch H,LVis,AP3B2wt-241-M,WT
AP3B2wt-241-M__1,11958,Ch I,RVis,AP3B2wt-241-M,WT
AP3B2wt-241-M__1,11958,Ch J,RAud,AP3B2wt-241-M,WT
AP3B2wt-241-M__1,13598,Ch A,RMot,AP3B2wt-241-M,WT
AP3B2wt-241-M__1,13598,Ch B,LAud,AP3B2wt-241-M,WT
AP3B2wt-241-M__1,13598,Ch C,LHip,AP3B2wt-241-M,WT
AP3B2wt-241-M__1,13598,Ch D,RAud,AP3B2wt-241-M,WT
AP3B2wt-241-M__1,13598,Ch E,LVis,AP3B2wt-241-M,WT
AP3B2wt-241-M__1,13598,Ch F,RBar,AP3B2wt-241-M,WT
AP3B2wt-241-M__1,13598,Ch G,LMot,AP3B2wt-241-M,WT
AP3B2wt-241-M__1,13598,Ch H,RHip,AP3B2wt-241-M,WT
AP3B2wt-241-M__1,13598,Ch I,LBar,AP3B2wt-241-M,WT
AP3B2wt-241-M__1,13598,Ch J,RVis,AP3B2wt-241-M,WT
AP3B2wt-241-M__2,5971,Ch A,RMot,AP3B2wt-241-M,WT
AP3B2wt-241-M__2,5971,Ch B,LBar,AP3B2wt-241-M,WT
AP3B2wt-241-M__2,5971,Ch C,RHip,AP3B2wt-241-M,WT
AP3B2wt-241-M__2,5971,Ch D,RVis,AP3B2wt-241-M,WT
AP3B2wt-241-M__2,5971,Ch E,LAud,AP3B2wt-241-M,WT
AP3B2wt-241-M__2,5971,Ch F,LHip,AP3B2wt-241-M,WT
AP3B2wt-241-M__2,5971,Ch G,LVis,AP3B2wt-241-M,WT
AP3B2wt-241-M__2,5971,Ch H,LMot,AP3B2wt-241-M,WT
AP3B2wt-241-M__2,5971,Ch I,RBar,AP3B2wt-241-M,WT
AP3B2wt-241-M__2,5971,Ch J,RAud,AP3B2wt-241-M,WT
AP3B2wt-241-M__2,18467,Ch A,RMot,AP3B2wt-241-M,WT
AP3B2wt-241-M__2,18467,Ch B,RHip,AP3B2wt-241-M,WT
AP3B2wt-241-M__2,18467,Ch C,LHip,AP3B2wt-241-M,WT
AP3B2wt-241-M__2,18467,Ch D,LVis,AP3B2wt-241-M,WT
AP3B2wt-241-M__2,18467,Ch E,RBar,AP3B2wt-241-M,WT
AP3B2wt-241-M__2,18467,Ch F,LMot,AP3B2wt-241-M,WT
AP3B2wt-241-M__2,18467,Ch G,RVis,AP3B2wt-241-M,WT
AP3B2wt-241-M__2,18467,Ch H,LBar,AP3B2wt-241-M,WT
AP3B2wt-241-M__2,18467,Ch I,RAud,AP3B2wt-241-M,WT
AP3B2wt-241-M__2,18467,Ch J,LAud,AP3B2wt-241-M,WT
AP3B2wt-241-M__2,21865,Ch A,LVis,AP3B2wt-241-M,WT
AP3B2wt-241-M__2,21865,Ch B,RHip,AP3B2wt-241-M,WT
AP3B2wt-241-M__2,21865,Ch C,RVis,AP3B2wt-241-M,WT
AP3B2wt-241-M__2,21865,Ch D,LAud,AP3B2wt-241-M,WT
AP3B2wt-241-M__2,21865,Ch E,RBar,AP3B2wt-241-M,WT
AP3B2wt-241-M__2,21865,Ch F,LMot,AP3B2wt-241-M,WT
AP3B2wt-241-M__2,21865,Ch G,LHip,AP3B2wt-241-M,WT
AP3B2wt-241-M__2,21865,Ch H,RMot,AP3B2wt-241-M,WT
AP3B2wt-241-M__2,21865,Ch I,LBar,AP3B2wt-241-M,WT
AP3B2wt-241-M__2,21865,Ch J,RAud,AP3B2wt-241-M,WT
AP3B2wt-241-M__2,25664,Ch A,LAud,AP3B2wt-241-M,WT
AP3B2wt-241-M__2,25664,Ch B,RHip,AP3B2wt-241-M,WT
AP3B2wt-241-M__2,25664,Ch C,RMot,AP3B2wt-241-M,WT
AP3B2wt-241-M__2,25664,Ch D,RVis,AP3B2wt-241-M,WT
AP3B2wt-241-M__2,25664,Ch E,RAud,AP3B2wt-241-M,WT
AP3B2wt-241-M__2,25664,Ch F,LVis,AP3B2wt-241-M,WT
AP3B2wt-241-M__2,25664,Ch G,LHip,AP3B2wt-241-M,WT
AP3B2wt-241-M__2,25664,Ch H,LBar,AP3B2wt-241-M,WT
AP3B2wt-241-M__2,25664,Ch I,LMot,AP3B2wt-241-M,WT
AP3B2wt-241-M__2,25664,Ch J,RBar,AP3B2wt-241-M,WT
AP3B2wt-241-M__2,31915,Ch A,LAud,AP3B2wt-241-M,WT
AP3B2wt-241-M__2,31915,Ch B,LMot,AP3B2wt-241-M,WT
AP3B2wt-241-M__2,31915,Ch C,RHip,AP3B2wt-241-M,WT
AP3B2wt-241-M__2,31915,Ch D,LVis,AP3B2wt-241-M,WT
AP3B2wt-241-M__2,31915,Ch E,LHip,AP3B2wt-241-M,WT
AP3B2wt-241-M__2,31915,Ch F,RVis,AP3B2wt-241-M,WT
AP3B2wt-241-M__2,31915,Ch G,LBar,AP3B2wt-241-M,WT
AP3B2wt-241-M__2,31915,Ch H,RBar,AP3B2wt-241-M,WT
AP3B2wt-241-M__2,31915,Ch I,RAud,AP3B2wt-241-M,WT
AP3B2wt-241-M__2,31915,Ch J,RMot,AP3B2wt-241-M,WT
AP3B2wt-241-M__2,32930,Ch A,LAud,AP3B2wt-241-M,WT
AP3B2wt-241-M__2,32930,Ch B,RMot,AP3B2wt-241-M,WT
AP3B2wt-241-M__2,32930,Ch C,RBar,AP3B2wt-241-M,WT
AP3B2wt-241-M__2,32930,Ch D,LHip,AP3B2wt-241-M,WT
AP3B2wt-241-M__2,32930,Ch E,LBar,AP3B2wt-241-M,WT
AP3B2wt-241-M__2,32930,Ch F,LVis,AP3B2wt-241-M,WT
AP3B2wt-241-M__2,32930,Ch G,LMot,AP3B2wt-241-M,WT
AP3B2wt-241-M__2,32930,Ch H,RHip,AP3B2wt-241-M,WT
AP3B2wt-241-M__2,32930,Ch I,RVis,AP3B2wt-241-M,WT
AP3B2wt-241-M__2,32930,Ch J,RAud,AP3B2wt-241-M,WT
AP3B2wt-241-M__2,37775,Ch A,LMot,AP3B2wt-241-M,WT
AP3B2wt-241-M__2,37775,Ch B,LAud,AP3B2wt-241-M,WT
AP3B2wt-241-M__2,37775,Ch C,RBar,AP3B2wt-241-M,WT
AP3B2wt-241-M__2,37775,Ch D,RVis,AP3B2wt-241-M,WT
AP3B2wt-241-M__2,37775,Ch E,RHip,AP3B2wt-241-M,WT
AP3B2wt-241-M__2,37775,Ch F,LBar,AP3B2wt-241-M,WT
AP3B2wt-241-M__2,37775,Ch G,RAud,AP3B2wt-241-M,WT
AP3B2wt-241-M__2,37775,Ch H,LHip,AP3B2wt-241-M,WT
AP3B2wt-241-M__2,37775,Ch I,RMot,AP3B2wt-241-M,WT
AP3B2wt-241-M__2,37775,Ch J,LVis,AP3B2wt-241-M,WT
AP3B2wt-241-M__2,38398,Ch A,RMot,AP3B2wt-241-M,WT
AP3B2wt-241-M__2,38398,Ch B,LVis,AP3B2wt-241-M,WT
AP3B2wt-241-M__2,38398,Ch C,RVis,AP3B2wt-241-M,WT
AP3B2wt-241-M__2,38398,Ch D,LAud,AP3B2wt-241-M,WT
AP3B2wt-241-M__2,38398,Ch E,RAud,AP3B2wt-241-M,WT
AP3B2wt-241-M__2,38398,Ch F,RBar,AP3B2wt-241-M,WT
AP3B2wt-241-M__2,38398,Ch G,RHip,AP3B2wt-241-M,WT
AP3B2wt-241-M__2,38398,Ch H,LMot,AP3B2wt-241-M,WT
AP3B2wt-241-M__2,38398,Ch I,LHip,AP3B2wt-241-M,WT
AP3B2wt-241-M__2,38398,Ch J,LBar,AP3B2wt-241-M,WT
AP3B2wt-247-F__0,575,Ch A,LHip,AP3B2wt-247-F,WT
AP3B2wt-247-F__0,575,Ch B,LBar,AP3B2wt-247-F,WT
AP3B2wt-247-F__0,575,Ch C,RVis,AP3B2wt-247-F,WT
AP3B2wt-247-F__0,575,Ch D,RMot,AP3B2wt-247-F,WT
AP3B2wt-247-F__0,575,Ch E,LAud,AP3B2wt-247-F,WT
AP3B2wt-247-F__0,575,Ch F,RBar,AP3B2wt-247-F,WT
AP3B2wt-247-F__0,575,Ch G,RHip,AP3B2wt-247-F,WT
AP3B2wt-247-F__0,575,Ch H,LMot,AP3B2wt-247-F,WT
AP3B2wt-247-F__0,575,Ch I,LVis,AP3B2wt-247-F,WT
AP3B2wt-247-F__0,575,Ch J,RAud,AP3B2wt-247-F,WT
AP3B2wt-247-F__0,2860,Ch A,RVis,AP3B2wt-247-F,WT
AP3B2wt-247-F__0,2860,Ch B,LVis,AP3B2wt-247-F,WT
AP3B2wt-247-F__0,2860,Ch C,RBar,AP3B2wt-247-F,WT
AP3B2wt-247-F__0,2860,Ch D,LAud,AP3B2wt-247-F,WT
AP3B2wt-247-F__0,2860,Ch E,RMot,AP3B2wt-247-F,WT
AP3B2wt-247-F__0,2860,Ch F,LMot,AP3B2wt-247-F,WT
AP3B2wt-247-F__0,2860,Ch G,RAud,AP3B2wt-247-F,WT
AP3B2wt-247-F__0,2860,Ch H,LBar,AP3B2wt-247-F,WT
AP3B2wt-247-F__0,2860,Ch I,LHip,AP3B2wt-247-F,WT
AP3B2wt-247-F__0,2860,Ch J,RHip,AP3B2wt-247-F,WT
AP3B2wt-247-F__0,5933,Ch A,RBar,AP3B2wt-247-F,WT
AP3B2wt-247-F__0,5933,Ch B,RVis,AP3B2wt-247-F,WT
AP3B2wt-247-F__0,5933,Ch C,RAud,AP3B2wt-247-F,WT
AP3B2wt-247-F__0,5933,Ch D,LHip,AP3B2wt-247-F,WT
AP3B2wt-247-F__0,5933,Ch E,LMot,AP3B2wt-247-F,WT
AP3B2wt-247-F__0,5933,Ch F,LAud,AP3B2wt-247-F,WT
AP3B2wt-247-F__0,5933,Ch G,LVis,AP3B2wt-247-F,WT
AP3B2wt-247-F__0,5933,Ch H,LBar,AP3B2wt-247-F,WT
AP3B2wt-247-F__0,5933,Ch I,RHip,AP3B2wt-247-F,WT
AP3B2wt-247-F__0,5933,Ch J,RMot,AP3B2wt-247-F,WT
AP3B2wt-247-F__0,8321,Ch A,LVis,AP3B2wt-247-F,WT
AP3B2wt-247-F__0,8321,Ch B,LMot,AP3B2wt-247-F,WT
AP3B2wt-247-F__0,8321,Ch C,LHip,AP3B2wt-247-F,WT
AP3B2wt-247-F__0,8321,Ch D,RVis,AP3B2wt-247-F,WT
AP3B2wt-247-F__0,8321,Ch E,RMot,AP3B2wt-247-F,WT
AP3B2wt-247-F__0,8321,Ch F,LBar,AP3B2wt-247-F,WT
AP3B2wt-247-F__0,8321,Ch G,RHip,AP3B2wt-247-F,WT
AP3B2wt-247-F__0,8321,Ch H,RAud,AP3B2wt-247-F,WT
AP3B2wt-247-F__0,8321,Ch I,LAud,AP3B2wt-247-F,WT
AP3B2wt-247-F__0,8321,Ch J,RBar,AP3B2wt-247-F,WT
AP3B2wt-247-F__0,10920,Ch A,LBar,AP3B2wt-247-F,WT
AP3B2wt-247-F__0,10920,Ch B,LHip,AP3B2wt-247-F,WT
AP3B2wt-247-F__0,10920,Ch C,LVis,AP3B2wt-247-F,WT
AP3B2wt-247-F__0,10920,Ch D,LAud,AP3B2wt-247-F,WT
AP3B2wt-247-F__0,10920,Ch E,RAud,AP3B2wt-247-F,WT
AP3B2wt-247-F__0,10920,Ch F,RHip,AP3B2wt-247-F,WT
AP3B2wt-247-F__0,10920,Ch G,RBar,AP3B2wt-247-F,WT
AP3B2wt-247-F__0,10920,Ch H,RVis,AP3B2wt-247-F,WT
AP3B2wt-247-F__0,10920,Ch I,RMot,AP3B2wt-247-F,WT
AP3B2wt-247-F__0,10920,Ch J,LMot,AP3B2wt-247-F,WT
AP3B2wt-247-F__0,11115,Ch A,RAud,AP3B2wt-247-F,WT
AP3B2wt-247-F__0,11115,Ch B,RBar,AP3B2wt-247-F,WT
AP3B2wt-247-F__0,11115,Ch C,LVis,AP3B2wt-247-F,WT
AP3B2wt-247-F__0,11115,Ch D,RHip,AP3B2wt-247-F,WT
AP3B2wt-247-F__0,11115,Ch E,LAud,AP3B2wt-247-F,WT
AP3B2wt-247-F__0,11115,Ch F,RVis,AP3B2wt-247-F,WT
AP3B2wt-247-F__0,11115,Ch G,RMot,AP3B2wt-247-F,WT
AP3B2wt-247-F__0,11115,Ch H,LBar,AP3B2wt-247-F,WT
AP3B2wt-247-F__0,11115,Ch I,LHip,AP3B2wt-247-F,WT
AP3B2wt-247-F__0,11115,Ch J,LMot,AP3B2wt-247-F,WT
AP3B2wt-247-F__0,15867,Ch A,LMot,AP3B2wt-247-F,WT
AP3B2wt-247-F__0,15867,Ch B,LBar,AP3B2wt-247-F,WT
AP3B2wt-247-F__0,15867,Ch C,RMot,AP3B2wt-247-F,WT
AP3B2wt-247-F__0,15867,Ch D,RBar,AP3B2wt-247-F,WT
AP3B2wt-247-F__0,15867,Ch E,RVis,AP3B2wt-247-F,WT
AP3B2wt-247-F__0,15867,Ch F,LAud,AP3B2wt-247-F,WT
AP3B2wt-247-F__0,15867,Ch G,LVis,AP3B2wt-247-F,WT
AP3B2wt-247-F__0,15867,Ch H,RHip,AP3B2wt-247-F,WT
AP3B2wt-247-F__0,15867,Ch I,LHip,AP3B2wt-247-F,WT
AP3B2wt-247-F__0,15867,Ch J,RAud,AP3B2wt-247-F,WT
AP3B2wt-247-F__1,1097,Ch A,LHip,AP3B2wt-247-F,WT
AP3B2wt-247-F__1,1097,Ch B,RMot,AP3B2wt-247-F,WT
AP3B2wt-247-F__1,1097,Ch C,RAud,AP3B2wt-247-F,WT
AP3B2wt-247-F__1,1097,Ch D,RBar,AP3B2wt-247-F,WT
AP3B2wt-247-F__1,1097,Ch E,LVis,AP3B2wt-247-F,WT
AP3B2wt-247-F__1,1097,Ch F,LAud,AP3B2wt-247-F,WT
AP3B2wt-247-F__1,1097,Ch G,LBar,AP3B2wt-247-F,WT
AP3B2wt-247-F__1,1097,Ch H,RVis,AP3B2wt-247-F,WT
AP3B2wt-247-F__1,1097,Ch I,RHip,AP3B2wt-247-F,WT
AP3B2wt-247-F__1,1097,Ch J,LMot,AP3B2wt-247-F,WT
AP3B2wt-247-F__1,1795,Ch A,LMot,AP3B2wt-247-F,WT
AP3B2wt-247-F__1,1795,Ch B,LHip,AP3B2wt-247-F,WT
AP3B2wt-247-F__1,1795,Ch C,LAud,AP3B2wt-247-F,WT
AP3B2wt-247-F__1,1795,Ch D,RMot,AP3B2wt-247-F,WT
AP3B2wt-247-F__1,1795,Ch E,RVis,AP3B2wt-247-F,WT
AP3B2wt-247-F__1,1795,Ch F,RBar,AP3B2wt-247-F,WT
AP3B2wt-247-F__1,1795,Ch G,LBar,AP3B2wt-247-F,WT
AP3B2wt-247-F__1,1795,Ch H,LVis,AP3B2wt-247-F,WT
AP3B2wt-247-F__1,1795,Ch I,RHip,AP3B2wt-247-F,WT
AP3B2wt-247-F__1,1795,Ch J,RAud,AP3B2wt-247-F,WT
AP3B2wt-247-F__1,1990,Ch A,LHip,AP3B2wt-247-F,WT
AP3B2wt-247-F__1,1990,Ch B,LAud,AP3B2wt-247-F,WT
AP3B2wt-247-F__1,1990,Ch C,RVis,AP3B2wt-247-F,WT
AP3B2wt-247-F__1,1990,Ch D,RBar,AP3B2wt-247-F,WT
AP3B2wt-247-F__1,1990,Ch E,RHip,AP3B2wt-247-F,WT
AP3B2wt-247-F__1,1990,Ch F,LMot,AP3B2wt-247-F,WT
AP3B2wt-247-F__1,1990,Ch G,LBar,AP3B2wt-247-F,WT
AP3B2wt-247-F__1,1990,Ch H,RMot,AP3B2wt-247-F,WT
AP3B2wt-247-F__1,1990,Ch I,RAud,AP3B2wt-247-F,WT
AP3B2wt-247-F__1,1990,Ch J,LVis,AP3B2wt-247-F,WT
AP3B2wt-247-F__1,5398,Ch A,RHip,AP3B2wt-247-F,WT
AP3B2wt-247-F__1,5398,Ch B,LHip,AP3B2wt-247-F,WT
AP3B2wt-247-F__1,5398,Ch C,RBar,AP3B2wt-247-F,WT
AP3B2wt-247-F__1,5398,Ch D,RMot,AP3B2wt-247-F,WT
AP3B2wt-247-F__1,5398,Ch E,LMot,AP3B2wt-247-F,WT
AP3B2wt-247-F__1,5398,Ch F,LVis,AP3B2wt-247-F,WT
AP3B2wt-247-F__1,5398,Ch G,LAud,AP3B2wt-247-F,WT
AP3B2wt-247-F__1,5398,Ch H,RAud,AP3B2wt-247-F,WT
AP3B2wt-247-F__1,5398,Ch I,LBar,AP3B2wt-247-F,WT
AP3B2wt-247-F__1,5398,Ch J,RVis,AP3B2wt-247-F,WT
AP3B2wt-247-F__1,7603,Ch A,LHip,AP3B2wt-247-F,WT
AP3B2wt-247-F__1,7603,Ch B,LAud,AP3B2wt-247-F,WT
AP3B2wt-247-F__1,7603,Ch C,RVis,AP3B2wt-247-F,WT
AP3B2wt-247-F__1,7603,Ch D,RHip,AP3B2wt-247-F,WT
AP3B2wt-247-F__1,7603,Ch E,LBar,AP3B2wt-247-F,WT
AP3B2wt-247-F__1,7603,Ch F,RBar,AP3B2wt-247-F,WT
AP3B2wt-247-F__1,7603,Ch G,RAud,AP3B2wt-247-F,WT
AP3B2wt-247-F__1,7603,Ch H,RMot,AP3B2wt-247-F,WT
AP3B2wt-247-F__1,7603,Ch I,LVis,AP3B2wt-247-F,WT
AP3B2wt-247-F__1,7603,Ch J,LMot,AP3B2wt-247-F,WT
AP3B2wt-247-F__1,10882,Ch A,RHip,AP3B2wt-247-F,WT
AP3B2wt-247-F__1,10882,Ch B,LHip,AP3B2wt-247-F,WT
AP3B2wt-247-F__1,10882,Ch C,LVis,AP3B2wt-247-F,WT
AP3B2wt-247-F__1,10882,Ch D,LAud,AP3B2wt-247-F,WT
AP3B2wt-247-F__1,10882,Ch E,LBar,AP3B2wt-247-F,WT
AP3B2wt-247-F__1,10882,Ch F,RVis,AP3B2wt-247-F,WT
AP3B2wt-247-F__1,10882,Ch G,RAud,AP3B2wt-247-F,WT
AP3B2wt-247-F__1,10882,Ch H,LMot,AP3B2wt-247-F,WT
AP3B2wt-247-F__1,10882,Ch I,RMot,AP3B2wt-247-F,WT
AP3B2wt-247-F__1,10882,Ch J,RBar,AP3B2wt-247-F,WT
AP3B2wt-247-F__2,896,Ch A,LMot,AP3B2wt-247-F,WT
AP3B2wt-247-F__2,896,Ch B,RMot,AP3B2wt-247-F,WT
AP3B2wt-247-F__2,896,Ch C,RHip,AP3B2wt-247-F,WT
AP3B2wt-247-F__2,896,Ch D,LAud,AP3B2wt-247-F,WT
AP3B2wt-247-F__2,896,Ch E,LHip,AP3B2wt-247-F,WT
AP3B2wt-247-F__2,896,Ch F,RVis,AP3B2wt-247-F,WT
AP3B2wt-247-F__2,896,Ch G,LBar,AP3B2wt-247-F,WT
AP3B2wt-247-F__2,896,Ch H,RAud,AP3B2wt-247-F,WT
AP3B2wt-247-F__2,896,Ch I,LVis,AP3B2wt-247-F,WT
AP3B2wt-247-F__2,896,Ch J,RBar,AP3B2wt-247-F,WT
AP3B2wt-247-F__2,1135,Ch A,RVis,AP3B2wt-247-F,WT
AP3B2wt-247-F__2,1135,Ch B,RAud,AP3B2wt-247-F,WT
AP3B2wt-247-F__2,1135,Ch C,LMot,AP3B2wt-247-F,WT
AP3B2wt-247-F__2,1135,Ch D,RMot,AP3B2wt-247-F,WT
AP3B2wt-247-F__2,1135,Ch E,LVis,AP3B2wt-247-F,WT
AP3B2wt-247-F__2,1135,Ch F,RHip,AP3B2wt-247-F,WT
AP3B2wt-247-F__2,1135,Ch G,LBar,AP3B2wt-247-F,WT
AP3B2wt-247-F__2,1135,Ch H,LHip,AP3B2wt-247-F,WT
AP3B2wt-247-F__2,1135,Ch I,LAud,AP3B2wt-247-F,WT
AP3B2wt-247-F__2,1135,Ch J,RBar,AP3B2wt-247-F,WT
AP3B2wt-247-F__2,2107,Ch A,RAud,AP3B2wt-247-F,WT
AP3B2wt-247-F__2,2107,Ch B,LMot,AP3B2wt-247-F,WT
AP3B2wt-247-F__2,2107,Ch C,RBar,AP3B2wt-247-F,WT
AP3B2wt-247-F__2,2107,Ch D,LBar,AP3B2wt-247-F,WT
AP3B2wt-247-F__2,2107,Ch E,LHip,AP3B2wt-247-F,WT
AP3B2wt-247-F__2,2107,Ch F,LAud,AP3B2wt-247-F,WT
AP3B2wt-247-F__2,2107,Ch G,RVis,AP3B2wt-247-F,WT
AP3B2wt-247-F__2,2107,Ch H,RMot,AP3B2wt-247-F,WT
AP3B2wt-247-F__2,2107,Ch I,RHip,AP3B2wt-247-F,WT
AP3B2wt-247-F__2,2107,Ch J,LVis,AP3B2wt-247-F,WT
AP3B2wt-247-F__2,14325,Ch A,RHip,AP3B2wt-247-F,WT
AP3B2wt-247-F__2,14325,Ch B,RBar,AP3B2wt-247-F,WT
AP3B2wt-247-F__2,14325,Ch C,RMot,AP3B2wt-247-F,WT
AP3B2wt-247-F__2,14325,Ch D,LBar,AP3B2wt-247-F,WT
AP3B2wt-247-F__2,14325,Ch E,LHip,AP3B2wt-247-F,WT
AP3B2wt-247-F__2,14325,Ch F,LVis,AP3B2wt-247-F,WT
AP3B2wt-247-F__2,14325,Ch G,RVis,AP3B2wt-247-F,WT
AP3B2wt-247-F__2,14325,Ch H,RAud,AP3B2wt-247-F,WT
AP3B2wt-247-F__2,14325,Ch I,LAud,AP3B2wt-247-F,WT
AP3B2wt-247-F__2,14325,Ch J,LMot,AP3B2wt-247-F,WT
AP3B2wt-247-F__2,14326,Ch A,RVis,AP3B2wt-247-F,WT
AP3B2wt-247-F__2,14326,Ch B,LAud,AP3B2wt-247-F,WT
AP3B2wt-247-F__2,14326,Ch C,RAud,AP3B2wt-247-F,WT
AP3B2wt-247-F__2,14326,Ch D,LBar,AP3B2wt-247-F,WT
AP3B2wt-247-F__2,14326,Ch E,LHip,AP3B2wt-247-F,WT
AP3B2wt-247-F__2,14326,Ch F,LVis,AP3B2wt-247-F,WT
AP3B2wt-247-F__2,14326,Ch G,LMot,AP3B2wt-247-F,WT
AP3B2wt-247-F__2,14326,Ch H,RBar,AP3B2wt-247-F,WT
AP3B2wt-247-F__2,14326,Ch I,RMot,AP3B2wt-247-F,WT
AP3B2wt-247-F__2,14326,Ch J,RHip,AP3B2wt-247-F,WT
AP3B2wt-247-F__2,14453,Ch A,LHip,AP3B2wt-247-F,WT
AP3B2wt-247-F__2,14453,Ch B,LMot,AP3B2wt-247-F,WT
AP3B2wt-247-F__2,14453,Ch C,RBar,AP3B2wt-247-F,WT
AP3B2wt-247-F__2,14453,Ch D,LAud,AP3B2wt-247-F,WT
AP3B2wt-247-F__2,14453,Ch E,LVis,AP3B2wt-247-F,WT
AP3B2wt-247-F__2,14453,Ch F,RVis,AP3B2wt-247-F,WT
AP3B2wt-247-F__2,14453,Ch G,RAud,AP3B2wt-247-F,WT
AP3B2wt-247-F__2,14453,Ch H,RHip,AP3B2wt-247-F,WT
AP3B2wt-247-F__2,14453,Ch I,LBar,AP3B2wt-247-F,WT
AP3B2wt-247-F__2,14453,Ch J,RMot,AP3B2wt-247-F,WT
AP3B2wt-247-F__3,119,Ch A,RAud,AP3B2wt-247-F,WT
AP3B2wt-247-F__3,119,Ch B,LAud,AP3B2wt-247-F,WT
AP3B2wt-247-F__3,119,Ch C,RMot,AP3B2wt-247-F,WT
AP3B2wt-247-F__3,119,Ch D,LHip,AP3B2wt-247-F,WT
AP3B2wt-247-F__3,119,Ch E,LBar,AP3B2wt-247-F,WT
AP3B2wt-247-F__3,119,Ch F,RBar,AP3B2wt-247-F,WT
AP3B2wt-247-F__3,119,Ch G,RHip,AP3B2wt-247-F,WT
AP3B2wt-247-F__3,119,Ch H,RVis,AP3B2wt-247-F,WT
AP3B2wt-247-F__3,119,Ch I,LMot,AP3B2wt-247-F,WT
AP3B2wt-247-F__3,119,Ch J,LVis,AP3B2wt-247-F,WT
AP3B2wt-247-F__3,1161,Ch A,LAud,AP3B2wt-247-F,WT
AP3B2wt-247-F__3,1161,Ch B,LHip,AP3B2wt-247-F,WT
AP3B2wt-247-F__3,1161,Ch C,RBar,AP3B2wt-247-F,WT
AP3B2wt-247-F__3,1161,Ch D,LVis,AP3B2wt-247-F,WT
AP3B2wt-247-F__3,1161,Ch E,LMot,AP3B2wt-247-F,WT
AP3B2wt-247-F__3,1161,Ch F,RAud,AP3B2wt-247-F,WT
AP3B2wt-247-F__3,1161,Ch G,RHip,AP3B2wt-247-F,WT
AP3B2wt-247-F__3,1161,Ch H,LBar,AP3B2wt-247-F,WT
AP3B2wt-247-F__3,1161,Ch I,RMot,AP3B2wt-247-F,WT
AP3B2wt-247-F__3,1161,Ch J,RVis,AP3B2wt-247-F,WT
AP3B2wt-247-F__3,5259,Ch A,LAud,AP3B2wt-247-F,WT
AP3B2wt-247-F__3,5259,Ch B,LVis,AP3B2wt-247-F,WT
AP3B2wt-247-F__3,5259,Ch C,RVis,AP3B2wt-247-F,WT
AP3B2wt-247-F__3,5259,Ch D,LHip,AP3B2wt-247-F,WT
AP3B2wt-247-F__3,5259,Ch E,RHip,AP3B2wt-247-F,WT
AP3B2wt-247-F__3,5259,Ch F,LBar,AP3B2wt-247-F,WT
AP3B2wt-247-F__3,5259,Ch G,RBar,AP3B2wt-247-F,WT
AP3B2wt-247-F__3,5259,Ch H,RAud,AP3B2wt-247-F,WT
AP3B2wt-247-F__3,5259,Ch I,RMot,AP3B2wt-247-F,WT
AP3B2wt-247-F__3,5259,Ch J,LMot,AP3B2wt-247-F,WT
AP3B2wt-247-F__3,8269,Ch A,LBar,AP3B2wt-247-F,WT
AP3B2wt-247-F__3,8269,Ch B,RAud,AP3B2wt-247-F,WT
AP3B2wt-247-F__3,8269,Ch C,RMot,AP3B2wt-247-F,WT
AP3B2wt-247-F__3,8269,Ch D,LVis,AP3B2wt-247-F,WT
AP3B2wt-247-F__3,8269,Ch E,LMot,AP3B2wt-247-F,WT
AP3B2wt-247-F__3,8269,Ch F,LHip,AP3B2wt-247-F,WT
AP3B2wt-247-F__3,8269,Ch G,RHip,AP3B2wt-247-F,WT
AP3B2wt-247-F__3,8269,Ch H,RBar,AP3B2wt-247-F,WT
AP3B2wt-247-F__3,8269,Ch I,LAud,AP3B2wt-247-F,WT
AP3B2wt-247-F__3,8269,Ch J,RVis,AP3B2wt-247-F,WT
AP3B2wt-247-F__3,8633,Ch A,LBar,AP3B2wt-247-F,WT
AP3B2wt-247-F__3,8633,Ch B,RAud,AP3B2wt-247-F,WT
AP3B2wt-247-F__3,8633,Ch C,LVis,AP3B2wt-247-F,WT
AP3B2wt-247-F__3,8633,Ch D,LHip,AP3B2wt-247-F,WT
AP3B2wt-247-F__3,8633,Ch E,RMot,AP3B2wt-247-F,WT
AP3B2wt-247-F__3,8633,Ch F,RVis,AP3B2wt-247-F,WT
AP3B2wt-247-F__3,8633,Ch G,LAud,AP3B2wt-247-F,WT
AP3B2wt-247-F__3,8633,Ch H,LMot,AP3B2wt-247-F,WT
AP3B2wt-247-F__3,8633,Ch I,RHip,AP3B2wt-247-F,WT
AP3B2wt-247-F__3,8633,Ch J,RBar,AP3B2wt-247-F,WT
AP3B2wt-247-F__3,9318,Ch A,LVis,AP3B2wt-247-F,WT
AP3B2wt-247-F__3,9318,Ch B,LMot,AP3B2wt-247-F,WT
AP3B2wt-247-F__3,9318,Ch C,LAud,AP3B2wt-247-F,WT
AP3B2wt-247-F__3,9318,Ch D,RVis,AP3B2wt-247-F,WT
AP3B2wt-247-F__3,9318,Ch E,RHip,AP3B2wt-247-F,WT
AP3B2wt-247-F__3,9318,Ch F,LBar,AP3B2wt-247-F,WT
AP3B2wt-247-F__3,9318,Ch G,RMot,AP3B2wt-247-F,WT
AP3B2wt-247-F__3,9318,Ch H,RBar,AP3B2wt-247-F,WT
AP3B2wt-247-F__3,9318,Ch I,RAud,AP3B2wt-247-F,WT
AP3B2wt-247-F__3,9318,Ch J,LHip,AP3B2wt-247-F,WT
AP3B2wt236-F__0,1781,Ch A,LBar,AP3B2wt236-F,WT
AP3B2wt236-F__0,1781,Ch B,RBar,AP3B2wt236-F,WT
AP3B2wt236-F__0,1781,Ch C,LHip,AP3B2wt236-F,WT
AP3B2wt236-F__0,1781,Ch D,LAud,AP3B2wt236-F,WT
AP3B2wt236-F__0,1781,Ch E,RHip,AP3B2wt236-F,WT
AP3B2wt236-F__0,1781,Ch F,RAud,AP3B2wt236-F,WT
AP3B2wt236-F__0,1781,Ch G,RMot,AP3B2wt236-F,WT
AP3B2wt236-F__0,1781,Ch H,LVis,AP3B2wt236-F,WT
AP3B2wt236-F__0,1781,Ch I,LMot,AP3B2wt236-F,WT
AP3B2wt236-F__0,1781,Ch J,RVis,AP3B2wt236-F,WT
AP3B2wt236-F__0,2454,Ch A,RHip,AP3B2wt236-F,WT
AP3B2wt236-F__0,2454,Ch B,RVis,AP3B2wt236-F,WT
AP3B2wt236-F__0,2454,Ch C,RAud,AP3B2wt236-F,WT
AP3B2wt236-F__0,2454,Ch D,LMot,AP3B2wt236-F,WT
AP3B2wt236-F__0,2454,Ch E,LAud,AP3B2wt236-F,WT
AP3B2wt236-F__0,2454,Ch F,LVis,AP3B2wt236-F,WT
AP3B2wt236-F__0,2454,Ch G,LBar,AP3B2wt236-F,WT
AP3B2wt236-F__0,2454,Ch H,RMot,AP3B2wt236-F,WT
AP3B2wt236-F__0,2454,Ch I,LHip,AP3B2wt236-F,WT
AP3B2wt236-F__0,2454,Ch J,RBar,AP3B2wt236-F,WT
AP3B2wt236-F__0,3872,Ch A,RHip,AP3B2wt236-F,WT
AP3B2wt236-F__0,3872,Ch B,LMot,AP3B2wt236-F,WT
AP3B2wt236-F__0,3872,Ch C,RBar,AP3B2wt236-F,WT
AP3B2wt236-F__0,3872,Ch D,LAud,AP3B2wt236-F,WT
AP3B2wt236-F__0,3872,Ch E,LBar,AP3B2wt236-F,WT
AP3B2wt236-F__0,3872,Ch F,RAud,AP3B2wt236-F,WT
AP3B2wt236-F__0,3872,Ch G,RVis,AP3B2wt236-F,WT
AP3B2wt236-F__0,3872,Ch H,LHip,AP3B2wt236-F,WT
AP3B2wt236-F__0,3872,Ch I,RMot,AP3B2wt236-F,WT
AP3B2wt236-F__0,3872,Ch J,LVis,AP3B2wt236-F,WT
AP3B2wt236-F__0,4842,Ch A,RAud,AP3B2wt236-F,WT
AP3B2wt236-F__0,4842,Ch B,RBar,AP3B2wt236-F,WT
AP3B2wt236-F__0,4842,Ch C,LVis,AP3B2wt236-F,WT
AP3B2wt236-F__0,4842,Ch D,RVis,AP3B2wt236-F,WT
AP3B2wt236-F__0,4842,Ch E,LAud,AP3B2wt236-F,WT
AP3B2wt236-F__0,4842,Ch F,LHip,AP3B2wt236-F,WT
AP3B2wt236-F__0,4842,Ch G,RMot,AP3B2wt236-F,WT
AP3B2wt236-F__0,4842,Ch H,LBar,AP3B2wt236-F,WT
AP3B2wt236-F__0,4842,Ch I,LMot,AP3B2wt236-F,WT
AP3B2wt236-F__0,4842,Ch J,RHip,AP3B2wt236-F,WT
AP3B2wt236-F__0,5700,Ch A,LVis,AP3B2wt236-F,WT
AP3B2wt236-F__0,5700,Ch B,RBar,AP3B2wt236-F,WT
AP3B2wt236-F__0,5700,Ch C,RHip,AP3B2wt236-F,WT
AP3B2wt236-F__0,5700,Ch D,LAud,AP3B2wt236-F,WT
AP3B2wt236-F__0,5700,Ch E,LMot,AP3B2wt236-F,WT
AP3B2wt236-F__0,5700,Ch F,LBar,AP3B2wt236-F,WT
AP3B2wt236-F__0,5700,Ch G,RVis,AP3B2wt236-F,WT
AP3B2wt236-F__0,5700,Ch H,RMot,AP3B2wt236-F,WT
AP3B2wt236-F__0,5700,Ch I,LHip,AP3B2wt236-F,WT
AP3B2wt236-F__0,5700,Ch J,RAud,AP3B2wt236-F,WT
AP3B2wt236-F__0,7273,Ch A,RBar,AP3B2wt236-F,WT
AP3B2wt236-F__0,7273,Ch B,LBar,AP3B2wt236-F,WT
AP3B2wt236-F__0,7273,Ch C,RMot,AP3B2wt236-F,WT
AP3B2wt236-F__0,7273,Ch D,LHip,AP3B2wt236-F,WT
AP3B2wt236-F__0,7273,Ch E,LMot,AP3B2wt236-F,WT
AP3B2wt236-F__0,7273,Ch F,RAud,AP3B2wt236-F,WT
AP3B2wt236-F__0,7273,Ch G,LAud,AP3B2wt236-F,WT
AP3B2wt236-F__0,7273,Ch H,RVis,AP3B2wt236-F,WT
AP3B2wt236-F__0,7273,Ch I,RHip,AP3B2wt236-F,WT
AP3B2wt236-F__0,7273,Ch J,LVis,AP3B2wt236-F,WT
AP3B2wt236-F__0,8974,Ch A,RAud,AP3B2wt236-F,WT
AP3B2wt236-F__0,8974,Ch B,RVis,AP3B2wt236-F,WT
AP3B2wt236-F__0,8974,Ch C,RMot,AP3B2wt236-F,WT
AP3B2wt236-F__0,8974,Ch D,LVis,AP3B2wt236-F,WT
AP3B2wt236-F__0,8974,Ch E,RHip,AP3B2wt236-F,WT
AP3B2wt236-F__0,8974,Ch F,LHip,AP3B2wt236-F,WT
AP3B2wt236-F__0,8974,Ch G,LBar,AP3B2wt236-F,WT
AP3B2wt236-F__0,8974,Ch H,RBar,AP3B2wt236-F,WT
AP3B2wt236-F__0,8974,Ch I,LMot,AP3B2wt236-F,WT
AP3B2wt236-F__0,8974,Ch J,LAud,AP3B2wt236-F,WT
AP3B2wt236-F__1,4612,Ch A,RHip,AP3B2wt236-F,WT
AP3B2wt236-F__1,4612,Ch B,RAud,AP3B2wt236-F,WT
AP3B2wt236-F__1,4612,Ch C,RMot,AP3B2wt236-F,WT
AP3B2wt236-F__1,4612,Ch D,RBar,AP3B2wt236-F,WT
AP3B2wt236-F__1,4612,Ch E,LMot,AP3B2wt236-F,WT
AP3B2wt236-F__1,4612,Ch F,LHip,AP3B2wt236-F,WT
AP3B2wt236-F__1,4612,Ch G,LAud,AP3B2wt236-F,WT
AP3B2wt236-F__1,4612,Ch H,LVis,AP3B2wt236-F,WT
AP3B2wt236-F__1,4612,Ch I,RVis,AP3B2wt236-F,WT
AP3B2wt236-F__1,4612,Ch J,LBar,AP3B2wt236-F,WT
AP3B2wt236-F__1,8598,Ch A,RBar,AP3B2wt236-F,WT
AP3B2wt236-F__1,8598,Ch B,LMot,AP3B2wt236-F,WT
AP3B2wt236-F__1,8598,Ch C,LAud,AP3B2wt236-F,WT
AP3B2wt236-F__1,8598,Ch D,RHip,AP3B2wt236-F,WT
AP3B2wt236-F__1,8598,Ch E,LBar,AP3B2wt236-F,WT
AP3B2wt236-F__1,8598,Ch F,LVis,AP3B2wt236-F,WT
AP3B2wt236-F__1,8598,Ch G,LHip,AP3B2wt236-F,WT
AP3B2wt236-F__1,8598,Ch H,RAud,AP3B2wt236-F,WT
AP3B2wt236-F__1,8598,Ch I,RMot,AP3B2wt236-F,WT
AP3B2wt236-F__1,8598,Ch J,RVis,AP3B2wt236-F,WT
AP3B2wt236-F__1,15947,Ch A,LBar,AP3B2wt236-F,WT
AP3B2wt236-F__1,15947,Ch B,LVis,AP3B2wt236-F,WT
AP3B2wt236-F__1,15947,Ch C,LHip,AP3B2wt236-F,WT
AP3B2wt236-F__1,15947,Ch D,LAud,AP3B2wt236-F,WT
AP3B2wt236-F__1,15947,Ch E,RBar,AP3B2wt236-F,WT
AP3B2wt236-F__1,15947,Ch F,RVis,AP3B2wt236-F,WT
AP3B2wt236-F__1,15947,Ch G,RHip,AP3B2wt236-F,WT
AP3B2wt236-F__1,15947,Ch H,RAud,AP3B2wt236-F,WT
AP3B2wt236-F__1,15947,Ch I,RMot,AP3B2wt236-F,WT
AP3B2wt236-F__1,15947,Ch J,LMot,AP3B2wt236-F,WT
AP3B2wt236-F__1,17966,Ch A,RVis,AP3B2wt236-F,WT
AP3B2wt236-F__1,17966,Ch B,RBar,AP3B2wt236-F,WT
AP3B2wt236-F__1,17966,Ch C,LMot,AP3B2wt236-F,WT
AP3B2wt236-F__1,17966,Ch D,RHip,AP3B2wt236-F,WT
AP3B2wt236-F__1,17966,Ch E,LHip,AP3B2wt236-F,WT
AP3B2wt236-F__1,17966,Ch F,RMot,AP3B2wt236-F,WT
AP3B2wt236-F__1,17966,Ch G,LVis,AP3B2wt236-F,WT
AP3B2wt236-F__1,17966,Ch H,RAud,AP3B2wt236-F,WT
AP3B2wt236-F__1,17966,Ch I,LBar,AP3B2wt236-F,WT
AP3B2wt236-F__1,17966,Ch J,LAud,AP3B2wt236-F,WT
AP3B2wt236-F__1,18240,Ch A,RVis,AP3B2wt236-F,WT
AP3B2wt236-F__1,18240,Ch B,LAud,AP3B2wt236-F,WT
AP3B2wt236-F__1,18240,Ch C,RMot,AP3B2wt236-F,WT
AP3B2wt236-F__1,18240,Ch D,LBar,AP3B2wt236-F,WT
AP3B2wt236-F__1,18240,Ch E,RBar,AP3B2wt236-F,WT
AP3B2wt236-F__1,18240,Ch F,RAud,AP3B2wt236-F,WT
AP3B2wt236-F__1,18240,Ch G,RHip,AP3B2wt236-F,WT
AP3B2wt236-F__1,18240,Ch H,LVis,AP3B2wt236-F,WT
AP3B2wt236-F__1,18240,Ch I,LMot,AP3B2wt236-F,WT
AP3B2wt236-F__1,18240,Ch J,LHip,AP3B2wt236-F,WT
AP3B2wt236-F__1,19497,Ch A,RHip,AP3B2wt236-F,WT
AP3B2wt236-F__1,19497,Ch B,LVis,AP3B2wt236-F,WT
AP3B2wt236-F__1,19497,Ch C,RVis,AP3B2wt236-F,WT
AP3B2wt236-F__1,19497,Ch D,RAud,AP3B2wt236-F,WT
AP3B2wt236-F__1,19497,Ch E,LHip,AP3B2wt236-F,WT
AP3B2wt236-F__1,19497,Ch F,LMot,AP3B2wt236-F,WT
AP3B2wt236-F__1,19497,Ch G,LAud,AP3B2wt236-F,WT
AP3B2wt236-F__1,19497,Ch H,LBar,AP3B2wt236-F,WT
AP3B2wt236-F__1,19497,Ch I,RBar,AP3B2wt236-F,WT
AP3B2wt236-F__1,19497,Ch J,RMot,AP3B2wt236-F,WT
AP3B2wt236-F__2,1709,Ch A,LMot,AP3B2wt236-F,WT
AP3B2wt236-F__2,1709,Ch B,LHip,AP3B2wt236-F,WT
AP3B2wt236-F__2,1709,Ch C,RHip,AP3B2wt236-F,WT
AP3B2wt236-F__2,1709,Ch D,RVis,AP3B2wt236-F,WT
AP3B2wt236-F__2,1709,Ch E,LBar,AP3B2wt236-F,WT
AP3B2wt236-F__2,1709,Ch F,LVis,AP3B2wt236-F,WT
AP3B2wt236-F__2,1709,Ch G,RBar,AP3B2wt236-F,WT
AP3B2wt236-F__2,1709,Ch H,RAud,AP3B2wt236-F,WT
AP3B2wt236-F__2,1709,Ch I,RMot,AP3B2wt236-F,WT
AP3B2wt236-F__2,1709,Ch J,LAud,AP3B2wt236-F,WT
AP3B2wt236-F__2,4727,Ch A,LMot,AP3B2wt236-F,WT
AP3B2wt236-F__2,4727,Ch B,LHip,AP3B2wt236-F,WT
AP3B2wt236-F__2,4727,Ch C,LBar,AP3B2wt236-F,WT
AP3B2wt236-F__2,4727,Ch D,RBar,AP3B2wt236-F,WT
AP3B2wt236-F__2,4727,Ch E,RVis,AP3B2wt236-F,WT
AP3B2wt236-F__2,4727,Ch F,LVis,AP3B2wt236-F,WT
AP3B2wt236-F__2,4727,Ch G,RMot,AP3B2wt236-F,WT
AP3B2wt236-F__2,4727,Ch H,RAud,AP3B2wt236-F,WT
AP3B2wt236-F__2,4727,Ch I,RHip,AP3B2wt236-F,WT
AP3B2wt236-F__2,4727,Ch J,LAud,AP3B2wt236-F,WT
AP3B2wt236-F__2,4852,Ch A,RBar,AP3B2wt236-F,WT
AP3B2wt236-F__2,4852,Ch B,LAud,AP3B2wt236-F,WT
AP3B2wt236-F__2,4852,Ch C,LBar,AP3B2wt236-F,WT
AP3B2wt236-F__2,4852,Ch D,RVis,AP3B2wt236-F,WT
AP3B2wt236-F__2,4852,Ch E,LMot,AP3B2wt236-F,WT
AP3B2wt236-F__2,4852,Ch F,LVis,AP3B2wt236-F,WT
AP3B2wt236-F__2,4852,Ch G,LHip,AP3B2wt236-F,WT
AP3B2wt236-F__2,4852,Ch H,RMot,AP3B2wt236-F,WT
AP3B2wt236-F__2,4852,Ch I,RAud,AP3B2wt236-F,WT
AP3B2wt236-F__2,4852,Ch J,RHip,AP3B2wt236-F,WT
AP3B2wt236-F__2,4994,Ch A,RMot,AP3B2wt236-F,WT
AP3B2wt236-F__2,4994,Ch B,LBar,AP3B2wt236-F,WT
AP3B2wt236-F__2,4994,Ch C,LHip,AP3B2wt236-F,WT
AP3B2wt236-F__2,4994,Ch D,LVis,AP3B2wt236-F,WT
AP3B2wt236-F__2,4994,Ch E,RHip,AP3B2wt236-F,WT
AP3B2wt236-F__2,4994,Ch F,LMot,AP3B2wt236-F,WT
AP3B2wt236-F__2,4994,Ch G,RVis,AP3B2wt236-F,WT
AP3B2wt236-F__2,4994,Ch H,RAud,AP3B2wt236-F,WT
AP3B2wt236-F__2,4994,Ch I,RBar,AP3B2wt236-F,WT
AP3B2wt236-F__2,4994,Ch J,LAud,AP3B2wt236-F,WT
AP3B2wt236-F__2,6494,Ch A,RAud,AP3B2wt236-F,WT
AP3B2wt236-F__2,6494,Ch B,LBar,AP3B2wt236-F,WT
AP3B2wt236-F__2,6494,Ch C,RMot,AP3B2wt236-F,WT
AP3B2wt236-F__2,6494,Ch D,LMot,AP3B2wt236-F,WT
AP3B2wt236-F__2,6494,Ch E,LVis,AP3B2wt236-F,WT
AP3B2wt236-F__2,6494,Ch F,LHip,AP3B2wt236-F,WT
AP3B2wt236-F__2,6494,Ch G,RBar,AP3B2wt236-F,WT
AP3B2wt236-F__2,6494,Ch H,RVis,AP3B2wt236-F,WT
AP3B2wt236-F__2,6494,Ch I,LAud,AP3B2wt236-F,WT
AP3B2wt236-F__2,6494,Ch J,RHip,AP3B2wt236-F,WT
AP3B2wt236-F__2,8887,Ch A,RHip,AP3B2wt236-F,WT
AP3B2wt236-F__2,8887,Ch B,RVis,AP3B2wt236-F,WT
AP3B2wt236-F__2,8887,Ch C,RBar,AP3B2wt236-F,WT
AP3B2wt236-F__2,8887,Ch D,LHip,AP3B2wt236-F,WT
AP3B2wt236-F__2,8887,Ch E,LBar,AP3B2wt236-F,WT
AP3B2wt236-F__2,8887,Ch F,LAud,AP3B2wt236-F,WT
AP3B2wt236-F__2,8887,Ch G,LVis,AP3B2wt236-F,WT
AP3B2wt236-F__2,8887,Ch H,RMot,AP3B2wt236-F,WT
AP3B2wt236-F__2,8887,Ch I,LMot,AP3B2wt236-F,WT
AP3B2wt236-F__2,8887,Ch J,RAud,AP3B2wt236-F,WT
AP3B2wt236-F__3,31,Ch A,RAud,AP3B2wt236-F,WT
AP3B2wt236-F__3,31,Ch B,LHip,AP3B2wt236-F,WT
AP3B2wt236-F__3,31,Ch C,RVis,AP3B2wt236-F,WT
AP3B2wt236-F__3,31,Ch D,LMot,AP3B2wt236-F,WT
AP3B2wt236-F__3,31,Ch E,RHip,AP3B2wt236-F,WT
AP3B2wt236-F__3,31,Ch F,LVis,AP3B2wt236-F,WT
AP3B2wt236-F__3,31,Ch G,RBar,AP3B2wt236-F,WT
AP3B2wt236-F__3,31,Ch H,RMot,AP3B2wt236-F,WT
AP3B2wt236-F__3,31,Ch I,LBar,AP3B2wt236-F,WT
AP3B2wt236-F__3,31,Ch J,LAud,AP3B2wt236-F,WT
AP3B2wt236-F__3,9014,Ch A,LMot,AP3B2wt236-F,WT
AP3B2wt236-F__3,9014,Ch B,LBar,AP3B2wt236-F,WT
AP3B2wt236-F__3,9014,Ch C,RAud,AP3B2wt236-F,WT
AP3B2wt236-F__3,9014,Ch D,LAud,AP3B2wt236-F,WT
AP3B2wt236-F__3,9014,Ch E,RBar,AP3B2wt236-F,WT
AP3B2wt236-F__3,9014,Ch F,LHip,AP3B2wt236-F,WT
AP3B2wt236-F__3,9014,Ch G,LVis,AP3B2wt236-F,WT
AP3B2wt236-F__3,9014,Ch H,RVis,AP3B2wt236-F,WT
AP3B2wt236-F__3,9014,Ch I,RHip,AP3B2wt236-F,WT
AP3B2wt236-F__3,9014,Ch J,RMot,AP3B2wt236-F,WT
AP3B2wt236-F__3,9762,Ch A,LHip,AP3B2wt236-F,WT
AP3B2wt236-F__3,9762,Ch B,LVis,AP3B2wt236-F,WT
AP3B2wt236-F__3,9762,Ch C,RBar,AP3B2wt236-F,WT
AP3B2wt236-F__3,9762,Ch D,LBar,AP3B2wt236-F,WT
AP3B2wt236-F__3,9762,Ch E,RAud,AP3B2wt236-F,WT
AP3B2wt236-F__3,9762,Ch F,LMot,AP3B2wt236-F,WT
AP3B2wt236-F__3,9762,Ch G,RVis,AP3B2wt236-F,WT
AP3B2wt236-F__3,9762,Ch H,RMot,AP3B2wt236-F,WT
AP3B2wt236-F__3,9762,Ch I,LAud,AP3B2wt236-F,WT
AP3B2wt236-F__3,9762,Ch J,RHip,AP3B2wt236-F,WT
AP3B2wt236-F__3,10359,Ch A,LAud,AP3B2wt236-F,WT
AP3B2wt236-F__3,10359,Ch B,LHip,AP3B2wt236-F,WT
AP3B2wt236-F__3,10359,Ch C,RMot,AP3B2wt236-F,WT
AP3B2wt236-F__3,10359,Ch D,RAud,AP3B2wt236-F,WT
AP3B2wt236-F__3,10359,Ch E,RHip,AP3B2wt236-F,WT
AP3B2wt236-F__3,10359,Ch F,RVis,AP3B2wt236-F,WT
AP3B2wt236-F__3,10359,Ch G,RBar,AP3B2wt236-F,WT
AP3B2wt236-F__3,10359,Ch H,LVis,AP3B2wt236-F,WT
AP3B2wt236-F__3,10359,Ch I,LMot,AP3B2wt236-F,WT
AP3B2wt236-F__3,10359,Ch J,LBar,AP3B2wt236-F,WT
AP3B2wt236-F__3,11358,Ch A,RVis,AP3B2wt236-F,WT
AP3B2wt236-F__3,11358,Ch B,LVis,AP3B2wt236-F,WT
AP3B2wt236-F__3,11358,Ch C,LAud,AP3B2wt236-F,WT
AP3B2wt236-F__3,11358,Ch D,RMot,AP3B2wt236-F,WT
AP3B2wt236-F__3,11358,Ch E,RAud,AP3B2wt236-F,WT
AP3B2wt236-F__3,11358,Ch F,LBar,AP3B2wt236-F,WT
AP3B2wt236-F__3,11358,Ch G,RBar,AP3B2wt236-F,WT
AP3B2wt236-F__3,11358,Ch H,LHip,AP3B2wt236-F,WT
AP3B2wt236-F__3,11358,Ch I,RHip,AP3B2wt236-F,WT
AP3B2wt236-F__3,11358,Ch J,LMot,AP3B2wt236-F,WT
AP3B2wt236-F__3,16873,Ch A,LAud,AP3B2wt236-F,WT
AP3B2wt236-F__3,16873,Ch B,LHip,AP3B2wt236-F,WT
AP3B2wt236-F__3,16873,Ch C,LBar,AP3B2wt236-F,WT
AP3B2wt236-F__3,16873,Ch D,RBar,AP3B2wt236-F,WT
AP3B2wt236-F__3,16873,Ch E,RMot,AP3B2wt236-F,WT
AP3B2wt236-F__3,16873,Ch F,LMot,AP3B2wt236-F,WT
AP3B2wt236-F__3,16873,Ch G,LVis,AP3B2wt236-F,WT
AP3B2wt236-F__3,16873,Ch H,RAud,AP3B2wt236-F,WT
AP3B2wt236-F__3,16873,Ch I,RHip,AP3B2wt236-F,WT
AP3B2wt236-F__3,16873,Ch J,RVis,AP3B2wt236-F,WT
